TCGplayer Id,Product Line,Set Name,Product Name,Title,Number,Rarity,Condition,TCG Market Price,TCG Direct Low,TCG Low Price With Shipping,TCG Low Price,Total Quantity,Add to Quantity,TCG Marketplace Price,Photo URL
"5431","Magic","10th Edition","Furnace of Rath","","204","R","Near Mint","6.63","","8.8400","8.8400","0","0","7.3500",""
"6479","Magic","10th Edition","Rampant Growth","","288","C","Near Mint","0.35","","1.6300","0.3200","0","0","0.3300",""
"376316","Magic","10th Edition","Rampant Growth","","288","C","Lightly Played","0.37","","1.6100","0.3000","0","0","0.3200",""
"6831","Magic","10th Edition","Shunt","","233","R","Near Mint","0.78","","1.8800","0.5700","1","0","0.6100",""
"7199","Magic","10th Edition","Terramorphic Expanse","","360","C","Near Mint","0.19","","1.4000","0.0900","1","0","0.1500",""
"5798803","Magic","30th Anniversary Promos","Wood Elves","","5","P","Near Mint Foil","1.40","1.45","2.0500","0.7400","0","0","0.8800",""
"16938","Magic","7th Edition","Charcoal Diamond","","289","U","Near Mint","0.48","","1.7500","0.4400","0","0","0.4500",""
"16951","Magic","7th Edition","Counterspell","","67","C","Near Mint","1.54","","2.6900","1.3800","0","0","1.4100",""
"350372","Magic","7th Edition","Sulfurous Springs","","345","R","Heavily Played","3.57","","4.2600","2.9500","1","0","3.2600",""
"23515","Magic","8th Edition","Hammer of Bogardan","","193","R","Near Mint","0.34","0.46","1.5600","0.2500","0","0","0.2700",""
"23360","Magic","8th Edition","Rolling Stones","","38","R","Near Mint","1.28","","2.3800","1.0700","0","0","1.1100",""
"23637","Magic","8th Edition","Star Compass","","315","U","Near Mint","0.78","0.77","1.8000","0.4900","1","0","0.5500",""
"23492","Magic","8th Edition","Vampiric Spirit","","170","R","Near Mint","0.34","","1.5000","0.1900","1","0","0.2200",""
"24616","Magic","9th Edition","Adarkar Wastes","","317","R","Near Mint","4.23","","5.0100","3.4800","1","0","3.8600",""
"24645","Magic","9th Edition","Blinking Spirit","","8","R","Near Mint","0.32","","1.5100","0.2000","0","0","0.2300",""
"24647","Magic","9th Edition","Bloodfire Colossus","","177","R","Near Mint","0.29","","1.5100","0.2000","0","0","0.2200",""
"24733","Magic","9th Edition","Goblin King","","192","R","Near Mint","5.63","","6.2900","6.2900","0","0","6.2900",""
"24886","Magic","9th Edition","Soul Warden","","","U","Near Mint","3.04","","3.7400","2.4300","0","0","2.7400",""
"48757","Magic","9th Edition","Yavimaya Coast","","330","R","Near Mint Foil","19.99","","19.9900","19.9900","1","0","19.9900",""
"24954","Magic","9th Edition","Yavimaya Enchantress","","284","U","Near Mint","0.18","","1.4500","0.1400","0","0","0.1500",""
"5066930","Magic","Adventures in the Forgotten Realms","Bag of Holding","","240","U","Near Mint Foil","0.25","","1.4100","0.1000","1","0","0.1500",""
"5071115","Magic","Adventures in the Forgotten Realms","Barbarian Class","","131","U","Near Mint","0.19","0.24","1.4300","0.1200","0","0","0.1700",""
"5071235","Magic","Adventures in the Forgotten Realms","Bard Class","","217","R","Near Mint","0.50","0.48","1.7100","0.4000","0","0","0.4200",""
"5062725","Magic","Adventures in the Forgotten Realms","Barrowin of Clan Undurr","","218","U","Near Mint Foil","0.22","","1.4100","0.0900","1","0","0.1500",""
"5063550","Magic","Adventures in the Forgotten Realms","Barrowin of Clan Undurr (Showcase)","","336","U","Near Mint","0.09","0.05","1.3700","0.0600","1","0","0.1500",""
"5063555","Magic","Adventures in the Forgotten Realms","Barrowin of Clan Undurr (Showcase)","","336","U","Near Mint Foil","0.30","","1.4700","0.1600","1","0","0.1900",""
"5049705","Magic","Adventures in the Forgotten Realms","Black Dragon","","90","U","Near Mint","0.11","0.06","1.3200","0.0100","1","0","0.1500",""
"5083808","Magic","Adventures in the Forgotten Realms","Blink Dog","","3","U","Near Mint","0.11","0.08","1.3500","0.0400","0","0","0.1500",""
"5083918","Magic","Adventures in the Forgotten Realms","Blink Dog (Showcase)","","300","U","Near Mint","0.09","0.09","1.3600","0.0500","2","0","0.1500",""
"5078920","Magic","Adventures in the Forgotten Realms","Boots of Speed","","133","C","Near Mint","0.09","0.10","1.3500","0.0400","1","0","0.1500",""
"4950083","Magic","Adventures in the Forgotten Realms","Bruenor Battlehammer","","219","U","Near Mint","0.70","0.60","1.7700","0.4600","0","0","0.5100",""
"4950198","Magic","Adventures in the Forgotten Realms","Bruenor Battlehammer (Showcase)","","337","U","Near Mint","0.56","0.35","1.8100","0.5000","0","0","0.5100",""
"5069140","Magic","Adventures in the Forgotten Realms","Chaos Channeler","","136","U","Near Mint","0.13","0.10","1.4000","0.0900","1","0","0.1500",""
"5046783","Magic","Adventures in the Forgotten Realms","Circle of Dreams Druid","","176","R","Near Mint","5.15","5.69","5.6900","5.6900","0","0","4.8000",""
"5070895","Magic","Adventures in the Forgotten Realms","Cleric Class","","6","U","Near Mint","1.43","1.57","2.2700","0.9600","0","0","1.0400",""
"5080795","Magic","Adventures in the Forgotten Realms","Deadly Dispute","","94","C","Near Mint Foil","0.65","0.59","1.6100","0.2600","1","0","0.3700",""
"5065100","Magic","Adventures in the Forgotten Realms","Delina, Wild Mage","","138","R","Near Mint","5.30","5.91","5.2600","3.9500","0","0","4.6400",""
"5070275","Magic","Adventures in the Forgotten Realms","Delina, Wild Mage (Showcase)","","317","R","Near Mint","4.78","5.66","5.0000","3.1500","0","0","3.9300",""
"5048380","Magic","Adventures in the Forgotten Realms","Den of the Bugbear","","254","R","Near Mint","0.77","0.75","1.9500","0.6400","0","0","0.6700",""
"5048495","Magic","Adventures in the Forgotten Realms","Den of the Bugbear (Dungeon Module)","","351","R","Near Mint Foil","2.14","2.08","3.2000","1.8900","0","0","1.9400",""
"5052248","Magic","Adventures in the Forgotten Realms","Dragon Turtle (Showcase)","","307","R","Near Mint","0.24","0.23","1.4600","0.1500","0","0","0.1700",""
"5082933","Magic","Adventures in the Forgotten Realms","Dragon's Fire","","139","C","Near Mint Foil","0.23","","1.4800","0.1700","1","0","0.1700",""
"4950328","Magic","Adventures in the Forgotten Realms","Drizzt Do'Urden","","220","R","Near Mint","0.34","0.25","1.5500","0.2400","0","0","0.2600",""
"5072695","Magic","Adventures in the Forgotten Realms","Druid Class","","180","U","Near Mint","1.35","1.37","2.3600","1.0500","0","0","1.1100",""
"5058824","Magic","Adventures in the Forgotten Realms","Dungeon Map","","242","U","Near Mint","0.07","0.07","1.3600","0.0500","1","0","0.1500",""
"5078144","Magic","Adventures in the Forgotten Realms","Eye of Vecna","","243","R","Near Mint","0.41","","1.5600","0.2500","0","0","0.2800",""
"5070715","Magic","Adventures in the Forgotten Realms","Farideh, Devil's Chosen (Showcase)","","339","U","Near Mint","0.17","","1.3700","0.0600","0","0","0.1500",""
"5071355","Magic","Adventures in the Forgotten Realms","Fighter Class","","222","R","Near Mint","7.97","8.15","8.1500","6.1600","0","0","8.1500",""
"5048930","Magic","Adventures in the Forgotten Realms","Flameskull","","143","M","Near Mint","0.22","0.22","1.3800","0.0700","0","0","0.1500",""
"5035795","Magic","Adventures in the Forgotten Realms","Flumph","","15","R","Near Mint Foil","1.41","1.40","2.2900","0.9800","0","0","1.0700",""
"5061405","Magic","Adventures in the Forgotten Realms","Fly","","59","U","Near Mint Foil","0.19","0.17","1.4000","0.0900","1","0","0.1500",""
"5045538","Magic","Adventures in the Forgotten Realms","Forest (278)","","278","L","Near Mint Foil","0.15","0.14","1.3600","0.0500","1","0","0.1500",""
"5049815","Magic","Adventures in the Forgotten Realms","Gelatinous Cube","","105","R","Near Mint","0.17","0.17","1.4200","0.1100","0","0","0.1500",""
"5049925","Magic","Adventures in the Forgotten Realms","Gelatinous Cube (Showcase)","","313","R","Near Mint","0.24","0.14","1.3700","0.0600","0","0","0.1500",""
"5047555","Magic","Adventures in the Forgotten Realms","Grazilaxx, Illithid Scholar","","60","R","Near Mint","0.97","0.99","2.0600","0.7500","0","0","0.7900",""
"5047560","Magic","Adventures in the Forgotten Realms","Grazilaxx, Illithid Scholar","","60","R","Near Mint Foil","1.11","1.07","2.2700","0.9600","0","0","0.9900",""
"5064880","Magic","Adventures in the Forgotten Realms","Gretchen Titchwillow","","223","U","Near Mint","0.15","0.10","1.3900","0.0800","1","0","0.1500",""
"5064990","Magic","Adventures in the Forgotten Realms","Gretchen Titchwillow (Showcase)","","340","U","Near Mint","0.13","0.13","1.3900","0.0800","0","0","0.1500",""
"5055103","Magic","Adventures in the Forgotten Realms","Grim Wanderer","","107","U","Near Mint Foil","0.17","0.15","1.4200","0.1100","1","0","0.1500",""
"5066535","Magic","Adventures in the Forgotten Realms","Guardian of Faith","","18","R","Near Mint","4.84","3.99","5.0000","3.6900","0","0","4.2700",""
"5066645","Magic","Adventures in the Forgotten Realms","Guardian of Faith (Extended Art)","","362","R","Near Mint","5.03","5.99","5.0600","3.7500","1","0","4.3900",""
"5059049","Magic","Adventures in the Forgotten Realms","Hall of Storm Giants","","257","R","Near Mint Foil","0.74","0.45","1.7600","0.4500","0","0","0.5100",""
"5118621","Magic","Adventures in the Forgotten Realms","Hall of Storm Giants (Dungeon Module)","","354","R","Near Mint","0.82","0.90","1.8200","0.5100","0","0","0.5700",""
"5056953","Magic","Adventures in the Forgotten Realms","Hama Pashar, Ruin Seeker","","224","U","Near Mint","0.06","0.06","1.3400","0.0300","0","0","0.1500",""
"5056958","Magic","Adventures in the Forgotten Realms","Hama Pashar, Ruin Seeker","","224","U","Near Mint Foil","0.21","0.16","1.3900","0.0800","1","0","0.1500",""
"5057063","Magic","Adventures in the Forgotten Realms","Hama Pashar, Ruin Seeker (Showcase)","","341","U","Near Mint","0.12","0.07","1.3500","0.0400","2","0","0.1500",""
"5078314","Magic","Adventures in the Forgotten Realms","Hand of Vecna","","246","R","Near Mint","0.26","0.25","1.4600","0.1500","0","0","0.1700",""
"5065980","Magic","Adventures in the Forgotten Realms","Hoarding Ogre","","146","C","Near Mint","0.09","0.12","1.3700","0.0600","1","0","0.1500",""
"5078590","Magic","Adventures in the Forgotten Realms","Hobgoblin Bandit Lord","","147","R","Near Mint","2.65","2.98","3.6600","2.3500","0","0","2.4100",""
"5078595","Magic","Adventures in the Forgotten Realms","Hobgoblin Bandit Lord","","147","R","Near Mint Foil","2.80","2.81","3.8600","2.5500","0","0","2.6000",""
"5049265","Magic","Adventures in the Forgotten Realms","Icingdeath, Frost Tyrant (Borderless)","","287","M","Near Mint","1.95","1.99","3.1400","1.8300","0","0","1.8500",""
"5066315","Magic","Adventures in the Forgotten Realms","Kalain, Reclusive Painter","","225","U","Near Mint","0.29","0.25","1.4800","0.1700","0","0","0.1900",""
"5066320","Magic","Adventures in the Forgotten Realms","Kalain, Reclusive Painter","","225","U","Near Mint Foil","0.57","0.49","1.5600","0.2500","0","0","0.3100",""
"5066425","Magic","Adventures in the Forgotten Realms","Kalain, Reclusive Painter (Showcase)","","342","U","Near Mint","0.20","","1.4500","0.1400","0","0","0.1500",""
"5062830","Magic","Adventures in the Forgotten Realms","Krydle of Baldur's Gate","","226","U","Near Mint","0.22","0.20","1.4100","0.1000","4","0","0.1500",""
"5063660","Magic","Adventures in the Forgotten Realms","Krydle of Baldur's Gate (Showcase)","","343","U","Near Mint","0.15","0.11","1.3800","0.0700","2","0","0.1500",""
"5118676","Magic","Adventures in the Forgotten Realms","Lair of the Hydra (Dungeon Module)","","356","R","Near Mint","1.28","1.16","2.3100","1.0000","0","0","1.0600",""
"4949963","Magic","Adventures in the Forgotten Realms","Lolth, Spider Queen (Borderless)","","284","M","Near Mint","8.34","8.98","7.9800","6.9900","0","0","7.6700",""
"5083588","Magic","Adventures in the Forgotten Realms","Loyal Warhound","","23","R","Near Mint","0.50","0.49","1.5600","0.2200","0","0","0.2800",""
"5083593","Magic","Adventures in the Forgotten Realms","Loyal Warhound","","23","R","Near Mint Foil","0.64","0.64","1.8000","0.4900","0","0","0.5200",""
"5075944","Magic","Adventures in the Forgotten Realms","Monk Class","","228","R","Near Mint","0.36","0.35","1.5600","0.2500","0","0","0.2700",""
"5075946","Magic","Adventures in the Forgotten Realms","Monk Class","","228","R","Moderately Played","0.28","","1.7900","0.4800","0","0","0.4800",""
"5047775","Magic","Adventures in the Forgotten Realms","Moon-Blessed Cleric","","26","U","Near Mint","0.28","0.23","1.5100","0.2000","0","0","0.2200",""
"5042214","Magic","Adventures in the Forgotten Realms","Nadaar, Selfless Paladin","","27","R","Near Mint","0.26","0.25","1.4400","0.1300","0","0","0.1600",""
"5057503","Magic","Adventures in the Forgotten Realms","Ochre Jelly","","196","R","Near Mint","0.31","0.29","1.5200","0.2100","0","0","0.2300",""
"5047665","Magic","Adventures in the Forgotten Realms","Orb of Dragonkind","","157","R","Near Mint","1.24","0.99","2.2900","0.9800","0","0","1.0500",""
"5062940","Magic","Adventures in the Forgotten Realms","Orcus, Prince of Undeath","","229","R","Near Mint","0.26","0.25","1.5100","0.2000","0","0","0.2100",""
"5053718","Magic","Adventures in the Forgotten Realms","Oswald Fiddlebender","","28","R","Near Mint","1.46","","2.6100","1.3000","0","0","1.3300",""
"5074565","Magic","Adventures in the Forgotten Realms","Paladin Class","","29","R","Near Mint Foil","1.08","1.08","2.1000","0.7900","0","0","0.8500",""
"5064770","Magic","Adventures in the Forgotten Realms","Pixie Guide (Showcase)","","309","C","Near Mint","0.06","","1.3200","0.0100","2","0","0.1500",""
"5079140","Magic","Adventures in the Forgotten Realms","Priest of Ancient Lore","","35","C","Near Mint","0.10","0.10","1.3900","0.0800","1","0","0.1500",""
"4948737","Magic","Adventures in the Forgotten Realms","Prosperous Innkeeper","","200","U","Near Mint","0.23","0.13","1.3800","0.0700","0","0","0.1500",""
"5072255","Magic","Adventures in the Forgotten Realms","Ranger Class","","202","R","Near Mint","0.31","0.25","1.5000","0.1900","0","0","0.2100",""
"5071485","Magic","Adventures in the Forgotten Realms","Rogue Class","","230","R","Near Mint","0.81","","1.9100","0.6000","0","0","0.6400",""
"5068315","Magic","Adventures in the Forgotten Realms","Scaled Herbalist","","204","C","Near Mint","0.12","0.14","1.4000","0.0700","0","0","0.1500",""
"5068320","Magic","Adventures in the Forgotten Realms","Scaled Herbalist","","204","C","Near Mint Foil","0.26","0.18","1.4400","0.1300","0","0","0.1600",""
"5058273","Magic","Adventures in the Forgotten Realms","Shessra, Death's Whisper","","231","U","Near Mint","0.11","0.10","1.3200","0.0100","4","0","0.1500",""
"5058278","Magic","Adventures in the Forgotten Realms","Shessra, Death's Whisper","","231","U","Near Mint Foil","0.23","","1.3200","0.0100","1","0","0.1500",""
"5054378","Magic","Adventures in the Forgotten Realms","Shessra, Death's Whisper (Showcase)","","345","U","Near Mint","0.17","0.06","1.3200","0.0100","1","0","0.1500",""
"5071925","Magic","Adventures in the Forgotten Realms","Silver Raven","","74","C","Near Mint","0.08","0.10","1.3600","0.0500","2","0","0.1500",""
"5071926","Magic","Adventures in the Forgotten Realms","Silver Raven","","74","C","Lightly Played","0.13","0.10","1.3900","0.0800","0","0","0.1500",""
"5076604","Magic","Adventures in the Forgotten Realms","Skeletal Swarming","","232","R","Near Mint","0.20","0.11","1.4100","0.1000","0","0","0.1500",""
"5061950","Magic","Adventures in the Forgotten Realms","Skullport Merchant","","120","U","Near Mint","0.14","0.06","1.3700","0.0600","1","0","0.1500",""
"5071595","Magic","Adventures in the Forgotten Realms","Sorcerer Class","","233","R","Near Mint","1.23","","2.4000","1.0900","0","0","1.1000",""
"5058494","Magic","Adventures in the Forgotten Realms","Targ Nar, Demon-Fang Gnoll","","234","U","Near Mint","0.09","0.08","1.3300","0.0200","2","0","0.1500",""
"5035680","Magic","Adventures in the Forgotten Realms","Tasha's Hideous Laughter","","78","R","Near Mint","2.94","3.00","3.3100","2.0000","0","0","2.1900",""
"5075774","Magic","Adventures in the Forgotten Realms","Teleportation Circle","","39","R","Near Mint","8.72","8.92","8.4400","7.4500","0","0","9.0900",""
"5075779","Magic","Adventures in the Forgotten Realms","Teleportation Circle","","39","R","Near Mint Foil","9.29","9.29","9.7800","7.9900","0","0","9.9700",""
"5046553","Magic","Adventures in the Forgotten Realms","The Blackstaff of Waterdeep","","48","R","Near Mint","0.16","0.13","1.3600","0.0500","0","0","0.1500",""
"5064380","Magic","Adventures in the Forgotten Realms","The Deck of Many Things","","241","M","Near Mint","4.85","5.89","4.8100","3.5000","0","0","4.1700",""
"5064490","Magic","Adventures in the Forgotten Realms","The Deck of Many Things (Extended Art)","","392","M","Near Mint","5.57","5.48","5.7700","5.7700","0","0","5.7700",""
"5057943","Magic","Adventures in the Forgotten Realms","The Tarrasque","","207","M","Near Mint","2.88","2.99","4.1300","2.8200","0","0","2.8600",""
"5054268","Magic","Adventures in the Forgotten Realms","The Tarrasque (Showcase)","","333","M","Near Mint","2.66","","3.4800","2.1700","0","0","2.2700",""
"5080460","Magic","Adventures in the Forgotten Realms","Thieves' Tools","","122","C","Near Mint","0.10","0.03","1.3400","0.0300","2","0","0.1500",""
"4948962","Magic","Adventures in the Forgotten Realms","Tiamat (Borderless)","","298","M","Near Mint Foil","42.37","43.92","42.3500","42.3500","0","0","39.3000",""
"5075444","Magic","Adventures in the Forgotten Realms","Treasure Vault","","261","R","Near Mint","1.55","1.33","2.6000","1.2900","0","0","1.3500",""
"5118731","Magic","Adventures in the Forgotten Realms","Treasure Vault (Dungeon Module)","","358","R","Near Mint","3.35","3.41","3.8000","2.4900","0","0","2.9200",""
"5054488","Magic","Adventures in the Forgotten Realms","Trelasarra, Moon Dancer (Showcase)","","346","U","Near Mint","0.13","","1.4000","0.0900","2","0","0.1500",""
"5075004","Magic","Adventures in the Forgotten Realms","Unexpected Windfall","","164","C","Near Mint","1.30","1.28","2.2200","0.9100","0","0","0.9900",""
"5057283","Magic","Adventures in the Forgotten Realms","Varis, Silverymoon Ranger","","209","R","Near Mint","0.20","0.02","1.3900","0.0800","0","0","0.1500",""
"4949067","Magic","Adventures in the Forgotten Realms","Vorpal Sword","","124","R","Near Mint","1.25","","2.4100","1.1000","0","0","1.1200",""
"4949177","Magic","Adventures in the Forgotten Realms","Vorpal Sword (Extended Art)","","377","R","Near Mint","2.62","8.54","2.8100","1.5000","0","0","1.7200",""
"5071005","Magic","Adventures in the Forgotten Realms","Warlock Class","","125","U","Near Mint","0.09","","1.3200","0.0100","1","0","0.1500",""
"5056513","Magic","Adventures in the Forgotten Realms","Wish","","166","R","Near Mint","0.43","0.38","1.5100","0.2000","0","0","0.2500",""
"5056118","Magic","Adventures in the Forgotten Realms","Wish (Extended Art)","","382","R","Near Mint","0.50","0.49","1.4900","0.1800","0","0","0.2400",""
"5072365","Magic","Adventures in the Forgotten Realms","Wizard Class","","81","U","Near Mint","1.32","1.41","2.3100","1.0000","0","0","1.0600",""
"5072370","Magic","Adventures in the Forgotten Realms","Wizard Class","","81","U","Near Mint Foil","2.05","1.49","2.8000","1.4900","0","0","1.6000",""
"5058714","Magic","Adventures in the Forgotten Realms","Xanathar, Guild Kingpin","","239","M","Near Mint","1.07","0.99","2.2700","0.9600","0","0","0.9900",""
"5051247","Magic","Adventures in the Forgotten Realms","Xanathar, Guild Kingpin (Extended Art)","","391","M","Near Mint","1.91","3.97","3.0000","1.6900","0","0","1.7000",""
"5057613","Magic","Adventures in the Forgotten Realms","Zalto, Fire Giant Duke","","171","R","Near Mint","0.10","0.12","1.3200","0.0100","2","0","0.1500",""
"5057618","Magic","Adventures in the Forgotten Realms","Zalto, Fire Giant Duke","","171","R","Near Mint Foil","0.20","","1.4300","0.1200","1","0","0.1500",""
"3258560","Magic","Aether Revolt","Aethertide Whale","","27","R","Near Mint","0.11","","1.3200","0.0100","1","0","0.1500",""
"3255804","Magic","Aether Revolt","Consulate Crackdown","","11","R","Near Mint","0.18","","1.3400","0.0300","1","0","0.1500",""
"3258360","Magic","Aether Revolt","Disallow","","31","R","Near Mint","2.78","1.91","2.6300","1.3200","0","0","1.6200",""
"3259100","Magic","Aether Revolt","Felidar Guardian","","19","U","Near Mint","1.58","1.58","2.4900","1.1800","0","0","1.2600",""
"3257850","Magic","Aether Revolt","Gonti's Aether Heart","","152","M","Near Mint","0.99","1.01","1.8100","0.5000","0","0","0.6000",""
"3259180","Magic","Aether Revolt","Heroic Intervention","","109","R","Near Mint","10.87","12.29","9.9900","9.0000","0","0","10.7300",""
"3259320","Magic","Aether Revolt","Lifecrafter's Bestiary","","162","R","Near Mint","0.32","0.33","1.5300","0.2200","4","0","0.2400",""
"3258630","Magic","Aether Revolt","Metallic Rebuke","","39","C","Near Mint","0.27","","1.4800","0.1700","0","0","0.1900",""
"3259360","Magic","Aether Revolt","Midnight Entourage","","66","R","Near Mint","0.07","","1.3500","0.0400","1","0","0.1500",""
"3259390","Magic","Aether Revolt","Narnam Renegade","","117","U","Near Mint","0.19","0.19","1.4500","0.1400","0","0","0.1500",""
"3259410","Magic","Aether Revolt","Negate","","40","C","Near Mint","0.15","","1.4100","0.1000","1","0","0.1500",""
"3257780","Magic","Aether Revolt","Pia's Revolution","","91","R","Near Mint","0.43","","1.6900","0.3800","0","0","0.2900",""
"3254421","Magic","Aether Revolt","Scrap Trawler","","175","R","Near Mint","1.03","","2.3100","1.0000","0","0","1.0100",""
"3258520","Magic","Aether Revolt","Spire of Industry","","184","R","Near Mint","0.31","0.29","1.5000","0.1900","3","0","0.2100",""
"3257810","Magic","Aether Revolt","Sram, Senior Edificer","","23","R","Near Mint","1.49","5.98","2.0000","0.5000","0","0","0.7000",""
"3257820","Magic","Aether Revolt","Sram's Expertise","","24","R","Near Mint","0.43","0.45","1.5900","0.2800","0","0","0.3300",""
"3258185","Magic","Aether Revolt","Yahenni, Undying Partisan","","74","R","Near Mint","0.38","","1.5600","0.2500","0","0","0.2800",""
"8525891","Magic","Aetherdrift","Bleachbone Verge","","250","R","Near Mint","7.75","7.69","7.8500","7.8500","0","0","8.2700",""
"8525826","Magic","Aetherdrift","Bleachbone Verge (Borderless)","","371","R","Near Mint","9.60","9.89","9.8900","8.9000","0","0","9.3000",""
"8523234","Magic","Aetherdrift","Bloodghast (Borderless)","","337","R","Near Mint","1.15","0.84","1.9700","0.6600","1","0","0.7600",""
"8530507","Magic","Aetherdrift","Cursecloth Wrappings (Showcase)","","400","M","Near Mint Foil","10.93","12.25","9.6800","9.6800","0","0","10.3000",""
"8539348","Magic","Aetherdrift","District Mascot","","158","R","Near Mint Foil","0.63","0.42","1.5200","0.2100","1","0","0.2900",""
"8540763","Magic","Aetherdrift","District Mascot (Borderless)","","344","R","Near Mint","0.30","0.25","1.4200","0.1100","1","0","0.1500",""
"8524119","Magic","Aetherdrift","Hazoret, Godseeker","","133","M","Near Mint Foil","0.69","0.67","1.6600","0.3500","1","0","0.4200",""
"8524049","Magic","Aetherdrift","Hazoret, Godseeker (Borderless)","","347","M","Near Mint Foil","1.76","2.13","2.6000","1.2900","1","0","1.2900",""
"8550282","Magic","Aetherdrift","Howlsquad Heavy (Borderless)","","342","R","Near Mint","0.80","1.99","1.7900","0.4800","1","0","0.5500",""
"8535737","Magic","Aetherdrift","March of the World Ooze (Extended Art)","","388","M","Near Mint","1.76","2.04","2.4000","1.0900","1","0","1.2200",""
"8529333","Magic","Aetherdrift","Marketback Walker","","235","R","Near Mint","0.52","0.49","1.7600","0.4500","0","0","0.4600",""
"8529092","Magic","Aetherdrift","Momentum Breaker","","97","U","Near Mint","0.36","0.38","1.5000","0.1900","0","0","0.2200",""
"8526351","Magic","Aetherdrift","Muraganda Raceway (0396) (Extended Art)","","396","R","Near Mint Foil","0.90","0.99","1.9000","0.5900","1","0","0.6500",""
"8549174","Magic","Aetherdrift","Oviya, Automech Artisan","","173","R","Near Mint","0.51","0.49","1.8100","0.5000","0","0","0.5000",""
"8540183","Magic","Aetherdrift","Perilous Snare (First-Place Foil)","","430","R","Near Mint Foil","3.20","3.98","3.9900","2.6800","0","0","2.9400",""
"8545442","Magic","Aetherdrift","Spectacular Pileup","","29","R","Near Mint Foil","0.31","0.25","1.4600","0.1500","0","0","0.1800",""
"8538983","Magic","Aetherdrift","Stock Up","","67","U","Near Mint","5.49","5.45","5.4500","5.4500","0","0","5.5000",""
"8526811","Magic","Aetherdrift","Sunbillow Verge","","264","R","Near Mint","6.90","6.89","6.7500","6.7500","0","0","6.8000",""
"8526871","Magic","Aetherdrift","Swamp (0509) (First-Place Foil)","","509","L","Near Mint Foil","0.97","1.00","1.6100","0.3000","1","0","0.4400",""
"8542605","Magic","Aetherdrift","The Speed Demon","","105","M","Near Mint","1.06","1.02","2.2400","0.9300","0","0","0.9700",""
"8542065","Magic","Aetherdrift","Unstoppable Plan","","72","R","Near Mint","2.23","2.22","3.2500","1.9400","0","0","2.0000",""
"8522122","Magic","Aetherdrift","Vnwxt, Verbose Host (Borderless)","","356","R","Near Mint","0.50","0.51","1.6600","0.3500","0","0","0.3800",""
"8527121","Magic","Aetherdrift","Wastewood Verge","","268","R","Near Mint","4.61","4.63","5.0000","5.0000","0","0","5.0600",""
"8527056","Magic","Aetherdrift","Wastewood Verge (Borderless)","","374","R","Near Mint","4.84","4.94","6.0500","1.0600","0","0","2.9500",""
"8527336","Magic","Aetherdrift","Willowrush Verge","","270","R","Near Mint Foil","7.02","7.89","6.5000","6.5000","1","0","6.8300",""
"8527241","Magic","Aetherdrift","Willowrush Verge (Borderless)","","375","R","Near Mint","5.99","6.28","6.0300","4.7200","0","0","5.3600",""
"8522242","Magic","Aetherdrift","Zahur, Glory's Past (Borderless)","","370","R","Near Mint","0.21","0.19","1.4200","0.1100","0","0","0.1500",""
"262756","Magic","Alara Reborn","Grizzled Leotau","","69","C","Near Mint","0.16","","1.4400","0.1300","0","0","0.1500",""
"378582","Magic","Alara Reborn","Sen Triplets","","109","M","Lightly Played","6.33","","6.3100","5.0000","0","0","5.6700",""
"262773","Magic","Alara Reborn","Wall of Denial","","16","U","Near Mint","0.43","","1.6600","0.3500","1","0","0.3700",""
"18146","Magic","Alliances","Shield Sphere","","172","U","Near Mint","8.77","","7.5600","6.2500","1","0","8.1600",""
"3328060","Magic","Amonkhet","Anointed Procession","","2","R","Near Mint","41.04","54.58","42.3100","41.0400","0","0","41.2100",""
"3327091","Magic","Amonkhet","Approach of the Second Sun","","4","R","Lightly Played","2.61","","3.2600","0.9900","0","0","1.3100",""
"3326201","Magic","Amonkhet","As Foretold","","42","M","Near Mint","1.22","","1.8200","0.5100","0","0","0.6500",""
"3325662","Magic","Amonkhet","Bontu's Monument","","225","U","Near Mint","4.63","5.33","5.1600","5.1600","0","0","5.1600",""
"3326576","Magic","Amonkhet","Bounty of the Luxa","","196","R","Near Mint","0.13","","1.4100","0.1000","0","0","0.1500",""
"3326231","Magic","Amonkhet","Combat Celebrant","","125","M","Near Mint","1.03","1.02","2.1000","0.7900","0","0","0.8400",""
"3326171","Magic","Amonkhet","Cut // Ribbons","","223","R","Near Mint","0.40","","1.6000","0.2900","1","0","0.3100",""
"3327450","Magic","Amonkhet","Dread Wanderer","","88","R","Near Mint","0.23","0.24","1.4500","0.1400","0","0","0.1600",""
"3326271","Magic","Amonkhet","Failure // Comply","","221","R","Near Mint","0.14","","1.3600","0.0500","1","0","0.1500",""
"3332239","Magic","Amonkhet","Forest (254) - Full Art","","254","L","Near Mint","0.17","0.17","1.3600","0.0500","1","0","0.1500",""
"3326296","Magic","Amonkhet","Glory-Bound Initiate","","16","R","Near Mint","0.13","","1.3400","0.0300","1","0","0.1500",""
"3328186","Magic","Amonkhet","Grasping Dunes","","244","U","Near Mint","0.20","","1.4300","0.1200","1","0","0.1500",""
"3327630","Magic","Amonkhet","Harsh Mentor","","135","R","Near Mint","0.29","0.47","1.5100","0.2000","0","0","0.2200",""
"3328070","Magic","Amonkhet","Heaven // Earth","","224","R","Near Mint","0.13","","1.3800","0.0700","0","0","0.1500",""
"3326321","Magic","Amonkhet","Liliana's Influence","","277","R","Near Mint","0.36","","1.5700","0.2600","1","0","0.2800",""
"3327130","Magic","Amonkhet","Never // Return","","212","R","Near Mint","0.23","","1.4000","0.0900","0","0","0.1500",""
"3327140","Magic","Amonkhet","New Perspectives","","63","R","Near Mint","0.12","","1.3800","0.0700","0","0","0.1500",""
"3327515","Magic","Amonkhet","Oketra the True","","21","M","Near Mint","2.07","","3.0000","1.6900","0","0","1.7700",""
"3325612","Magic","Amonkhet","Prowling Serpopard","","180","R","Near Mint","1.52","1.96","2.6700","1.3600","0","0","1.3900",""
"3327150","Magic","Amonkhet","Pull from Tomorrow","","65","R","Near Mint","0.39","0.22","1.4400","0.1300","3","0","0.1800",""
"3327155","Magic","Amonkhet","Pull from Tomorrow","","65","R","Near Mint Foil","1.35","4.35","2.5800","1.2700","0","0","1.2900",""
"3327580","Magic","Amonkhet","Shefet Monitor","","186","U","Near Mint","0.18","","1.4500","0.1400","2","0","0.1500",""
"3324222","Magic","Amonkhet","Sixth Sense","","187","U","Near Mint","0.29","0.26","1.4500","0.1400","0","0","0.1700",""
"3327600","Magic","Amonkhet","Sunscorched Desert","","249","C","Near Mint","0.26","0.24","1.4500","0.1400","0","0","0.1600",""
"3328241","Magic","Amonkhet","Sweltering Suns","","149","R","Near Mint","0.23","","1.4300","0.1200","1","0","0.1500",""
"3326361","Magic","Amonkhet","Throne of the God-Pharaoh","","237","R","Near Mint","5.07","5.49","5.0000","5.0000","0","0","5.0400",""
"3328130","Magic","Amonkhet","Vizier of Many Faces","","74","R","Near Mint","0.21","0.19","1.4100","0.1000","0","0","0.1500",""
"1168303","Magic","Anthologies","Nevinyrral's Disk","","1","R","Lightly Played","3.09","5.99","3.4000","2.0900","1","0","2.5900",""
"403981","Magic","Archenemy","Azorius Signet","","103","C","Heavily Played","","","1.8000","0.4900","1","0","0.4900",""
"405203","Magic","Archenemy","Dimir Signet","","104","C","Lightly Played","0.68","","1.9100","0.6000","1","0","0.6200",""
"404008","Magic","Archenemy","Everflowing Chalice","","107","U","Heavily Played","0.51","","1.8200","0.5100","1","0","0.5100",""
"3373373","Magic","Archenemy: Nicol Bolas","Explore","","63","C","Near Mint","0.46","","1.6300","0.3200","1","0","0.3500",""
"3373083","Magic","Archenemy: Nicol Bolas","Fiendslayer Paladin","","8","R","Near Mint","0.76","","1.8000","0.4900","1","0","0.5400",""
"3373408","Magic","Archenemy: Nicol Bolas","Sword of the Animist","","89","R","Near Mint","6.23","","6.2300","6.2300","0","0","6.2300",""
"3373008","Magic","Archenemy: Nicol Bolas","Talisman of Indulgence","","91","U","Near Mint","2.22","","3.0800","1.7700","0","0","1.8600",""
"871034","Magic","Avacyn Restored","Angelic Wall","","4","C","Near Mint","0.11","","1.3600","0.0500","0","0","0.1500",""
"871061","Magic","Avacyn Restored","Blood Artist","","86","U","Near Mint","1.20","","2.3700","1.0600","0","0","1.0900",""
"852065","Magic","Avacyn Restored","Demonlord of Ashmouth","","96","R","Near Mint","0.17","","1.4100","0.1000","0","0","0.1500",""
"871004","Magic","Avacyn Restored","Druid's Familiar","","175","U","Near Mint","0.19","","1.4100","0.1000","1","0","0.1500",""
"871143","Magic","Avacyn Restored","Essence Harvest","","100","C","Near Mint","0.26","","1.5300","0.2200","0","0","0.2300",""
"855097","Magic","Avacyn Restored","Exquisite Blood","","102","R","Near Mint","22.43","","20.1900","19.1900","0","0","20.1600",""
"855105","Magic","Avacyn Restored","Exquisite Blood","","102","R","Near Mint Foil","67.17","","67.1600","65.9600","0","0","66.3200",""
"871077","Magic","Avacyn Restored","Otherworld Atlas","","219","R","Near Mint","1.39","","2.4700","1.1600","1","0","1.2100",""
"852074","Magic","Avacyn Restored","Silverblade Paladin","","36","R","Near Mint","0.50","","1.6400","0.3300","0","0","0.3600",""
"855092","Magic","Avacyn Restored","Soul of the Harvest","","195","R","Near Mint","1.33","","2.3100","1.0000","1","0","1.0700",""
"855132","Magic","Avacyn Restored","Soul of the Harvest","","195","R","Lightly Played","1.25","1.50","2.4100","1.0800","0","0","1.1100",""
"870949","Magic","Avacyn Restored","Wolfir Avenger","","205","U","Near Mint","0.17","","1.4100","0.1000","1","0","0.1500",""
"2954839","Magic","Battle for Zendikar","Aligned Hedron Network","","222","R","Near Mint","0.18","0.14","1.4000","0.0900","0","0","0.1500",""
"2955071","Magic","Battle for Zendikar","Ally Encampment","","228","R","Near Mint","0.46","","1.4300","0.1200","0","0","0.1900",""
"2956386","Magic","Battle for Zendikar","Blighted Steppe","","232","U","Near Mint","0.17","","1.3900","0.0800","1","0","0.1500",""
"2956466","Magic","Battle for Zendikar","Brood Monitor","","164","U","Near Mint","0.16","","1.4300","0.1200","2","0","0.1500",""
"2953467","Magic","Battle for Zendikar","Conduit of Ruin","","4","R","Near Mint","4.56","4.99","5.0000","5.0000","0","0","5.0000",""
"2949928","Magic","Battle for Zendikar","Defiant Bloodlord","","107","R","Near Mint","0.28","","1.5100","0.2000","0","0","0.2200",""
"2956586","Magic","Battle for Zendikar","Dispel","","76","C","Near Mint","0.30","","1.5600","0.2500","0","0","0.2600",""
"2955081","Magic","Battle for Zendikar","Dragonmaster Outcast","","144","M","Near Mint","0.98","","1.8400","0.5300","1","0","0.6200",""
"2955091","Magic","Battle for Zendikar","Dust Stalker","","202","R","Near Mint","0.20","","1.4600","0.1500","0","0","0.1600",""
"2956926","Magic","Battle for Zendikar","Emeria Shepherd","","22","R","Near Mint","1.32","","2.5300","1.2200","0","0","1.2400",""
"2956726","Magic","Battle for Zendikar","Fortified Rampart","","27","C","Near Mint","0.12","","1.3200","0.0100","1","0","0.1500",""
"2954900","Magic","Battle for Zendikar","From Beyond","","167","R","Lightly Played","1.03","1.34","2.1600","0.8500","0","0","0.8800",""
"2956156","Magic","Battle for Zendikar","Guul Draz Overseer","","112","R","Near Mint","0.15","0.15","1.3600","0.0500","1","0","0.1500",""
"2956886","Magic","Battle for Zendikar","Jaddi Offshoot","","176","U","Near Mint","0.20","","1.3600","0.0500","0","0","0.1500",""
"2955566","Magic","Battle for Zendikar","Molten Nursery","","130","U","Near Mint","0.08","","1.3200","0.0100","1","0","0.1500",""
"2954919","Magic","Battle for Zendikar","Munda, Ambush Leader","","215","R","Near Mint","0.17","","1.3900","0.0800","0","0","0.1500",""
"2949768","Magic","Battle for Zendikar","Oran-Rief Hydra","","181","R","Near Mint","0.39","","1.6500","0.3400","0","0","0.3500",""
"2955111","Magic","Battle for Zendikar","Painful Truths","","120","R","Near Mint","0.25","","1.5500","0.2400","0","0","0.2400",""
"2950626","Magic","Battle for Zendikar","Plains (253) - Full Art","","253","L","Near Mint","0.19","","1.4000","0.0900","1","0","0.1500",""
"2950636","Magic","Battle for Zendikar","Plains (254) - Full Art","","254","L","Near Mint","0.18","0.16","1.3900","0.0800","1","0","0.1500",""
"2954939","Magic","Battle for Zendikar","Prism Array","","81","R","Near Mint","0.13","0.12","1.3500","0.0400","1","0","0.1500",""
"2949978","Magic","Battle for Zendikar","Retreat to Kazandu","","186","U","Near Mint","0.27","","1.5600","0.2500","0","0","0.2200",""
"2955141","Magic","Battle for Zendikar","Retreat to Valakut","","153","U","Near Mint","0.12","","1.3300","0.0200","1","0","0.1500",""
"2955171","Magic","Battle for Zendikar","Sanctum of Ugin","","242","R","Near Mint","1.62","","2.4100","1.1000","0","0","1.2000",""
"2957646","Magic","Battle for Zendikar","Turn Against","","135","U","Near Mint","0.09","","1.3200","0.0100","2","0","0.1500",""
"2955151","Magic","Battle for Zendikar","Ugin's Insight","","87","R","Near Mint","0.22","","1.4000","0.0500","0","0","0.1500",""
"397176","Magic","Battle Royale Box Set","Fecundity","","","U","Near Mint","0.73","","2.0300","0.7200","1","0","0.7200",""
"404192","Magic","Battle Royale Box Set","Land Tax","","","U","Heavily Played","16.83","","17.4900","17.4900","0","0","17.4900",""
"3748792","Magic","Battlebond","Archfiend of Despair","","44","M","Near Mint","19.34","19.99","18.6100","17.3000","0","0","18.9800",""
"3750049","Magic","Battlebond","Beast Within","","190","U","Near Mint","0.91","0.90","1.8000","0.4900","1","0","0.5700",""
"3751389","Magic","Battlebond","Consulate Skygate","","232","C","Near Mint","0.09","","1.3200","0.0100","1","0","0.1500",""
"3749634","Magic","Battlebond","Generous Patron","","70","R","Near Mint","1.32","0.98","1.9400","0.6300","0","0","0.7700",""
"3749657","Magic","Battlebond","Land Tax","","94","M","Near Mint","20.91","","21.9700","20.9800","0","0","20.9800",""
"3748922","Magic","Battlebond","Last One Standing","","76","R","Near Mint","2.03","2.07","3.1400","1.8300","0","0","1.8700",""
"3751469","Magic","Battlebond","Mycosynth Lattice","","241","M","Near Mint","22.42","","22.4600","21.1500","0","0","22.4600",""
"3750519","Magic","Battlebond","Mystic Confluence","","122","R","Near Mint","0.54","0.69","1.5900","0.2800","0","0","0.3300",""
"3750529","Magic","Battlebond","Negate","","123","C","Near Mint","0.11","0.11","1.4200","0.1100","2","0","0.1500",""
"3750749","Magic","Battlebond","Painful Lesson","","154","C","Near Mint","0.08","0.01","1.3200","0.0100","1","0","0.1500",""
"3750079","Magic","Battlebond","Seedborn Muse","","212","R","Near Mint","8.20","10.00","7.7700","6.4600","0","0","7.3200",""
"3751059","Magic","Battlebond","Sentinel Tower","","79","R","Near Mint","1.28","1.33","2.5400","1.2300","0","0","1.2500",""
"3749668","Magic","Battlebond","Swords to Plowshares","","110","U","Near Mint","1.26","1.95","2.3100","1.0000","0","0","1.0500",""
"3749819","Magic","Battlebond","Sylvia Brightspear","","10","R","Near Mint","1.86","2.45","2.6000","1.2900","0","0","1.4000",""
"3749748","Magic","Battlebond","Veteran Explorer","","214","U","Near Mint","0.27","0.23","1.5400","0.2300","0","0","0.2400",""
"3749758","Magic","Battlebond","Vigor","","215","R","Near Mint","13.93","14.97","13.5000","12.5100","0","0","12.8100",""
"3751659","Magic","Battlebond","War's Toll","","187","R","Near Mint","6.32","8.63","5.9800","3.9900","0","0","5.1300",""
"8021385","Magic","Bloomburrow","Camellia, the Seedmiser (Showcase)","","328","R","Near Mint","2.60","2.99","2.6600","1.3500","0","0","1.6100",""
"8034726","Magic","Bloomburrow","Dawn's Truce","","9","R","Near Mint","6.45","7.17","6.9800","5.9900","0","0","6.6600",""
"8034731","Magic","Bloomburrow","Dawn's Truce","","9","R","Near Mint Foil","8.90","8.99","7.5900","6.6000","0","0","7.7500",""
"8050902","Magic","Bloomburrow","Dragonhawk, Fate's Tempest","","132","M","Near Mint","5.59","5.98","5.0200","5.0200","0","0","5.3100",""
"8050907","Magic","Bloomburrow","Dragonhawk, Fate's Tempest","","132","M","Near Mint Foil","5.79","6.92","5.7900","5.7900","0","0","5.7900",""
"8041699","Magic","Bloomburrow","Fabled Passage","","252","R","Near Mint Foil","5.57","7.00","5.2900","3.7900","0","0","4.6800",""
"8021824","Magic","Bloomburrow","Glarb, Calamity's Augur","","215","M","Near Mint Foil","5.27","7.65","5.7100","4.3200","0","0","4.7900",""
"8032120","Magic","Bloomburrow","Innkeeper's Talent","","180","R","Near Mint","12.33","12.28","12.4000","12.4000","0","0","12.7700",""
"8032125","Magic","Bloomburrow","Innkeeper's Talent","","180","R","Near Mint Foil","14.71","17.60","12.9800","11.9800","0","0","13.8200",""
"8030915","Magic","Bloomburrow","Iridescent Vinelasher","","99","R","Near Mint","1.52","1.52","2.1100","0.8000","0","0","0.9400",""
"8022129","Magic","Bloomburrow","Maha, Its Feathers Night (Borderless)","","289","M","Near Mint","17.29","17.05","15.1400","15.1400","0","0","15.7800",""
"8041799","Magic","Bloomburrow","Patchwork Banner","","247","U","Near Mint Foil","5.21","5.72","5.0100","5.0100","0","0","5.1300",""
"8043796","Magic","Bloomburrow","Rottenmouth Viper","","107","M","Near Mint","3.96","4.30","4.4700","3.1600","0","0","3.5600",""
"8038383","Magic","Bloomburrow","Season of Gathering","","192","M","Near Mint","4.57","4.69","4.3500","3.0400","0","0","3.8200",""
"8027071","Magic","Bloomburrow","Shrike Force","","31","U","Near Mint","0.13","0.01","1.3800","0.0700","1","0","0.1500",""
"8050785","Magic","Bloomburrow","Stormchaser's Talent","","75","R","Near Mint Foil","4.31","3.61","3.5600","2.2500","0","0","3.2900",""
"8036226","Magic","Bloomburrow","The Infamous Cruelclaw (Showcase)","","334","M","Near Mint","2.40","3.00","2.8100","1.4000","0","0","1.6000",""
"8024471","Magic","Bloomburrow","Thornvault Forager (Extended Art)","","364","R","Near Mint","1.06","0.98","2.0100","0.7000","0","0","0.7700",""
"8039763","Magic","Bloomburrow","Valley Floodcaller","","79","R","Near Mint","2.66","2.29","3.6000","2.2100","0","0","2.3100",""
"8027631","Magic","Bloomburrow","Valley Rotcaller","","119","R","Near Mint","1.28","0.99","1.9900","0.5000","0","0","0.6600",""
"1166526","Magic","Born of the Gods","Archetype of Aggression","","88","U","Near Mint","1.29","","2.3100","1.0000","0","0","1.0600",""
"1164021","Magic","Born of the Gods","Eater of Hope","","66","R","Lightly Played","0.09","","1.3600","0.0500","1","0","0.1500",""
"1165976","Magic","Born of the Gods","Fated Return","","69","R","Near Mint","0.23","","1.3900","0.0800","0","0","0.1500",""
"1164461","Magic","Born of the Gods","Felhide Spiritbinder","","96","R","Near Mint","0.28","","1.5400","0.2300","0","0","0.2400",""
"1165856","Magic","Born of the Gods","Hunter's Prowess","","124","R","Near Mint","0.39","","1.6600","0.3500","0","0","0.3600",""
"1164040","Magic","Born of the Gods","Nessian Wilds Ravager","","129","R","Near Mint","0.36","0.28","1.5600","0.2500","0","0","0.2700",""
"1166176","Magic","Born of the Gods","Whims of the Fates","","115","R","Near Mint","0.20","0.15","1.4600","0.1500","0","0","0.1600",""
"5256074","Magic","Buy-A-Box Promos","Castle Dracula - Voldaren Estate","","403","P","Near Mint Foil","2.66","2.90","3.3100","2.0000","0","0","2.2700",""
"3844123","Magic","Buy-A-Box Promos","Impervious Greatwurm","","273","M","Near Mint Foil","3.44","","4.3100","3.0000","0","0","3.2200",""
"4212685","Magic","Buy-A-Box Promos","Kenrith, the Returned King","","303","M","Lightly Played","1.23","","2.3800","1.0700","0","0","1.1000",""
"5726749","Magic","Buy-A-Box Promos","Llanowar Loamspeaker","","428","P","Near Mint Foil","0.46","","1.5500","0.2400","0","0","0.2800",""
"7009269","Magic","Buy-A-Box Promos","Omnath, Locus of All","","387","P","Near Mint Foil","0.71","0.79","1.8000","0.4900","0","0","0.5300",""
"4091193","Magic","Buy-A-Box Promos","Rienne, Angel of Rebirth","","281","P","Near Mint Foil","0.54","0.59","1.7100","0.4000","0","0","0.4300",""
"5348020","Magic","Buy-A-Box Promos","Satoru Umezawa","","507","P","Near Mint Foil","2.93","3.97","3.8100","2.5000","0","0","0.5900",""
"3989601","Magic","Buy-A-Box Promos","Tezzeret, Master of the Bridge","","275","M","Near Mint Foil","18.24","20.99","17.7300","16.4200","0","0","17.3300",""
"5046347","Magic","Buy-A-Box Promos","Vorpal Sword","","396","P","Near Mint Foil","2.74","","3.7900","2.4800","0","0","2.5300",""
"24024","Magic","Champions of Kamigawa","Cloudcrest Lake","","274","U","Near Mint","0.19","","1.4600","0.1500","1","0","0.1600",""
"373679","Magic","Champions of Kamigawa","Kami of Old Stone","","22","U","Lightly Played","0.17","","1.4000","0.0900","1","0","0.1500",""
"24129","Magic","Champions of Kamigawa","Kodama of the South Tree","","223","R","Near Mint","0.85","","2.0100","0.7000","1","0","0.7300",""
"24255","Magic","Champions of Kamigawa","Tenza, Godo's Maul","","271","U","Near Mint","0.95","","2.2700","0.9100","0","0","0.9200",""
"17442","Magic","Chronicles","Fountain of Youth","","","C","Near Mint","0.17","","1.4100","0.1000","1","0","0.1500",""
"17509","Magic","Chronicles","Wall of Vapor","","","C","Near Mint","0.10","","1.3400","0.0300","0","0","0.1500",""
"16587","Magic","Classic Sixth Edition","Birds of Paradise","","217","R","Near Mint","12.67","","14.5900","12.6000","0","0","12.6300",""
"16595","Magic","Classic Sixth Edition","Boil","","169","U","Near Mint","0.66","","1.8400","0.5300","0","0","0.5600",""
"365541","Magic","Classic Sixth Edition","Boil","","169","U","Lightly Played","0.52","0.38","1.7700","0.4600","1","0","0.4700",""
"365687","Magic","Classic Sixth Edition","Lord of Atlantis","","79","R","Lightly Played","6.07","","5.9900","4.0000","0","0","5.0400",""
"365706","Magic","Classic Sixth Edition","Mystical Tutor","","83","U","Lightly Played","13.31","18.00","13.9500","12.9600","0","0","13.1400",""
"375185","Magic","Coldsnap","Coldsteel Heart","","136","U","Lightly Played","0.95","","2.1600","0.8500","0","0","0.8700",""
"25716","Magic","Coldsnap","Snow-Covered Forest","","155","C","Near Mint","0.95","1.10","2.0400","0.7300","2","0","0.7300",""
"25717","Magic","Coldsnap","Snow-Covered Island","","152","C","Near Mint","1.37","1.85","2.3900","0.8600","0","0","0.9600",""
"375284","Magic","Coldsnap","Snow-Covered Island","","152","C","Lightly Played","1.18","1.18","2.3600","1.0500","3","0","1.0800",""
"25718","Magic","Coldsnap","Snow-Covered Mountain","","154","C","Near Mint","0.80","","1.8700","0.5600","1","0","0.6100",""
"25746","Magic","Coldsnap","Wall of Shards","","23","U","Near Mint","6.77","6.77","6.1300","6.1300","1","0","6.1300",""
"471883","Magic","Commander","Brainstorm","","40","C","Near Mint","2.17","","3.4600","2.1500","1","0","2.1500",""
"473227","Magic","Commander","Brawn","","145","U","Moderately Played","0.54","","1.8500","0.5400","0","0","0.5400",""
"473495","Magic","Commander","Brawn","","145","U","Heavily Played","0.33","","1.6300","0.3200","0","0","0.3200",""
"469107","Magic","Commander","Command Tower","","269","C","Moderately Played","0.52","","1.7700","0.4600","0","0","0.4700",""
"469136","Magic","Commander","Command Tower","","269","C","Heavily Played","0.38","","1.7800","0.4300","0","0","0.4300",""
"473601","Magic","Commander","Cultivate","","148","C","Lightly Played","0.69","","1.9000","0.5900","1","0","0.6100",""
"473636","Magic","Commander","Dimir Signet","","246","C","Lightly Played","0.64","","1.8100","0.5000","0","0","0.5300",""
"471889","Magic","Commander","Dreamborn Muse","","44","R","Near Mint","3.31","","4.8100","3.5000","0","0","3.5000",""
"473112","Magic","Commander","Explosive Vegetation","","153","U","Moderately Played","0.46","","1.6900","0.3800","0","0","0.4000",""
"473380","Magic","Commander","Explosive Vegetation","","153","U","Heavily Played","","","1.6300","0.3200","0","0","0.3200",""
"471831","Magic","Commander","Lhurgoyf","","165","R","Near Mint","0.24","","1.4600","0.1500","1","0","0.1700",""
"473709","Magic","Commander","Orzhov Signet","","255","C","Lightly Played","0.35","","1.5800","0.2700","0","0","0.2900",""
"471848","Magic","Commander","Propaganda","","55","U","Near Mint","4.25","","4.9900","3.6800","0","0","3.9600",""
"471678","Magic","Commander","Return to Dust","","28","U","Near Mint","0.19","","1.4700","0.1600","1","0","0.1700",""
"471885","Magic","Commander","Riddlekeeper","","59","R","Near Mint","10.12","","9.9900","8.6900","0","0","10.0500",""
"473239","Magic","Commander","Temple of the False God","","290","U","Moderately Played","0.19","0.15","1.4800","0.1700","1","0","0.1700",""
"473507","Magic","Commander","Temple of the False God","","290","U","Heavily Played","0.30","","1.4600","0.1500","0","0","0.1800",""
"471659","Magic","Commander","Vision Skeins","","67","C","Near Mint","0.69","","1.8100","0.5000","1","0","0.5400",""
"1139159","Magic","Commander 2013","Brooding Saurian","","138","R","Near Mint","0.26","","1.4600","0.1500","2","0","0.1700",""
"1137160","Magic","Commander 2013","Darksteel Mutation","","9","U","Near Mint","1.55","1.73","2.6600","1.3500","0","0","1.3900",""
"1139409","Magic","Commander 2013","Fiend Hunter","","11","U","Near Mint","0.25","","1.4000","0.0900","1","0","0.1500",""
"1139449","Magic","Commander 2013","Fog Bank","","44","U","Near Mint","0.24","","1.4600","0.1500","0","0","0.1700",""
"1139564","Magic","Commander 2013","Homeward Path","","295","R","Near Mint","13.75","","12.8700","12.8700","1","0","12.8700",""
"1137165","Magic","Commander 2013","Mystic Barrier","","18","R","Near Mint","1.25","1.49","2.2100","0.9000","0","0","0.9700",""
"1137265","Magic","Commander 2013","Naya Soulbeast","","157","R","Near Mint","0.30","","1.4300","0.1200","0","0","0.1600",""
"1135451","Magic","Commander 2013","Oloro, Ageless Ascetic","","203","M","Near Mint","23.32","","21.9900","21.9900","0","0","22.3300",""
"1139919","Magic","Commander 2013","Phantom Nantuko","","160","R","Near Mint","0.19","","1.4900","0.1800","1","0","0.1800",""
"1137270","Magic","Commander 2013","Restore","","167","U","Near Mint","0.28","","1.4700","0.1600","0","0","0.1800",""
"1140064","Magic","Commander 2013","Saltcrusted Steppe","","316","U","Near Mint","0.21","","1.4400","0.1300","0","0","0.1500",""
"1137275","Magic","Commander 2013","Spawning Grounds","","171","R","Near Mint","0.33","","1.4500","0.1400","0","0","0.1800",""
"1140344","Magic","Commander 2013","Swiftfoot Boots","","263","U","Near Mint","1.54","2.20","2.5100","1.2000","0","0","1.2700",""
"1140349","Magic","Commander 2013","Sword of the Paruns","","264","R","Near Mint","1.17","1.21","2.1100","0.8000","0","0","0.8700",""
"1137191","Magic","Commander 2013","Tempt with Reflections","","60","R","Lightly Played","1.83","","3.0600","1.7500","0","0","1.7500",""
"1137201","Magic","Commander 2013","True-Name Nemesis","","63","R","Lightly Played","2.05","2.94","3.1400","1.8300","1","0","1.8700",""
"1140524","Magic","Commander 2013","Wayfarer's Bauble","","270","C","Near Mint","0.29","","1.5300","0.2200","0","0","0.2400",""
"1271337","Magic","Commander 2014","Argentum Armor","","228","R","Near Mint","2.03","","3.2700","1.9600","0","0","1.9700",""
"1270644","Magic","Commander 2014","Call to Mind","","101","U","Near Mint","0.28","0.20","1.5100","0.2000","1","0","0.2200",""
"1270191","Magic","Commander 2014","Crown of Doom","","55","R","Near Mint","4.48","","5.1100","3.8000","0","0","4.1400",""
"1270659","Magic","Commander 2014","Cyclonic Rift","","104","R","Near Mint","27.01","","25.2000","25.2000","0","0","25.7400",""
"1271627","Magic","Commander 2014","Emeria, the Sky Ruin","","293","R","Near Mint","17.13","","17.5200","17.5200","0","0","17.5200",""
"1270443","Magic","Commander 2014","Grand Abolisher","","74","R","Near Mint","11.48","12.50","10.2800","10.2800","0","0","10.4900",""
"1271427","Magic","Commander 2014","Mind Stone","","250","U","Near Mint","0.26","","1.5100","0.2000","2","0","0.2100",""
"1271502","Magic","Commander 2014","Sapphire Medallion","","266","R","Near Mint","4.27","","5.0000","5.0000","0","0","5.0000",""
"1270790","Magic","Commander 2014","Sphinx of Uthuun","","128","R","Near Mint","0.17","0.14","1.4100","0.1000","2","0","0.1500",""
"1269786","Magic","Commander 2014","Spoils of Blood","","30","R","Near Mint","1.05","","2.3100","1.0000","0","0","1.0100",""
"1271532","Magic","Commander 2014","Steel Hellkite","","273","R","Near Mint","0.42","0.59","1.5600","0.2500","1","0","0.2800",""
"1271562","Magic","Commander 2014","Trading Post","","279","R","Near Mint","0.34","","1.6000","0.2900","0","0","0.3000",""
"1270805","Magic","Commander 2014","Well of Ideas","","20","R","Near Mint","1.64","","2.7700","1.4600","0","0","1.5000",""
"1271090","Magic","Commander 2014","Word of Seizing","","185","R","Near Mint","0.23","","1.5000","0.1900","0","0","0.2000",""
"3004742","Magic","Commander 2015","Arbor Colossus","","174","R","Near Mint","0.20","","1.3900","0.0800","1","0","0.1500",""
"3005678","Magic","Commander 2015","Basalt Monolith","","244","U","Lightly Played","3.22","","4.5100","3.2000","0","0","3.2100",""
"3005847","Magic","Commander 2015","Blasted Landscape","","278","U","Near Mint","1.44","","2.5600","1.2500","1","0","1.2900",""
"3004807","Magic","Commander 2015","Blue Sun's Zenith","","88","R","Near Mint","1.40","","2.6200","1.3100","0","0","1.3300",""
"3004808","Magic","Commander 2015","Blue Sun's Zenith","","88","R","Lightly Played","1.33","","2.6000","1.2900","0","0","1.3000",""
"3004882","Magic","Commander 2015","Charmbreaker Devils","","145","R","Near Mint","0.30","","1.4900","0.1800","0","0","0.2000",""
"3004887","Magic","Commander 2015","Cloudthresher","","179","R","Near Mint","0.19","","1.4600","0.1500","0","0","0.1600",""
"3005702","Magic","Commander 2015","Coldsteel Heart","","249","U","Near Mint","1.00","","2.2600","0.9500","0","0","0.9600",""
"3003883","Magic","Commander 2015","Daxos the Returned","","43","M","Near Mint","6.29","","6.4900","5.5000","0","0","5.8900",""
"3005867","Magic","Commander 2015","Drifting Meadow","","282","C","Near Mint","0.12","","1.4100","0.1000","1","0","0.1500",""
"3005872","Magic","Commander 2015","Evolving Wilds","","283","C","Near Mint","0.06","","1.3600","0.0500","0","0","0.1500",""
"3005727","Magic","Commander 2015","Fellwar Stone","","254","U","Near Mint","1.26","","2.5200","1.2100","1","0","1.2200",""
"3004172","Magic","Commander 2015","Gisela, Blade of Goldnight","","219","M","Near Mint","1.95","","2.9100","1.6000","0","0","1.6700",""
"3005734","Magic","Commander 2015","Golgari Signet","","255","C","Moderately Played","0.44","","1.6700","0.3600","1","0","0.3600",""
"3005735","Magic","Commander 2015","Golgari Signet","","255","C","Heavily Played","0.43","","1.7600","0.4500","0","0","0.4500",""
"3005147","Magic","Commander 2015","Jace's Archivist","","95","R","Near Mint","6.85","","8.0000","7.0000","0","0","7.0000",""
"3004177","Magic","Commander 2015","Karmic Justice","","72","R","Near Mint","1.08","","2.0800","0.7700","0","0","0.8300",""
"3005742","Magic","Commander 2015","Lightning Greaves","","257","U","Near Mint","4.30","4.99","5.0300","5.0300","0","0","5.0300",""
"3005743","Magic","Commander 2015","Lightning Greaves","","257","U","Lightly Played","4.47","4.96","5.0000","5.0000","1","0","5.0000",""
"3005197","Magic","Commander 2015","Lone Revenant","","96","R","Near Mint","0.09","","1.4000","0.0900","1","0","0.1500",""
"3005752","Magic","Commander 2015","Mind Stone","","259","U","Near Mint","0.20","","1.5100","0.2000","1","0","0.2000",""
"3005388","Magic","Commander 2015","Rapid Hybridization","","102","U","Lightly Played","1.56","","2.3500","1.0400","1","0","1.1500",""
"3006073","Magic","Commander 2015","Rogue's Passage","","302","U","Near Mint","0.54","","1.6000","0.2900","0","0","0.3400",""
"3005422","Magic","Commander 2015","Sakura-Tribe Elder","","200","C","Near Mint","0.45","","1.6500","0.3400","0","0","0.3600",""
"3005432","Magic","Commander 2015","Seal of Cleansing","","79","C","Near Mint","0.32","","1.4600","0.1500","1","0","0.1800",""
"3006929","Magic","Commander 2015","Secluded Steppe","","304","C","Near Mint","0.11","","1.4000","0.0900","1","0","0.1500",""
"3005447","Magic","Commander 2015","Shielded by Faith","","8","R","Near Mint","4.55","","5.5800","5.5800","0","0","5.0800",""
"3005462","Magic","Commander 2015","Silent Sentinel","","81","R","Near Mint","0.23","","1.3900","0.0800","0","0","0.1500",""
"3005792","Magic","Commander 2015","Skullclamp","","267","U","Near Mint","5.47","","4.7800","3.4700","0","0","4.4700",""
"3005502","Magic","Commander 2015","Stroke of Genius","","108","R","Near Mint","0.38","","1.6200","0.3100","0","0","0.3200",""
"3005512","Magic","Commander 2015","Sun Titan","","82","M","Near Mint","0.56","","1.7100","0.4000","1","0","0.4300",""
"3006120","Magic","Commander 2015","Tainted Wood","","312","U","Moderately Played","0.46","","1.7900","0.4800","1","0","0.4800",""
"3006121","Magic","Commander 2015","Tainted Wood","","312","U","Heavily Played","0.94","","1.8000","0.4900","0","0","0.5800",""
"3005877","Magic","Commander 2015","Terramorphic Expanse","","314","C","Near Mint","0.16","","1.4200","0.1100","1","0","0.1500",""
"3005547","Magic","Commander 2015","Thought Reflection","","110","R","Near Mint","0.87","","2.1300","0.8200","1","0","0.8300",""
"3004573","Magic","Commander 2015","Thought Vessel","","55","C","Near Mint","1.91","5.55","2.3900","1.0800","2","0","1.2500",""
"3005822","Magic","Commander 2015","Urza's Incubator","","273","R","Near Mint","13.46","","13.2100","13.2100","1","0","13.3400",""
"3006153","Magic","Commander 2015","Vivid Meadow","","320","U","Near Mint","0.29","","1.5700","0.2600","1","0","0.2700",""
"3245889","Magic","Commander 2016","Armory Automaton","","51","R","Near Mint","3.64","","3.2600","1.9500","1","0","2.7900",""
"3245904","Magic","Commander 2016","Ash Barrens","","56","C","Near Mint","0.19","","1.4100","0.1000","1","0","0.1500",""
"3247449","Magic","Commander 2016","Atraxa, Praetors' Voice","","28","M","Near Mint Foil","19.38","","23.6100","18.6200","0","0","19.0000",""
"3245944","Magic","Commander 2016","Beast Within","","141","U","Near Mint","1.17","","2.2700","0.9600","1","0","1.0000",""
"3245989","Magic","Commander 2016","Bonehoard","","245","R","Near Mint","0.24","","1.5400","0.2300","0","0","0.2300",""
"3247454","Magic","Commander 2016","Breya, Etherium Shaper","","29","M","Near Mint Foil","1.28","","2.3100","1.0000","0","0","1.0600",""
"3247459","Magic","Commander 2016","Bruse Tarl, Boorish Herder","","30","M","Near Mint Foil","3.80","","4.7100","3.3200","0","0","3.6000",""
"3242748","Magic","Commander 2016","Coastal Breach","","6","R","Near Mint","3.33","","4.2600","2.9500","1","0","3.1400",""
"3246124","Magic","Commander 2016","Curse of Vengeance","","12","R","Near Mint","5.03","5.03","5.0100","3.7000","0","0","4.3700",""
"3243883","Magic","Commander 2016","Deepglow Skate","","7","R","Near Mint","1.28","","2.3000","0.9900","0","0","1.0500",""
"3246279","Magic","Commander 2016","Edric, Spymaster of Trest","","195","R","Near Mint","0.77","","2.0600","0.7500","0","0","0.7500",""
"3246459","Magic","Commander 2016","Exotic Orchard","","295","R","Near Mint","0.30","0.25","1.4800","0.1700","1","0","0.2000",""
"3246569","Magic","Commander 2016","Gruul Turf","","300","U","Near Mint","0.25","","1.5100","0.2000","0","0","0.2100",""
"3246599","Magic","Commander 2016","Hellkite Igniter","","127","R","Near Mint","0.15","","1.4600","0.1500","0","0","0.1500",""
"3246604","Magic","Commander 2016","Hellkite Tyrant","","128","M","Near Mint","4.36","","4.7900","3.4800","0","0","3.9600",""
"3246689","Magic","Commander 2016","Kalonian Hydra","","154","M","Near Mint","4.69","","5.7700","4.4600","0","0","5.7700",""
"3246724","Magic","Commander 2016","Languish","","114","R","Near Mint","0.37","","1.5100","0.2000","1","0","0.2300",""
"3242818","Magic","Commander 2016","Primeval Protector","","23","R","Near Mint","1.44","","2.5600","1.2500","0","0","1.2900",""
"3247000","Magic","Commander 2016","Sakura-Tribe Elder","","164","C","Lightly Played","0.49","0.52","1.7600","0.4500","1","0","0.4600",""
"3247504","Magic","Commander 2016","Saskia the Unyielding","","41","M","Near Mint Foil","7.89","","7.3000","5.9900","0","0","6.9400",""
"3247084","Magic","Commander 2016","Skullclamp","","271","U","Near Mint","4.70","","5.0900","3.7800","0","0","5.0900",""
"3247154","Magic","Commander 2016","Sungrass Prairie","","328","R","Near Mint","0.36","","1.5500","0.2400","1","0","0.2600",""
"3247165","Magic","Commander 2016","Swan Song","","98","R","Lightly Played","10.70","12.30","9.2900","8.3000","1","0","10.0900",""
"3247184","Magic","Commander 2016","Sydri, Galvanic Genius","","224","M","Near Mint","0.95","","1.9100","0.6000","0","0","0.6700",""
"3449706","Magic","Commander 2017","Blood Artist","","99","U","Near Mint","1.43","","2.5400","1.2300","0","0","1.2700",""
"3449771","Magic","Commander 2017","Comet Storm","","132","M","Near Mint","0.92","","2.2900","0.9800","0","0","0.9800",""
"3449108","Magic","Commander 2017","Command Tower","","242","C","Near Mint","0.25","0.34","1.5500","0.2400","0","0","0.2400",""
"3449822","Magic","Commander 2017","Cultivate","","147","C","Lightly Played","0.54","","1.8100","0.5000","1","0","0.5100",""
"3449896","Magic","Commander 2017","Elemental Bond","","148","U","Near Mint","2.66","","3.8400","2.5300","1","0","2.5300",""
"3449921","Magic","Commander 2017","Fellwar Stone","","210","U","Near Mint","1.67","4.91","2.3100","1.0000","0","0","1.1300",""
"3449941","Magic","Commander 2017","Galecaster Colossus","","10","R","Near Mint","2.24","","3.3000","1.9900","0","0","2.0400",""
"3449951","Magic","Commander 2017","Grappling Hook","","212","R","Near Mint","0.70","0.79","1.9200","0.6100","0","0","0.6300",""
"3449068","Magic","Commander 2017","Hammer of Nazahn","","51","R","Near Mint","16.55","16.54","15.3000","15.3000","1","0","15.4700",""
"3449977","Magic","Commander 2017","Hellkite Charger","","138","R","Lightly Played","1.12","","2.3100","1.0000","0","0","0.9600",""
"3449218","Magic","Commander 2017","Herald's Horn","","53","U","Near Mint","4.27","6.99","4.3000","2.9900","0","0","3.6300",""
"3450061","Magic","Commander 2017","Leonin Shikari","","66","R","Near Mint","3.59","","4.9600","3.6500","0","0","3.6500",""
"3450066","Magic","Commander 2017","Loxodon Warhammer","","216","U","Near Mint","0.77","","2.4200","1.1100","1","0","1.1100",""
"3450111","Magic","Commander 2017","Merciless Eviction","","179","R","Near Mint","0.55","","1.7800","0.4700","1","0","0.4900",""
"3449063","Magic","Commander 2017","Mirri, Weatherlight Duelist","","43","M","Near Mint Foil","3.25","3.98","4.2000","2.8900","0","0","3.0700",""
"3449138","Magic","Commander 2017","Path of Ancestry","","56","C","Near Mint","0.34","","1.4900","0.1800","0","0","0.2100",""
"3450816","Magic","Commander 2017","Secluded Steppe","","278","C","Near Mint","0.12","0.12","1.4300","0.1200","0","0","0.1500",""
"3450326","Magic","Commander 2017","Serendib Sorcerer","","93","R","Near Mint","0.19","","1.4100","0.1000","0","0","0.1500",""
"3450361","Magic","Commander 2017","Skullclamp","","222","U","Near Mint","4.09","5.37","4.8100","3.5000","0","0","3.7900",""
"3449143","Magic","Commander 2017","Sol Ring","","223","U","Near Mint","1.34","1.35","2.4100","1.1000","0","0","1.1500",""
"3449144","Magic","Commander 2017","Sol Ring","","223","U","Lightly Played","1.29","","2.4500","1.1400","0","0","1.1700",""
"3450386","Magic","Commander 2017","Staff of Nin","","224","R","Near Mint","0.92","","2.1100","0.8000","0","0","0.8200",""
"3450411","Magic","Commander 2017","Swiftfoot Boots","","226","U","Near Mint","1.37","","2.5300","1.2200","0","0","1.2700",""
"3450421","Magic","Commander 2017","Sword of Vengeance","","228","R","Near Mint","0.72","","2.0000","0.6900","0","0","0.7000",""
"3449293","Magic","Commander 2017","Teferi's Protection","","8","R","Near Mint","48.18","","48.7800","48.7800","0","0","48.7800",""
"3450846","Magic","Commander 2017","Temple of the False God","","284","U","Near Mint","0.19","","1.4300","0.1200","0","0","0.1500",""
"3450456","Magic","Commander 2017","Terminate","","199","U","Near Mint","0.42","","1.6900","0.3800","1","0","0.3900",""
"3449088","Magic","Commander 2017","Traverse the Outlands","","34","R","Near Mint","3.06","","4.8400","3.4500","0","0","3.5900",""
"3808438","Magic","Commander 2018","Adarkar Valkyrie","","60","R","Near Mint","1.04","","2.1500","0.8400","0","0","0.8800",""
"3808303","Magic","Commander 2018","Blasphemous Act","","120","R","Near Mint","1.87","","2.9100","1.6000","1","0","1.6500",""
"3808308","Magic","Commander 2018","Blinkmoth Urn","","197","R","Near Mint","1.27","1.26","2.2300","0.9200","0","0","0.9900",""
"3808728","Magic","Commander 2018","Command Tower","","240","C","Near Mint","0.29","","1.5300","0.2200","0","0","0.2300",""
"3808543","Magic","Commander 2018","Cultivate","","138","C","Near Mint","0.65","","1.8100","0.5000","2","0","0.5300",""
"3808012","Magic","Commander 2018","Dictate of Kruphix","","86","R","Near Mint","1.14","","2.2800","0.9700","1","0","1.0000",""
"3805773","Magic","Commander 2018","Enchanter's Bane","","21","R","Near Mint","0.33","0.36","1.4800","0.1700","0","0","0.2000",""
"3805859","Magic","Commander 2018","Endless Atlas","","55","R","Near Mint","1.56","","2.6900","1.3800","0","0","1.4200",""
"3808398","Magic","Commander 2018","Izzet Signet","","207","C","Near Mint","0.37","","1.6400","0.3300","1","0","0.3400",""
"3805874","Magic","Commander 2018","Lord Windgrace","","43","M","Near Mint Foil","19.71","19.82","16.0600","16.0600","0","0","17.8800",""
"3808338","Magic","Commander 2018","Magmaquake","","125","R","Near Mint","0.25","0.24","1.4400","0.1300","1","0","0.1500",""
"3808663","Magic","Commander 2018","Martial Coup","","69","R","Near Mint","0.33","","1.4900","0.1800","1","0","0.2100",""
"3808433","Magic","Commander 2018","Mirrorworks","","211","R","Near Mint","2.01","1.99","3.0100","1.7000","0","0","1.7600",""
"3805784","Magic","Commander 2018","Retrofitter Foundry","","57","R","Lightly Played","3.02","5.73","2.2800","0.9700","0","0","2.0000",""
"3805808","Magic","Commander 2018","Saheeli, the Gifted","","44","M","Near Mint Foil","1.81","3.25","3.0700","1.7600","0","0","1.7700",""
"3808553","Magic","Commander 2018","Sol Ring","","222","U","Near Mint","1.32","2.50","2.4600","1.1500","0","0","1.1800",""
"3810008","Magic","Commander 2018","Temple of the False God","","285","U","Near Mint","0.17","","1.4100","0.1000","1","0","0.1500",""
"3808603","Magic","Commander 2018","Unwinding Clock","","228","R","Near Mint","17.43","26.00","17.7200","17.7200","0","0","17.7200",""
"3807978","Magic","Commander 2018","Xantcha, Sleeper Agent","","50","R","Lightly Played","2.43","2.41","3.2300","1.9200","0","0","2.0200",""
"4161311","Magic","Commander 2019","Avacyn's Judgment","","134","R","Near Mint","0.11","","1.4000","0.0900","2","0","0.1500",""
"4158153","Magic","Commander 2019","Beast Within","","157","U","Near Mint","0.74","0.66","1.9800","0.6700","2","0","0.6800",""
"4161351","Magic","Commander 2019","Chaos Warp","","136","R","Near Mint","0.51","0.54","1.7100","0.4000","1","0","0.4200",""
"4158073","Magic","Commander 2019","Chemister's Insight","","80","U","Near Mint","0.10","0.08","1.3700","0.0600","1","0","0.1500",""
"4154578","Magic","Commander 2019","Command Tower","","237","C","Near Mint","0.62","","1.5200","0.2100","0","0","0.2900",""
"4153213","Magic","Commander 2019","Cultivate","","159","C","Near Mint","0.50","","1.7700","0.4600","0","0","0.4700",""
"4152653","Magic","Commander 2019","Dockside Extortionist","","24","R","Near Mint","26.95","","27.5800","26.5900","0","0","27.4900",""
"4157913","Magic","Commander 2019","Dusk // Dawn","","63","R","Near Mint","0.20","","1.4100","0.1000","1","0","0.1500",""
"4154698","Magic","Commander 2019","Exotic Orchard","","242","R","Near Mint","0.24","0.21","1.4600","0.1500","1","0","0.1700",""
"4155628","Magic","Commander 2019","Ghostly Prison","","64","U","Near Mint","5.47","","5.3900","3.9000","0","0","4.7000",""
"4163657","Magic","Commander 2019","Greven, Predator Captain","","43","M","Near Mint Foil","0.31","","1.5600","0.2500","1","0","0.2600",""
"4159278","Magic","Commander 2019","Harmonize","","171","U","Near Mint","0.20","0.20","1.4600","0.1500","2","0","0.1600",""
"4157713","Magic","Commander 2019","Jace's Sanctum","","88","R","Near Mint","0.59","0.58","1.6900","0.3800","0","0","0.4200",""
"4156873","Magic","Commander 2019","K'rrik, Son of Yawgmoth","","18","R","Near Mint","1.22","0.95","1.9800","0.6700","1","0","0.7800",""
"4162271","Magic","Commander 2019","Magus of the Wheel","","149","R","Near Mint","2.57","1.75","2.1100","0.8000","0","0","1.1600",""
"4155023","Magic","Commander 2019","Marisi, Breaker of the Coil","","46","M","Near Mint Foil","6.80","14.49","6.0500","5.0600","0","0","6.4600",""
"4155024","Magic","Commander 2019","Marisi, Breaker of the Coil","","46","M","Lightly Played Foil","6.66","7.69","6.3900","5.7000","0","0","6.1600",""
"4158513","Magic","Commander 2019","Momentous Fall","","173","R","Near Mint","2.37","2.59","2.8100","1.5000","0","0","1.4500",""
"4152413","Magic","Commander 2019","Prairie Stream","","265","R","Near Mint","0.22","0.18","1.4400","0.1300","1","0","0.1500",""
"4152013","Magic","Commander 2019","Reality Shift","","92","U","Near Mint","0.47","0.46","1.5400","0.2300","1","0","0.2800",""
"4149770","Magic","Commander 2019","Seedborn Muse","","179","R","Near Mint","8.07","9.29","7.9700","7.9700","0","0","8.0200",""
"4154138","Magic","Commander 2019","Sol Ring","","221","U","Near Mint","1.20","1.50","2.3600","0.3800","0","0","0.5400",""
"4154903","Magic","Commander 2019","Storm Herd","","75","R","Near Mint","0.52","0.49","1.6400","0.3300","0","0","0.3700",""
"4163191","Magic","Commander 2019","Stromkirk Occultist","","153","R","Near Mint","0.08","","1.3600","0.0500","0","0","0.1500",""
"4155468","Magic","Commander 2019","Sun Titan","","76","M","Near Mint","0.32","0.25","1.5400","0.2300","1","0","0.2500",""
"4154338","Magic","Commander 2019","Temple of the False God","","280","U","Near Mint","0.10","","1.4100","0.1000","1","0","0.1500",""
"4152133","Magic","Commander 2019","Tempt with Discovery","","183","R","Near Mint","3.18","3.49","3.0200","1.7100","0","0","2.4600",""
"4153173","Magic","Commander 2019","Terramorphic Expanse","","281","C","Near Mint","0.52","0.10","1.4000","0.0900","1","0","0.1700",""
"4156713","Magic","Commander 2019","Trostani, Selesnya's Voice","","204","M","Near Mint","3.20","2.25","2.7400","1.2500","0","0","2.2300",""
"4368600","Magic","Commander 2020","Arcane Signet","","237","C","Near Mint","0.55","0.58","1.7100","0.4000","0","0","0.1500",""
"4388025","Magic","Commander 2020","Cairn Wanderer","","130","R","Near Mint","0.34","","1.5900","0.2800","0","0","0.2900",""
"4382885","Magic","Commander 2020","Cinder Glade","","263","R","Near Mint","0.27","0.23","1.5100","0.2000","1","0","0.2100",""
"4371963","Magic","Commander 2020","Daring Fiendbonder","","41","R","Near Mint","0.90","0.59","1.8100","0.5000","1","0","0.5800",""
"4383125","Magic","Commander 2020","Desert of the True","","268","C","Near Mint","0.21","0.08","1.3700","0.0600","1","0","0.1500",""
"4383405","Magic","Commander 2020","Drifting Meadow","","271","C","Near Mint","0.16","","1.3800","0.0700","1","0","0.1500",""
"4384005","Magic","Commander 2020","Exotic Orchard","","273","R","Near Mint","0.20","0.17","1.4600","0.1500","1","0","0.1600",""
"4388945","Magic","Commander 2020","Harrow","","174","C","Near Mint","0.36","","1.5100","0.2000","1","0","0.2300",""
"4380694","Magic","Commander 2020","Isperia, Supreme Judge","","217","M","Near Mint","0.23","0.21","1.4600","0.1500","0","0","0.1700",""
"4381694","Magic","Commander 2020","Izzet Signet","","243","U","Near Mint","0.36","","1.5500","0.2400","0","0","0.2600",""
"4380734","Magic","Commander 2020","Karametra, God of Harvests","","218","M","Near Mint","3.35","3.79","4.2100","2.9000","0","0","3.1300",""
"4384885","Magic","Commander 2020","Kessig Wolf Run","","284","R","Near Mint","0.34","0.47","1.5500","0.2400","1","0","0.2600",""
"4371843","Magic","Commander 2020","Manascape Refractor","","68","R","Near Mint","1.78","1.99","2.6600","1.3500","0","0","1.4400",""
"4381774","Magic","Commander 2020","Mimic Vat","","246","R","Near Mint","0.49","0.55","1.7400","0.4300","0","0","0.4400",""
"4384445","Magic","Commander 2020","Murmuring Mystic","","118","U","Near Mint","0.27","","1.5600","0.2500","1","0","0.2500",""
"4380974","Magic","Commander 2020","Niv-Mizzet, the Firemind","","225","R","Near Mint","0.92","0.99","2.1500","0.8100","0","0","0.8300",""
"4388185","Magic","Commander 2020","Painful Truths","","134","R","Near Mint","0.28","0.27","1.4500","0.1400","0","0","0.1700",""
"4386135","Magic","Commander 2020","Prairie Stream","","299","R","Near Mint","0.18","0.18","1.4400","0.1300","1","0","0.1500",""
"4386255","Magic","Commander 2020","Reliquary Tower","","301","U","Near Mint","2.13","2.10","3.1900","1.8800","1","0","1.9300",""
"4386455","Magic","Commander 2020","Rupture Spire","","304","C","Near Mint","0.12","0.11","1.4100","0.1000","1","0","0.1500",""
"4390305","Magic","Commander 2020","Sakura-Tribe Elder","","187","C","Near Mint","0.58","0.61","1.5600","0.2500","0","0","0.3200",""
"4390105","Magic","Commander 2020","Shabraz, the Skyshark","","14","M","Near Mint Foil","4.30","4.27","4.8100","3.5000","0","0","3.9000",""
"4370253","Magic","Commander 2020","Shiny Impetus","","55","U","Near Mint","0.08","","1.3700","0.0600","1","0","0.1500",""
"4387155","Magic","Commander 2020","Skycloud Expanse","","312","R","Near Mint","0.18","0.12","1.4300","0.1200","0","0","0.1500",""
"4372433","Magic","Commander 2020","Sol Ring","","252","U","Near Mint","1.16","","2.3600","1.0500","0","0","1.0700",""
"4384365","Magic","Commander 2020","Talrand, Sky Summoner","","125","R","Near Mint","0.27","0.26","1.5000","0.1900","0","0","0.2100",""
"4387585","Magic","Commander 2020","Temple of the False God","","319","U","Near Mint","0.12","","1.4100","0.1000","1","0","0.1500",""
"4382845","Magic","Commander 2020","Vizier of Tumbling Sands","","126","U","Near Mint","0.21","0.17","1.4500","0.1400","1","0","0.1500",""
"4884888","Magic","Commander 2021","Alibou, Ancient Witness","","7","M","Near Mint Foil","1.48","1.38","2.6800","1.3700","0","0","1.3900",""
"4887469","Magic","Commander 2021","Arcane Signet","","234","C","Near Mint","0.47","0.44","1.7200","0.4100","1","0","0.4200",""
"4885448","Magic","Commander 2021","Archaeomancer's Map","","12","R","Near Mint","2.59","","2.8100","1.4000","0","0","1.7200",""
"4892982","Magic","Commander 2021","Beast Within","","186","U","Near Mint","0.94","0.89","2.1200","0.8100","1","0","0.8400",""
"4889503","Magic","Commander 2021","Blasphemous Act","","159","R","Near Mint","1.68","","2.8000","1.4900","0","0","1.5300",""
"4887213","Magic","Commander 2021","Boros Charm","","210","U","Near Mint","5.21","5.25","5.0000","5.0000","0","0","5.1100",""
"4885598","Magic","Commander 2021","Bronze Guardian","","13","R","Near Mint","0.44","","1.5400","0.2300","1","0","0.2700",""
"4897973","Magic","Commander 2021","Citadel Siege","","85","R","Near Mint","0.23","0.25","1.5100","0.2000","0","0","0.2000",""
"4886912","Magic","Commander 2021","Cleansing Nova","","86","R","Near Mint","0.39","0.38","1.5000","0.1900","0","0","0.2300",""
"4888279","Magic","Commander 2021","Command Tower","","284","C","Near Mint","0.26","","1.5100","0.2000","0","0","0.2100",""
"4890972","Magic","Commander 2021","Commander's Insight","","23","R","Near Mint","0.36","0.35","1.6300","0.3200","0","0","0.3300",""
"4891023","Magic","Commander 2021","Curiosity Crafter","","24","R","Near Mint","1.17","0.99","1.9100","0.6000","1","0","0.7100",""
"4885348","Magic","Commander 2021","Cursed Mirror","","50","R","Near Mint","1.51","2.20","2.3200","1.0100","0","0","1.1100",""
"4887924","Magic","Commander 2021","Darksteel Mutation","","87","U","Near Mint","1.59","","2.8100","1.5000","0","0","1.5200",""
"4891075","Magic","Commander 2021","Deekah, Fractal Theorist","","26","R","Near Mint","2.05","2.03","2.5500","1.2400","0","0","1.4000",""
"4890509","Magic","Commander 2021","Desert of the Fervent","","286","C","Near Mint","0.14","0.14","1.4100","0.1000","1","0","0.1500",""
"4887113","Magic","Commander 2021","Dispatch","","88","U","Near Mint","0.58","0.54","1.7400","0.4300","1","0","0.4600",""
"4895766","Magic","Commander 2021","Elementalist's Palette","","76","R","Near Mint","4.36","4.87","5.0100","5.0100","0","0","5.0200",""
"4886055","Magic","Commander 2021","Hellkite Tyrant","","172","M","Near Mint","4.95","6.49","3.0500","1.7400","0","0","3.3900",""
"4897518","Magic","Commander 2021","Infernal Offering","","146","R","Near Mint","0.22","0.22","1.4400","0.1300","1","0","0.1500",""
"4896468","Magic","Commander 2021","Keen Duelist","","42","R","Near Mint","2.16","","3.2900","1.9800","1","0","2.0200",""
"4893037","Magic","Commander 2021","Kodama's Reach","","197","C","Near Mint","1.48","","2.7700","1.4600","0","0","1.4600",""
"4901760","Magic","Commander 2021","Llanowar Wastes","","297","R","Near Mint","0.76","0.51","1.7100","0.4000","1","0","0.4700",""
"4890659","Magic","Commander 2021","Lonely Sandbar","","298","U","Near Mint","0.18","0.18","1.3900","0.0800","1","0","0.1500",""
"4898426","Magic","Commander 2021","Mikokoro, Center of the Sea","","302","R","Near Mint","4.34","4.69","5.0400","5.0400","0","0","5.0400",""
"4887724","Magic","Commander 2021","Mind Stone","","251","U","Near Mint","0.17","0.17","1.4700","0.1600","1","0","0.1600",""
"4885398","Magic","Commander 2021","Monologue Tax","","19","R","Near Mint","5.30","4.99","4.5600","3.2500","0","0","4.3100",""
"4901920","Magic","Commander 2021","Promise of Loyalty (Extended Art)","","348","R","Near Mint","2.64","2.54","3.7100","2.4000","0","0","2.4500",""
"4892782","Magic","Commander 2021","Rapid Hybridization","","126","U","Near Mint","1.61","","2.2200","0.9100","0","0","1.0500",""
"4903815","Magic","Commander 2021","Rionya, Fire Dancer (Extended Art)","","382","R","Near Mint","11.29","12.82","11.2800","9.9700","0","0","11.2900",""
"4900250","Magic","Commander 2021","Sapling of Colfenor","","228","R","Near Mint","2.07","2.17","2.9900","1.6800","0","0","0.9700",""
"4893517","Magic","Commander 2021","Shamanic Revelation","","206","R","Near Mint","0.68","0.85","1.8500","0.5400","1","0","0.5700",""
"4887824","Magic","Commander 2021","Sol Ring","","263","U","Near Mint","1.25","1.31","2.5000","1.1900","1","0","1.2100",""
"4890209","Magic","Commander 2021","Talisman of Creativity","","269","U","Near Mint","2.19","2.49","2.8100","1.5000","0","0","1.6400",""
"4887366","Magic","Commander 2021","Thousand-Year Elixir","","271","R","Near Mint","12.49","14.38","12.0300","11.0000","0","0","11.7500",""
"4894639","Magic","Commander 2021","Tranquil Thicket","","408","C","Near Mint","0.11","0.10","1.3900","0.0800","1","0","0.1500",""
"4902685","Magic","Commander 2021","Veyran, Voice of Duality (Extended Art)","","330","M","Near Mint","14.36","22.00","14.0400","13.0500","0","0","14.2000",""
"3371464","Magic","Commander Anthology","Angelic Arbiter","","4","R","Near Mint","3.22","","4.4800","3.1700","0","0","3.2000",""
"3371499","Magic","Commander Anthology","Avatar of Slaughter","","77","R","Near Mint","0.35","","1.6100","0.3000","1","0","0.3100",""
"3371504","Magic","Commander Anthology","Azami, Lady of Scrolls","","31","R","Near Mint","0.57","","1.6900","0.3800","0","0","0.4200",""
"3371584","Magic","Commander Anthology","Blue Sun's Zenith","","32","R","Near Mint","1.87","","2.8100","1.5000","2","0","1.5700",""
"3371219","Magic","Commander Anthology","Derevi, Empyrial Tactician","","176","M","Near Mint Foil","7.69","","8.0600","8.0600","0","0","8.0600",""
"3371794","Magic","Commander Anthology","Eater of Hope","","57","R","Near Mint","0.26","0.25","1.4100","0.1000","0","0","0.1500",""
"3371934","Magic","Commander Anthology","Grave Sifter","","112","R","Near Mint","0.38","","1.5500","0.2400","1","0","0.2700",""
"3372549","Magic","Commander Anthology","Sword of the Paruns","","234","R","Near Mint","1.20","","2.4100","1.1000","1","0","1.1200",""
"3372599","Magic","Commander Anthology","Terastodon","","153","R","Near Mint","0.35","","1.5500","0.2400","0","0","0.2600",""
"3744281","Magic","Commander Anthology Volume II","Bogardan Hellkite","","86","M","Near Mint","0.41","","1.6400","0.3300","1","0","0.3500",""
"3744436","Magic","Commander Anthology Volume II","Dark Hatchling","","61","R","Near Mint","0.24","","1.3900","0.0800","0","0","0.1500",""
"3744516","Magic","Commander Anthology Volume II","Dreamborn Muse","","41","R","Near Mint","4.13","3.99","5.0600","3.7500","0","0","3.9400",""
"3744519","Magic","Commander Anthology Volume II","Dreamborn Muse","","41","R","Heavily Played","2.60","","3.8800","2.5700","1","0","2.5700",""
"3759382","Magic","Commander Anthology Volume II","Extractor Demon","","62","R","Near Mint","0.38","","1.4800","0.1700","0","0","0.2100",""
"3744926","Magic","Commander Anthology Volume II","Magmaquake","","112","R","Near Mint","0.46","","1.5000","0.1900","0","0","0.2400",""
"3758943","Magic","Commander Anthology Volume II","Memory Erosion","","45","R","Near Mint","6.96","","7.3600","6.0900","0","0","6.5300",""
"3745236","Magic","Commander Anthology Volume II","Swiftfoot Boots","","223","U","Near Mint","2.24","","2.8100","1.5000","1","0","1.6500",""
"3744751","Magic","Commander Anthology Volume II","Warstorm Surge","","129","R","Near Mint","1.73","3.96","2.6100","1.3000","0","0","1.3900",""
"3744621","Magic","Commander Anthology Volume II","Wurmcoil Engine","","231","M","Near Mint","7.63","","8.6000","7.2900","0","0","7.4600",""
"4535346","Magic","Commander Collection: Green","Seedborn Muse","","4","R","Near Mint","9.68","10.00","9.6400","9.6400","0","0","9.6600",""
"4657269","Magic","Commander Legends","Akroma, Vision of Ixidor","","2","M","Near Mint","8.41","9.59","8.3600","7.3700","0","0","7.9000",""
"4657444","Magic","Commander Legends","Akroma's Will","","3","R","Near Mint","9.55","10.68","9.2500","9.2500","0","0","8.7400",""
"4634385","Magic","Commander Legends","Amareth, the Lustrous","","266","R","Near Mint","0.35","0.47","1.5600","0.2500","0","0","0.2700",""
"4651703","Magic","Commander Legends","Anara, Wolvid Familiar","","214","U","Near Mint","0.57","0.64","1.6300","0.3200","0","0","0.3400",""
"4641126","Magic","Commander Legends","Arcane Signet","","297","U","Near Mint","0.75","0.99","1.7000","0.3900","3","0","0.4600",""
"4643511","Magic","Commander Legends","Archelos, Lagoon Mystic","","268","R","Near Mint","0.19","","1.4200","0.1100","0","0","0.1500",""
"4647081","Magic","Commander Legends","Ardenn, Intrepid Archaeologist","","10","U","Near Mint","2.79","2.68","3.7500","2.4400","0","0","2.5100",""
"4646366","Magic","Commander Legends","Armillary Sphere","","298","C","Near Mint","0.13","0.06","1.3600","0.0500","1","0","0.1500",""
"4654363","Magic","Commander Legends","Armorcraft Judge","","218","U","Near Mint","0.07","0.07","1.3600","0.0500","2","0","0.1500",""
"4650538","Magic","Commander Legends","Armored Skyhunter","","11","R","Near Mint","4.25","5.42","4.5600","3.2500","0","0","3.7100",""
"4631870","Magic","Commander Legends","Aurora Phoenix","","161","R","Near Mint","0.29","","1.5500","0.2400","0","0","0.2500",""
"4650628","Magic","Commander Legends","Austere Command","","12","R","Near Mint","0.36","0.35","1.5600","0.2500","1","0","0.2700",""
"4675560","Magic","Commander Legends","Avenger of Zendikar","","422","M","Near Mint","0.96","0.94","2.2400","0.9300","0","0","0.9400",""
"4632570","Magic","Commander Legends","Averna, the Chaos Bloom","","269","R","Near Mint","0.23","","1.5100","0.2000","0","0","0.2100",""
"4639571","Magic","Commander Legends","Belbe, Corrupted Observer","","270","R","Near Mint","0.21","0.21","1.4800","0.1700","0","0","0.1800",""
"4659034","Magic","Commander Legends","Bell Borca, Spectral Sergeant","","271","R","Near Mint","0.12","0.07","1.3700","0.0600","0","0","0.1500",""
"4654453","Magic","Commander Legends","Biowaste Blob","","219","R","Near Mint","0.31","0.27","1.5700","0.2600","0","0","0.2700",""
"4678305","Magic","Commander Legends","Blackblade Reforged","","457","R","Near Mint","2.45","2.45","3.5200","2.1800","0","0","2.2300",""
"4627495","Magic","Commander Legends","Bladegriff Prototype","","300","R","Near Mint","0.22","0.22","1.4600","0.1500","0","0","0.1600",""
"4647336","Magic","Commander Legends","Blasphemous Act","","162","R","Near Mint","2.04","2.75","2.7600","1.4500","0","0","1.5700",""
"4647341","Magic","Commander Legends","Blasphemous Act","","162","R","Near Mint Foil","3.74","","4.3100","3.0000","1","0","3.3700",""
"4671140","Magic","Commander Legends","Blazing Sunsteel","","364","R","Near Mint","1.93","2.25","3.2300","1.9200","0","0","1.9200",""
"4632670","Magic","Commander Legends","Blim, Comedic Genius","","272","R","Near Mint","0.16","0.08","1.3900","0.0800","0","0","0.1500",""
"4668350","Magic","Commander Legends","Body of Knowledge","","59","R","Near Mint","0.26","0.25","1.4600","0.1500","1","0","0.1700",""
"4649061","Magic","Commander Legends","Boros Charm","","442","U","Near Mint","4.96","6.01","5.1200","5.1200","0","0","5.1200",""
"4661820","Magic","Commander Legends","Burnished Hart","","302","U","Near Mint","0.09","0.07","1.3700","0.0600","0","0","0.1500",""
"4629409","Magic","Commander Legends","Charcoal Diamond","","303","C","Near Mint","0.27","0.35","1.4600","0.1500","1","0","0.1700",""
"4628829","Magic","Commander Legends","Coastline Marauders","","168","U","Near Mint","0.13","0.11","1.4100","0.1000","0","0","0.1500",""
"4639976","Magic","Commander Legends","Colfenor, the Last Yew","","274","R","Near Mint","0.30","","1.5100","0.2000","0","0","0.2200",""
"4674975","Magic","Commander Legends","Comet Storm","","411","M","Near Mint","1.00","","2.1700","0.8600","0","0","0.8900",""
"4536100","Magic","Commander Legends","Command Tower (350)","","350","C","Near Mint","0.20","0.20","1.5000","0.1900","0","0","0.1900",""
"4658244","Magic","Commander Legends","Commander's Plate","","305","M","Near Mint","36.23","43.99","36.5000","35.5100","0","0","35.7300",""
"4535920","Magic","Commander Legends","Commander's Sphere","","306","C","Near Mint","0.19","0.19","1.4500","0.1400","0","0","0.1500",""
"4639751","Magic","Commander Legends","Court of Ambition","","114","R","Near Mint","3.51","3.62","4.5200","3.1300","0","0","3.3200",""
"4644496","Magic","Commander Legends","Court of Grace","","16","R","Near Mint","3.42","3.48","2.5000","1.0000","0","0","2.2700",""
"4644501","Magic","Commander Legends","Court of Grace","","16","R","Near Mint Foil","2.23","","3.3100","2.0000","0","0","2.0400",""
"4660509","Magic","Commander Legends","Court of Ire","","170","R","Near Mint","0.29","0.28","1.5500","0.2400","0","0","0.2500",""
"4672590","Magic","Commander Legends","Dawn Charm","","371","U","Near Mint","1.86","2.49","2.3700","1.0600","0","0","1.2100",""
"4657619","Magic","Commander Legends","Dawnglade Regent","","222","R","Near Mint","0.41","0.48","1.6600","0.3500","0","0","0.3600",""
"4677405","Magic","Commander Legends","Deflecting Palm","","444","R","Near Mint","2.31","2.75","2.9400","1.6300","0","0","1.7700",""
"4672635","Magic","Commander Legends","Disenchant","","372","C","Near Mint","0.10","","1.3900","0.0800","1","0","0.1500",""
"4643736","Magic","Commander Legends","Eligeth, Crossroads Augur","","66","R","Near Mint","0.20","","1.4400","0.1300","0","0","0.1500",""
"4654543","Magic","Commander Legends","Elvish Visionary","","223","C","Near Mint","0.08","0.05","1.3500","0.0400","2","0","0.1500",""
"4655723","Magic","Commander Legends","Esior, Wardwing Familiar","","67","U","Near Mint","0.47","0.43","1.4900","0.1800","0","0","0.2300",""
"4649146","Magic","Commander Legends","Fire Diamond","","309","C","Near Mint","0.25","","1.5100","0.2000","1","0","0.2100",""
"4640246","Magic","Commander Legends","Fleshbag Marauder","","128","C","Near Mint","0.17","0.13","1.4100","0.1000","0","0","0.1500",""
"4662270","Magic","Commander Legends","Foundry Inspector","","310","C","Near Mint","0.27","","1.5100","0.2000","1","0","0.2100",""
"4652288","Magic","Commander Legends","Generous Gift (Extended Art)","","620","U","Near Mint","1.28","1.59","2.3100","1.0000","1","0","1.0600",""
"4644851","Magic","Commander Legends","Ghen, Arcanum Weaver","","275","R","Near Mint","0.25","","1.5400","0.2300","0","0","0.2300",""
"4656828","Magic","Commander Legends","Gilanra, Caller of Wirewood","","230","U","Near Mint","0.25","0.15","1.4100","0.1000","0","0","0.1500",""
"4652018","Magic","Commander Legends","Gnostro, Voice of the Crags","","276","R","Near Mint","0.12","0.08","1.3500","0.0400","0","0","0.1500",""
"4633740","Magic","Commander Legends","Gor Muldrak, Amphinologist","","277","R","Near Mint","0.16","","1.4100","0.1000","1","0","0.1500",""
"4662540","Magic","Commander Legends","Grafted Wargear","","312","U","Near Mint","0.17","0.18","1.4600","0.1500","0","0","0.1500",""
"4659969","Magic","Commander Legends","Guildless Commons","","351","U","Near Mint","1.20","1.43","2.2400","0.9300","0","0","0.9800",""
"4536010","Magic","Commander Legends","Halana, Kessig Ranger","","231","U","Near Mint","0.24","0.20","1.3900","0.0800","0","0","0.1500",""
"4647956","Magic","Commander Legends","Hans Eriksson","","279","R","Near Mint","0.09","","1.3200","0.0100","2","0","0.1500",""
"4676235","Magic","Commander Legends","Harmonize","","427","U","Near Mint","0.24","0.24","1.4600","0.1500","1","0","0.1700",""
"4658029","Magic","Commander Legends","Hellkite Courser","","183","M","Near Mint","5.56","6.70","5.3700","3.8600","0","0","4.7100",""
"4636731","Magic","Commander Legends","Horizon Stone","","315","R","Near Mint","0.98","0.85","2.0000","0.6900","0","0","0.7500",""
"4655858","Magic","Commander Legends","Hullbreacher","","74","R","Near Mint","1.28","1.29","2.2500","0.9400","0","0","0.2600",""
"4639661","Magic","Commander Legends","Hunter's Insight","","232","U","Near Mint","0.35","0.37","1.6300","0.3200","0","0","0.3300",""
"4632795","Magic","Commander Legends","Ikra Shidiqi, the Usurper (Foil Etched)","","519","M","Near Mint Foil","3.14","2.93","4.0600","2.7500","0","0","2.9500",""
"4642496","Magic","Commander Legends","Immaculate Magistrate","","234","R","Near Mint","0.57","0.49","1.8000","0.4900","0","0","0.5100",""
"4636175","Magic","Commander Legends","Imperious Perfect","","235","U","Near Mint","0.36","0.45","1.6000","0.2900","0","0","0.1500",""
"4660599","Magic","Commander Legends","Jared Carthalion, True Heir","","281","R","Near Mint","0.13","","1.3600","0.0500","5","0","0.1500",""
"4675245","Magic","Commander Legends","Jaya's Immolating Inferno","","415","R","Near Mint","1.26","2.24","1.7100","0.4000","0","0","0.5700",""
"4638846","Magic","Commander Legends","Jeska, Thrice Reborn","","186","M","Near Mint","5.68","5.76","6.0500","6.0500","0","0","5.2600",""
"4640336","Magic","Commander Legends","Jeweled Lotus","","319","M","Near Mint","31.37","33.95","33.4500","32.4500","0","0","32.4500",""
"4637071","Magic","Commander Legends","Kediss, Emberclaw Familiar","","188","U","Near Mint","4.63","5.24","4.8800","3.5700","0","0","4.0700",""
"4637166","Magic","Commander Legends","Kediss, Emberclaw Familiar (Foil Etched)","","573","U","Near Mint Foil","12.65","13.49","12.6300","12.6300","1","0","12.6300",""
"4536460","Magic","Commander Legends","Keeper of the Accord","","27","R","Near Mint","0.37","0.46","1.5300","0.2200","0","0","0.2500",""
"4632290","Magic","Commander Legends","Kodama of the East Tree","","239","R","Near Mint","2.81","2.80","3.3100","2.0000","0","0","2.1600",""
"4652418","Magic","Commander Legends","Kodama's Reach (Extended Art)","","681","C","Near Mint","3.13","3.86","3.8000","2.4900","1","0","2.8100",""
"4661100","Magic","Commander Legends","Kwain, Itinerant Meddler","","284","R","Near Mint","0.20","0.22","1.4100","0.1000","0","0","0.1500",""
"4665240","Magic","Commander Legends","Kwain, Itinerant Meddler (Foil Etched)","","604","R","Near Mint Foil","0.68","0.59","1.8800","0.5700","0","0","0.5900",""
"4632895","Magic","Commander Legends","Kydele, Chosen of Kruphix (Foil Etched)","","524","M","Near Mint Foil","2.48","3.98","3.4000","1.9800","0","0","0.5000",""
"4653958","Magic","Commander Legends","Lathiel, the Bounteous Dawn","","285","R","Near Mint","0.37","0.34","1.6100","0.3000","0","0","0.3100",""
"4644226","Magic","Commander Legends","Livio, Oathsworn Sentinel","","31","R","Near Mint","0.08","0.08","1.3300","0.0200","1","0","0.1500",""
"4677315","Magic","Commander Legends","Loxodon Warhammer","","465","R","Near Mint","0.88","1.47","2.1300","0.8200","0","0","0.5700",""
"4643936","Magic","Commander Legends","Ludevic, Necro-Alchemist (Foil Etched)","","525","M","Near Mint Foil","0.98","1.69","1.8500","0.5400","1","0","0.6300",""
"4632390","Magic","Commander Legends","Magus of the Order","","242","R","Near Mint","0.17","","1.4000","0.0900","2","0","0.1500",""
"4662720","Magic","Commander Legends","Make a Stand","","32","U","Near Mint","0.12","","1.4100","0.1000","1","0","0.1500",""
"4655988","Magic","Commander Legends","Mana Drain","","80","M","Near Mint","39.25","50.24","34.7500","34.7500","0","0","36.2600",""
"4630659","Magic","Commander Legends","Marble Diamond","","323","C","Near Mint","0.14","","1.4100","0.1000","1","0","0.1500",""
"4672900","Magic","Commander Legends","Martial Coup","","378","R","Near Mint","0.19","0.13","1.4000","0.0900","1","0","0.1500",""
"4627769","Magic","Commander Legends","Mask of Memory","","324","U","Near Mint","0.34","","1.6000","0.2900","0","0","0.3000",""
"4624850","Magic","Commander Legends","Mnemonic Deluge","","82","M","Near Mint","5.06","6.56","3.9900","2.6800","0","0","3.8700",""
"4652933","Magic","Commander Legends","Moss Diamond","","327","C","Near Mint","0.10","","1.3500","0.0400","1","0","0.1500",""
"4649886","Magic","Commander Legends","Necrotic Hex","","137","R","Near Mint","0.31","0.29","1.5200","0.2100","0","0","0.2300",""
"4653198","Magic","Commander Legends","Nevinyrral, Urborg Tyrant","","287","R","Near Mint","0.28","0.22","1.4900","0.1800","0","0","0.2000",""
"4653068","Magic","Commander Legends","Nevinyrral's Disk","","328","R","Near Mint","0.37","","1.6100","0.3000","0","0","0.3200",""
"4649621","Magic","Commander Legends","Nightshade Harvester","","138","R","Near Mint","0.20","0.20","1.4300","0.1200","2","0","0.1500",""
"4636276","Magic","Commander Legends","Numa, Joraga Chieftain","","246","U","Near Mint","0.09","0.01","1.3300","0.0200","0","0","0.1500",""
"4628359","Magic","Commander Legends","Nymris, Oona's Trickster","","288","R","Near Mint","0.14","","1.4100","0.1000","0","0","0.1500",""
"4647596","Magic","Commander Legends","Obeka, Brute Chronologist","","289","R","Near Mint","0.30","","1.5100","0.2000","0","0","0.2200",""
"4662900","Magic","Commander Legends","Open the Armory","","34","U","Near Mint","2.17","2.75","2.5600","1.2500","0","0","1.4200",""
"4643646","Magic","Commander Legends","Path of Ancestry","","353","C","Near Mint","0.18","0.14","1.4300","0.1200","0","0","0.1500",""
"4647866","Magic","Commander Legends","Plague Reaver","","143","R","Near Mint","0.29","","1.5100","0.2000","0","0","0.2200",""
"4637936","Magic","Commander Legends","Preordain","","84","C","Near Mint Foil","1.05","1.14","2.3100","1.0000","0","0","1.0100",""
"4629594","Magic","Commander Legends","Profane Transfusion","","145","M","Near Mint","1.19","1.16","2.2300","0.9200","0","0","1.1200",""
"4644941","Magic","Commander Legends","Promise of Tomorrow","","39","R","Near Mint","0.18","0.09","1.4100","0.1000","0","0","0.1500",""
"4676505","Magic","Commander Legends","Rampaging Baloths","","431","R","Near Mint","0.44","0.40","1.5800","0.2700","0","0","0.3000",""
"4676640","Magic","Commander Legends","Ramunap Excavator","","433","R","Near Mint","4.25","3.44","4.2300","2.2400","0","0","3.2400",""
"4654633","Magic","Commander Legends","Reclamation Sage (248)","","248","U","Near Mint","0.09","0.08","1.3700","0.0600","0","0","0.1500",""
"4650066","Magic","Commander Legends","Reshape the Earth","","249","M","Near Mint","8.95","10.49","8.7100","7.3200","0","0","8.1300",""
"4677720","Magic","Commander Legends","Response // Resurgence","","449","R","Near Mint","0.25","","1.5500","0.2400","0","0","0.2400",""
"4645301","Magic","Commander Legends","Rings of Brighthearth","","335","R","Near Mint Foil","5.08","","5.9900","5.0000","0","0","5.0400",""
"4645386","Magic","Commander Legends","Rings of Brighthearth (Extended Art)","","698","R","Near Mint","5.91","6.13","6.1300","6.1300","0","0","5.9100",""
"4637571","Magic","Commander Legends","Rograkh, Son of Rohgahh","","197","U","Near Mint","1.13","0.99","2.3100","1.0000","0","0","1.0300",""
"4648136","Magic","Commander Legends","Rootweaver Druid","","250","R","Near Mint","0.32","","1.5600","0.2500","0","0","0.2600",""
"4664880","Magic","Commander Legends","Rupture Spire (355)","","355","C","Near Mint","0.07","0.03","1.3200","0.0100","1","0","0.1500",""
"4656118","Magic","Commander Legends","Sakashima of a Thousand Faces","","89","M","Near Mint","29.48","34.78","29.9000","29.9000","0","0","27.0000",""
"4656253","Magic","Commander Legends","Sakashima's Protege","","90","R","Near Mint","0.27","","1.5100","0.2000","0","0","0.2100",""
"4674435","Magic","Commander Legends","Scourge of Fleets","","403","R","Near Mint","0.47","0.35","1.6100","0.3000","0","0","0.3300",""
"4536190","Magic","Commander Legends","Sengir, the Dark Baron","","149","R","Near Mint","0.19","","1.4400","0.1300","0","0","0.1500",""
"4664160","Magic","Commander Legends","Shimmer Myr","","339","U","Near Mint","0.31","0.25","1.4900","0.1800","1","0","0.2100",""
"4673265","Magic","Commander Legends","Sigarda's Aid","","384","R","Near Mint","16.45","17.40","15.7300","14.2300","0","0","15.5900",""
"4677945","Magic","Commander Legends","Simic Sky Swallower","","452","R","Near Mint","0.20","0.20","1.4100","0.1000","0","0","0.1500",""
"4640806","Magic","Commander Legends","Sky Diamond","","341","C","Near Mint","0.21","0.22","1.4700","0.1600","1","0","0.1700",""
"4674930","Magic","Commander Legends","Slayers' Stronghold","","494","R","Near Mint","0.23","","1.4300","0.1200","0","0","0.1500",""
"4654723","Magic","Commander Legends","Slurrk, All-Ingesting","","256","U","Near Mint","0.11","0.05","1.3800","0.0700","3","0","0.1500",""
"4660059","Magic","Commander Legends","Sol Ring","","472","U","Near Mint","1.32","1.32","2.5100","1.2000","0","0","1.2200",""
"4535470","Magic","Commander Legends","Spectator Seating","","356","R","Near Mint","11.12","10.78","11.1200","11.1200","0","0","11.0600",""
"4674705","Magic","Commander Legends","Sphinx of Uthuun","","406","R","Near Mint","0.09","","1.3700","0.0600","1","0","0.1500",""
"4673355","Magic","Commander Legends","Spirit Mantle","","385","U","Near Mint","2.20","2.88","2.9100","1.6000","0","0","1.7200",""
"4677990","Magic","Commander Legends","Spitting Image","","453","R","Near Mint","0.21","0.11","1.3900","0.0800","1","0","0.1500",""
"4640916","Magic","Commander Legends","Staff of Domination","","343","R","Near Mint","4.60","6.09","5.2200","3.9100","0","0","4.1100",""
"4670060","Magic","Commander Legends","Stingerfling Spider","","258","U","Near Mint","0.07","0.06","1.3600","0.0500","3","0","0.1500",""
"4674750","Magic","Commander Legends","Stormtide Leviathan","","407","R","Near Mint","1.10","1.98","1.7500","0.4400","0","0","0.5700",""
"4676595","Magic","Commander Legends","Sunforger","","473","R","Near Mint","3.43","","4.3000","2.9900","0","0","3.2100",""
"4676460","Magic","Commander Legends","Sword of Vengeance","","475","R","Near Mint","0.70","","2.0000","0.5000","0","0","0.6700",""
"4659169","Magic","Commander Legends","Swords to Plowshares","","387","U","Near Mint","1.11","1.07","2.3700","1.0600","1","0","1.0600",""
"4658334","Magic","Commander Legends","Terramorphic Expanse (357)","","357","C","Near Mint","0.07","0.07","1.3700","0.0600","4","0","0.1500",""
"4625361","Magic","Commander Legends","Tevesh Szat, Doom of Fools","","153","M","Near Mint","7.30","8.39","6.7000","5.7100","0","0","7.0000",""
"4648931","Magic","Commander Legends","Thought Vessel","","346","U","Near Mint","1.27","1.12","2.3100","1.0000","1","0","1.0500",""
"4645251","Magic","Commander Legends","Thrasios, Triton Hero (Foil Etched)","","538","M","Near Mint Foil","17.80","26.70","16.5000","15.2000","0","0","16.5000",""
"4632480","Magic","Commander Legends","Three Visits","","261","U","Near Mint","5.22","6.49","5.0000","2.0100","4","0","5.1400",""
"4673580","Magic","Commander Legends","Unquestioned Authority","","389","U","Near Mint","0.78","0.67","1.8000","0.4900","0","0","0.5500",""
"4625637","Magic","Commander Legends","Vampiric Tutor","","156","M","Near Mint","55.90","62.99","51.9900","51.0000","0","0","52.4700",""
"4644631","Magic","Commander Legends","War Room","","361","R","Near Mint","3.10","2.98","4.1900","2.8800","0","0","3.0100",""
"4678260","Magic","Commander Legends","Wear // Tear","","456","U","Near Mint","0.79","0.78","1.8400","0.4900","0","0","0.5500",""
"4651573","Magic","Commander Legends","Wheel of Misfortune","","211","R","Near Mint","4.99","4.99","5.3100","4.0000","0","0","4.5400",""
"4674840","Magic","Commander Legends","Whelming Wave","","409","R","Near Mint","0.52","0.51","1.8000","0.4900","0","0","0.4900",""
"4673895","Magic","Commander Legends","Winds of Rath","","392","R","Near Mint","0.28","","1.5100","0.2000","0","0","0.2200",""
"4647506","Magic","Commander Legends","Wrong Turn","","107","R","Near Mint","0.36","","1.6300","0.3200","0","0","0.3300",""
"4672855","Magic","Commander Legends","Wyleth, Soul of Steel","","362","M","Near Mint Foil","2.94","3.69","3.6100","2.3000","0","0","2.4700",""
"4636616","Magic","Commander Legends","Yurlok of Scorch Thrash","","293","R","Near Mint","0.23","","1.4800","0.1700","0","0","0.1800",""
"5597414","Magic","Commander Legends: Battle for Baldur's Gate","Abdel Adrian, Gorion's Ward","","2","U","Near Mint","0.16","0.15","1.4000","0.0900","0","0","0.1500",""
"5613914","Magic","Commander Legends: Battle for Baldur's Gate","Agent of the Iron Throne","","107","U","Near Mint","0.29","0.27","1.5500","0.2400","0","0","0.2500",""
"5618591","Magic","Commander Legends: Battle for Baldur's Gate","Agent of the Shadow Thieves","","108","U","Near Mint","0.11","0.07","1.4000","0.0900","1","0","0.1500",""
"5615558","Magic","Commander Legends: Battle for Baldur's Gate","Alaundo the Seer (Foil Etched)","","523","R","Near Mint Foil","0.15","0.14","1.3500","0.0400","2","0","0.1500",""
"5617446","Magic","Commander Legends: Battle for Baldur's Gate","Ambition's Cost","","110","U","Near Mint","0.14","","1.4000","0.0900","1","0","0.1500",""
"5622381","Magic","Commander Legends: Battle for Baldur's Gate","Amethyst Dragon","","160","U","Near Mint","0.11","0.03","1.3600","0.0500","0","0","0.1500",""
"5624492","Magic","Commander Legends: Battle for Baldur's Gate","Ancient Silver Dragon","","56","M","Near Mint","40.08","44.14","38.1900","37.1900","0","0","38.0600",""
"5599629","Magic","Commander Legends: Battle for Baldur's Gate","Arcane Signet","","298","U","Near Mint","0.55","0.46","1.7500","0.4400","0","0","0.4600",""
"5618196","Magic","Commander Legends: Battle for Baldur's Gate","Archivist of Oghma","","4","R","Near Mint Foil","5.37","8.52","6.0000","6.0000","0","0","6.0000",""
"5618291","Magic","Commander Legends: Battle for Baldur's Gate","Ascend from Avernus","","5","R","Near Mint","1.12","1.14","1.9800","0.6700","0","0","0.7600",""
"5626447","Magic","Commander Legends: Battle for Baldur's Gate","Astarion's Thirst","","114","R","Near Mint","0.87","0.75","1.8100","0.5000","0","0","0.5800",""
"5596604","Magic","Commander Legends: Battle for Baldur's Gate","Baldur's Gate","","345","R","Near Mint","1.88","2.99","","","0","0","1.5700",""
"5596565","Magic","Commander Legends: Battle for Baldur's Gate","Baldur's Gate (Extended Art)","","600","R","Lightly Played","1.49","","3.4200","1.4200","0","0","1.4300",""
"5631844","Magic","Commander Legends: Battle for Baldur's Gate","Bane's Contingency","","57","U","Near Mint","0.17","","1.4100","0.1000","0","0","0.1500",""
"5645134","Magic","Commander Legends: Battle for Baldur's Gate","Banishment","","8","U","Near Mint","0.08","0.02","1.3200","0.0100","1","0","0.1500",""
"5633644","Magic","Commander Legends: Battle for Baldur's Gate","Barroom Brawl","","217","R","Near Mint","0.08","0.08","1.3500","0.0400","0","0","0.1500",""
"5639044","Magic","Commander Legends: Battle for Baldur's Gate","Basilisk Gate","","346","C","Near Mint","0.19","0.14","1.4000","0.0900","0","0","0.1500",""
"5624672","Magic","Commander Legends: Battle for Baldur's Gate","Beckoning Will-o'-Wisp","","10","U","Near Mint","0.06","0.02","1.3200","0.0100","1","0","0.1500",""
"5632144","Magic","Commander Legends: Battle for Baldur's Gate","Bloodboil Sorcerer","","164","U","Near Mint","0.06","0.03","1.3200","0.0100","1","0","0.1500",""
"5632149","Magic","Commander Legends: Battle for Baldur's Gate","Bloodboil Sorcerer","","164","U","Near Mint Foil","0.10","0.05","1.3500","0.0400","1","0","0.1500",""
"5650010","Magic","Commander Legends: Battle for Baldur's Gate","Bothersome Quasit","","674","R","Near Mint","11.93","11.99","10.2400","8.9900","0","0","10.5000",""
"5477064","Magic","Commander Legends: Battle for Baldur's Gate","Bountiful Promenade","","348","R","Near Mint","12.56","12.56","10.9700","9.9800","0","0","11.2800",""
"5477069","Magic","Commander Legends: Battle for Baldur's Gate","Bountiful Promenade","","348","R","Near Mint Foil","14.41","13.83","13.7800","12.4900","0","0","13.4500",""
"5617246","Magic","Commander Legends: Battle for Baldur's Gate","Campfire","","304","U","Near Mint","0.23","0.17","1.4800","0.1700","0","0","0.1900",""
"5629950","Magic","Commander Legends: Battle for Baldur's Gate","Candlekeep Inspiration","","59","U","Near Mint","0.06","0.04","1.3600","0.0500","1","0","0.1500",""
"5602275","Magic","Commander Legends: Battle for Baldur's Gate","Captain N'ghathrod","","646","M","Lightly Played Foil","7.74","","8.5000","7.5100","0","0","8.0000",""
"5629037","Magic","Commander Legends: Battle for Baldur's Gate","Cast Down","","119","U","Near Mint Foil","1.06","1.05","1.5400","0.2300","0","0","0.3700",""
"5632544","Magic","Commander Legends: Battle for Baldur's Gate","Caves of Chaos Adventurer","","167","R","Near Mint","0.24","0.23","1.5200","0.2100","0","0","0.2100",""
"5627127","Magic","Commander Legends: Battle for Baldur's Gate","Citadel Gate","","349","C","Near Mint","0.27","","1.4900","0.1800","0","0","0.2000",""
"5624407","Magic","Commander Legends: Battle for Baldur's Gate","Cloudkill","","121","U","Near Mint Foil","0.08","0.05","1.3600","0.0500","1","0","0.1500",""
"5599449","Magic","Commander Legends: Battle for Baldur's Gate","Command Tower","","351","C","Near Mint","0.21","","1.5100","0.2000","0","0","0.2000",""
"5617146","Magic","Commander Legends: Battle for Baldur's Gate","Cone of Cold","","61","U","Near Mint","0.13","","1.3800","0.0700","0","0","0.1500",""
"5596324","Magic","Commander Legends: Battle for Baldur's Gate","Criminal Past","","122","U","Near Mint","0.08","0.03","1.3400","0.0300","0","0","0.1500",""
"5604359","Magic","Commander Legends: Battle for Baldur's Gate","Cultist of the Absolute","","123","R","Near Mint","0.26","","1.5100","0.2000","0","0","0.2100",""
"5606971","Magic","Commander Legends: Battle for Baldur's Gate","Cultist of the Absolute (Foil Etched)","","495","R","Near Mint Foil","0.36","0.35","1.5600","0.2500","0","0","0.2700",""
"5633544","Magic","Commander Legends: Battle for Baldur's Gate","Cut a Deal","","14","U","Near Mint","0.24","0.24","1.4700","0.1600","0","0","0.1700",""
"5617046","Magic","Commander Legends: Battle for Baldur's Gate","Displacer Kitten","","63","R","Near Mint","23.99","24.83","24.6300","24.6300","0","0","22.8100",""
"5617051","Magic","Commander Legends: Battle for Baldur's Gate","Displacer Kitten","","63","R","Near Mint Foil","28.22","25.94","25.9400","25.9400","0","0","26.6200",""
"5635044","Magic","Commander Legends: Battle for Baldur's Gate","Draconic Muralists","","224","U","Near Mint","1.02","0.08","1.4100","0.1000","1","0","0.2800",""
"5613754","Magic","Commander Legends: Battle for Baldur's Gate","Dragon Cultist","","170","U","Near Mint","0.16","","1.3600","0.0500","1","0","0.1500",""
"5626597","Magic","Commander Legends: Battle for Baldur's Gate","Earthquake Dragon","","228","R","Near Mint","2.20","2.22","3.2800","1.9700","0","0","2.0200",""
"5617891","Magic","Commander Legends: Battle for Baldur's Gate","Emerald Dragon","","229","U","Near Mint","0.15","0.05","1.3900","0.0800","1","0","0.1500",""
"5606296","Magic","Commander Legends: Battle for Baldur's Gate","Erinis, Gloom Stalker","","230","U","Near Mint Foil","0.18","0.12","1.4300","0.1200","0","0","0.1500",""
"5606391","Magic","Commander Legends: Battle for Baldur's Gate","Erinis, Gloom Stalker (Showcase)","","407","U","Near Mint","0.07","0.03","1.3400","0.0300","1","0","0.1500",""
"5626342","Magic","Commander Legends: Battle for Baldur's Gate","Explore the Underdark","","232","U","Near Mint","0.16","","1.4100","0.1000","0","0","0.1500",""
"5637944","Magic","Commander Legends: Battle for Baldur's Gate","Feywild Caretaker","","69","U","Near Mint","0.10","","1.3900","0.0800","1","0","0.1500",""
"5613834","Magic","Commander Legends: Battle for Baldur's Gate","Feywild Visitor","","70","U","Near Mint","0.13","","1.3700","0.0600","0","0","0.1500",""
"5599169","Magic","Commander Legends: Battle for Baldur's Gate","Fire Diamond","","313","C","Near Mint","0.22","","1.5100","0.2000","0","0","0.2000",""
"5629257","Magic","Commander Legends: Battle for Baldur's Gate","Fraying Line","","314","R","Near Mint","0.11","","1.3500","0.0400","0","0","0.1500",""
"5654781","Magic","Commander Legends: Battle for Baldur's Gate","Frontline Medic","","693","R","Near Mint","0.18","","1.4000","0.0900","0","0","0.1500",""
"5604729","Magic","Commander Legends: Battle for Baldur's Gate","Gale, Waterdeep Prodigy","","72","R","Near Mint","0.26","0.25","1.5100","0.1600","0","0","0.2100",""
"5654871","Magic","Commander Legends: Battle for Baldur's Gate","Galepowder Mage","","694","R","Near Mint","0.16","","1.4500","0.1400","0","0","0.1500",""
"5619501","Magic","Commander Legends: Battle for Baldur's Gate","Ganax, Astral Hunter","","176","U","Near Mint","0.50","0.49","","","0","0","0.4800",""
"5640244","Magic","Commander Legends: Battle for Baldur's Gate","Geode Golem","","316","U","Near Mint","0.22","","1.4200","0.1100","0","0","0.1500",""
"5650955","Magic","Commander Legends: Battle for Baldur's Gate","Geode Rager","","794","R","Near Mint","0.98","","1.8000","0.4900","0","0","0.5900",""
"5636544","Magic","Commander Legends: Battle for Baldur's Gate","Giant Ankheg","","233","U","Near Mint","0.18","0.10","1.4400","0.1300","0","0","0.1500",""
"5654916","Magic","Commander Legends: Battle for Baldur's Gate","Glorious Protector","","695","R","Near Mint","0.10","0.08","1.3600","0.0500","0","0","0.1500",""
"5624067","Magic","Commander Legends: Battle for Baldur's Gate","Gnoll War Band","","178","U","Near Mint","0.08","0.02","1.3500","0.0400","1","0","0.1500",""
"5650550","Magic","Commander Legends: Battle for Baldur's Gate","Goblin Spymaster","","795","R","Near Mint","0.90","0.49","1.8000","0.4900","0","0","0.5800",""
"5646590","Magic","Commander Legends: Battle for Baldur's Gate","Grazilaxx, Illithid Scholar","","723","R","Near Mint","1.25","","2.2900","0.9800","0","0","1.0300",""
"5610943","Magic","Commander Legends: Battle for Baldur's Gate","Guild Artisan","","179","U","Near Mint","0.11","0.11","1.4100","0.1000","0","0","0.1500",""
"5619401","Magic","Commander Legends: Battle for Baldur's Gate","Gut, True Soul Zealot","","180","U","Near Mint","0.19","","1.4000","0.0900","0","0","0.1500",""
"5626827","Magic","Commander Legends: Battle for Baldur's Gate","Heap Gate","","354","C","Near Mint","0.22","","1.4900","0.1800","0","0","0.1900",""
"5626832","Magic","Commander Legends: Battle for Baldur's Gate","Heap Gate","","354","C","Near Mint Foil","4.36","7.87","2.7500","1.4400","1","0","2.9000",""
"5647760","Magic","Commander Legends: Battle for Baldur's Gate","Hex","","757","R","Near Mint","0.21","0.20","1.4500","0.1400","0","0","0.1500",""
"5607472","Magic","Commander Legends: Battle for Baldur's Gate","Imoen, Mystic Trickster","","77","U","Near Mint","0.08","0.03","1.3300","0.0200","1","0","0.1500",""
"5635144","Magic","Commander Legends: Battle for Baldur's Gate","Inspired Tinkering","","183","U","Near Mint","0.37","","1.5600","0.2500","0","0","0.2700",""
"5631644","Magic","Commander Legends: Battle for Baldur's Gate","Intellect Devourer","","132","R","Near Mint","0.16","0.20","1.4500","0.1400","0","0","0.1500",""
"5599089","Magic","Commander Legends: Battle for Baldur's Gate","Irenicus's Vile Duplication","","78","U","Near Mint","8.16","9.94","8.0000","7.0000","0","0","7.6400",""
"5622101","Magic","Commander Legends: Battle for Baldur's Gate","Iron Mastiff","","317","U","Near Mint","0.13","","1.4400","0.1300","0","0","0.1500",""
"5622106","Magic","Commander Legends: Battle for Baldur's Gate","Iron Mastiff","","317","U","Near Mint Foil","0.32","0.32","1.5000","0.1900","0","0","0.2200",""
"5615048","Magic","Commander Legends: Battle for Baldur's Gate","Karlach, Fury of Avernus (Showcase)","","400","M","Near Mint","10.43","14.59","10.4200","8.9200","0","0","9.6800",""
"5603579","Magic","Commander Legends: Battle for Baldur's Gate","Lae'zel, Vlaakith's Champion (Showcase)","","378","R","Near Mint","1.27","1.77","2.2100","0.9000","0","0","0.9700",""
"5603149","Magic","Commander Legends: Battle for Baldur's Gate","Livaan, Cultist of Tiamat","","188","U","Near Mint","0.06","0.03","1.3500","0.0400","1","0","0.1500",""
"5610643","Magic","Commander Legends: Battle for Baldur's Gate","Majestic Genesis","","240","M","Near Mint","1.74","2.94","2.3100","1.0000","0","0","1.1400",""
"5627027","Magic","Commander Legends: Battle for Baldur's Gate","Manor Gate","","356","C","Near Mint","0.25","0.23","1.5100","0.2000","0","0","0.2100",""
"5627032","Magic","Commander Legends: Battle for Baldur's Gate","Manor Gate","","356","C","Near Mint Foil","1.42","1.31","2.5400","1.2300","1","0","1.2700",""
"5627667","Magic","Commander Legends: Battle for Baldur's Gate","Meteor Golem","","323","U","Near Mint","0.06","0.04","1.3500","0.0400","0","0","0.1500",""
"5628267","Magic","Commander Legends: Battle for Baldur's Gate","Mind Stone","","325","U","Near Mint","0.16","","1.4400","0.1300","0","0","0.1500",""
"5618091","Magic","Commander Legends: Battle for Baldur's Gate","Mirror of Life Trapping","","326","R","Near Mint","0.17","","1.3900","0.0800","0","0","0.1500",""
"5610343","Magic","Commander Legends: Battle for Baldur's Gate","Monster Manual","","242","R","Near Mint","5.20","6.40","5.7900","4.4800","0","0","4.8400",""
"5653771","Magic","Commander Legends: Battle for Baldur's Gate","Multiclass Baldric","","684","R","Near Mint","0.34","0.25","1.4700","0.1600","0","0","0.1900",""
"5631544","Magic","Commander Legends: Battle for Baldur's Gate","Mystery Key","","85","U","Near Mint","0.06","0.02","1.3200","0.0100","0","0","0.1500",""
"5602569","Magic","Commander Legends: Battle for Baldur's Gate","Noble's Purse","","331","U","Near Mint","0.22","0.13","1.4100","0.1000","0","0","0.1500",""
"5621501","Magic","Commander Legends: Battle for Baldur's Gate","Owlbear Cub","","246","R","Near Mint","0.24","","1.4900","0.1800","0","0","0.1900",""
"5625272","Magic","Commander Legends: Battle for Baldur's Gate","Pact Weapon","","139","M","Near Mint","2.08","2.90","2.7000","1.3900","0","0","1.5300",""
"5599949","Magic","Commander Legends: Battle for Baldur's Gate","Passageway Seer","","141","U","Near Mint","0.08","","1.3500","0.0400","1","0","0.1500",""
"5656086","Magic","Commander Legends: Battle for Baldur's Gate","Pontiff of Blight","","768","R","Near Mint","0.21","","1.4400","0.1300","0","0","0.1500",""
"5658841","Magic","Commander Legends: Battle for Baldur's Gate","Raging Ravine","","910","R","Near Mint","0.14","0.09","1.4000","0.0900","0","0","0.1500",""
"5604539","Magic","Commander Legends: Battle for Baldur's Gate","Raised by Giants","","250","R","Near Mint","0.24","","1.5000","0.1900","0","0","0.2000",""
"5596984","Magic","Commander Legends: Battle for Baldur's Gate","Roving Harper","","40","C","Near Mint","0.11","","1.3300","0.0200","1","0","0.1500",""
"5629362","Magic","Commander Legends: Battle for Baldur's Gate","Rug of Smothering","","336","U","Near Mint","0.42","","1.7000","0.3900","0","0","0.4000",""
"5637844","Magic","Commander Legends: Battle for Baldur's Gate","Saddle of the Cavalier","","251","U","Near Mint","0.08","0.01","1.3200","0.0100","1","0","0.1500",""
"5611143","Magic","Commander Legends: Battle for Baldur's Gate","Safana, Calimport Cutthroat","","143","U","Near Mint","0.05","0.03","1.3200","0.0100","0","0","0.1500",""
"5628922","Magic","Commander Legends: Battle for Baldur's Gate","Sailors' Bane","","93","U","Near Mint","0.13","0.04","1.3300","0.0200","1","0","0.1500",""
"5625672","Magic","Commander Legends: Battle for Baldur's Gate","Sapphire Dragon","","94","U","Near Mint","0.21","","1.5000","0.1900","0","0","0.1900",""
"5636044","Magic","Commander Legends: Battle for Baldur's Gate","Sculpted Sunburst","","42","R","Near Mint","0.07","0.07","1.3200","0.0100","1","0","0.1500",""
"5626927","Magic","Commander Legends: Battle for Baldur's Gate","Sea Gate","","359","C","Near Mint","0.66","0.68","1.6600","0.3500","0","0","0.4100",""
"5614818","Magic","Commander Legends: Battle for Baldur's Gate","Shadowheart, Dark Justiciar (Showcase)","","392","R","Near Mint","0.31","0.25","1.5600","0.2500","0","0","0.2600",""
"5605956","Magic","Commander Legends: Battle for Baldur's Gate","Shameless Charlatan","","96","R","Near Mint Foil","0.20","","1.3600","0.0500","1","0","0.1500",""
"5614154","Magic","Commander Legends: Battle for Baldur's Gate","Sharpshooter Elf","","253","U","Near Mint","0.10","0.01","1.3500","0.0400","1","0","0.1500",""
"5628587","Magic","Commander Legends: Battle for Baldur's Gate","Sigil of Myrkul","","147","U","Near Mint","0.08","0.03","1.3200","0.0100","1","0","0.1500",""
"5646354","Magic","Commander Legends: Battle for Baldur's Gate","Sivriss, Nightmare Speaker (Showcase)","","393","U","Near Mint","0.09","0.03","1.3500","0.0400","1","0","0.1500",""
"5615178","Magic","Commander Legends: Battle for Baldur's Gate","Skanos Dragonheart (Showcase)","","410","U","Near Mint","0.16","0.04","1.3200","0.0100","1","0","0.1500",""
"5657156","Magic","Commander Legends: Battle for Baldur's Gate","Skullclamp","","870","U","Near Mint","4.46","5.23","4.8300","3.5200","0","0","4.0300",""
"5643814","Magic","Commander Legends: Battle for Baldur's Gate","Skullport Merchant","","149","U","Near Mint","0.08","","1.3700","0.0600","1","0","0.1500",""
"5476904","Magic","Commander Legends: Battle for Baldur's Gate","Spire Garden","","361","R","Near Mint","13.38","14.90","12.5000","11.2500","0","0","13.3000",""
"5623662","Magic","Commander Legends: Battle for Baldur's Gate","Split the Spoils","","257","U","Near Mint","0.06","0.01","1.3200","0.0100","1","0","0.1500",""
"5655501","Magic","Commander Legends: Battle for Baldur's Gate","Squad Commander","","709","R","Near Mint","0.13","","1.3600","0.0500","1","0","0.1500",""
"5602649","Magic","Commander Legends: Battle for Baldur's Gate","Swiftfoot Boots","","339","U","Near Mint","1.49","","2.2900","0.9800","0","0","1.2500",""
"5602654","Magic","Commander Legends: Battle for Baldur's Gate","Swiftfoot Boots","","339","U","Near Mint Foil","3.48","3.70","2.5500","1.2400","0","0","2.3600",""
"5611748","Magic","Commander Legends: Battle for Baldur's Gate","Sword Coast Sailor","","98","U","Near Mint Foil","0.67","0.99","1.6400","0.3300","0","0","0.4000",""
"5657206","Magic","Commander Legends: Battle for Baldur's Gate","Talisman of Hierarchy","","878","U","Near Mint","1.18","1.33","1.9000","0.5900","0","0","0.7100",""
"5606091","Magic","Commander Legends: Battle for Baldur's Gate","Tasha, the Witch Queen","","294","M","Near Mint","4.45","5.56","4.8000","3.4900","0","0","3.9700",""
"5629685","Magic","Commander Legends: Battle for Baldur's Gate","Taunting Kobold (Showcase)","","404","U","Near Mint","0.10","0.03","1.3400","0.0300","0","0","0.1500",""
"5657431","Magic","Commander Legends: Battle for Baldur's Gate","Temple of Silence","","924","R","Near Mint","0.25","0.24","1.4600","0.1500","0","0","0.1700",""
"5651180","Magic","Commander Legends: Battle for Baldur's Gate","Terrain Generator","","926","U","Near Mint","2.80","","3.7600","2.4500","0","0","2.5200",""
"5638344","Magic","Commander Legends: Battle for Baldur's Gate","Traverse the Outlands","","258","R","Near Mint","2.81","3.79","3.2900","1.9800","0","0","2.1600",""
"5625772","Magic","Commander Legends: Battle for Baldur's Gate","Two-Handed Axe","","203","U","Near Mint","0.75","","2.0400","0.7300","0","0","0.7300",""
"5613453","Magic","Commander Legends: Battle for Baldur's Gate","Vhal, Candlekeep Researcher (Showcase)","","387","U","Near Mint","0.09","0.03","1.3200","0.0100","1","0","0.1500",""
"5607813","Magic","Commander Legends: Battle for Baldur's Gate","Viconia, Drow Apostate","","156","U","Near Mint","0.10","","1.3600","0.0500","1","0","0.1500",""
"5596154","Magic","Commander Legends: Battle for Baldur's Gate","Volo, Itinerant Scholar (Showcase)","","388","M","Near Mint","0.26","0.19","1.4400","0.1300","0","0","0.1600",""
"5631060","Magic","Commander Legends: Battle for Baldur's Gate","Wild Magic Surge","","206","U","Near Mint","1.33","1.57","2.0900","0.7800","0","0","0.8800",""
"5610443","Magic","Commander Legends: Battle for Baldur's Gate","Wilson, Refined Grizzly","","261","U","Near Mint","0.13","0.11","1.4100","0.1000","0","0","0.1500",""
"5645674","Magic","Commander Legends: Battle for Baldur's Gate","Windshaper Planetar","","50","R","Near Mint","0.15","","1.4200","0.1100","0","0","0.1500",""
"5611243","Magic","Commander Legends: Battle for Baldur's Gate","Wizards of Thay","","105","R","Near Mint","0.46","0.49","1.6300","0.3200","0","0","0.3500",""
"5624172","Magic","Commander Legends: Battle for Baldur's Gate","Wrathful Red Dragon","","207","R","Near Mint","3.58","4.18","3.8200","1.8200","0","0","2.7100",""
"5624177","Magic","Commander Legends: Battle for Baldur's Gate","Wrathful Red Dragon","","207","R","Near Mint Foil","3.82","4.22","4.6800","3.3700","0","0","3.5900",""
"5610843","Magic","Commander Legends: Battle for Baldur's Gate","Wyll's Reversal","","209","R","Near Mint","2.02","2.98","1.7100","0.4000","1","0","0.4000",""
"5601399","Magic","Commander Legends: Battle for Baldur's Gate","You Look Upon the Tarrasque","","262","U","Near Mint","0.20","","1.4000","0.0900","0","0","0.1500",""
"7306604","Magic","Commander Masters","Aether Gale","","72","U","Near Mint","0.11","","1.4100","0.1000","0","0","0.1500",""
"7251331","Magic","Commander Masters","Alms Collector","","10","R","Near Mint","0.67","","1.9100","0.6000","0","0","0.6100",""
"7307344","Magic","Commander Masters","Anax, Hardened in the Forge","","204","U","Near Mint","0.07","0.07","1.3200","0.0100","0","0","0.1500",""
"7251116","Magic","Commander Masters","Angelic Field Marshal","","13","R","Near Mint","1.41","1.89","2.3000","0.9900","0","0","1.0800",""
"7300639","Magic","Commander Masters","Animal Magnetism","","271","U","Near Mint","0.05","","1.3200","0.0100","1","0","0.1500",""
"7249137","Magic","Commander Masters","Arcane Signet","","367","U","Near Mint","0.63","0.88","1.7100","0.4000","0","0","0.4600",""
"7248882","Magic","Commander Masters","Arcane Signet (Borderless)","","653","U","Near Mint","4.29","6.05","4.6100","3.3000","0","0","3.8000",""
"7286615","Magic","Commander Masters","Archon of Sun's Grace","","814","R","Near Mint","0.73","0.73","1.9000","0.5900","1","0","0.6300",""
"7256887","Magic","Commander Masters","Ashling the Pilgrim","","205","R","Near Mint","0.15","","1.4100","0.1000","0","0","0.1500",""
"7266661","Magic","Commander Masters","Ashnod's Altar","","368","U","Near Mint","8.95","9.00","8.4900","7.5000","0","0","8.2900",""
"7314149","Magic","Commander Masters","Assault Suit","","369","U","Near Mint","0.15","0.15","1.4300","0.1200","0","0","0.1500",""
"7265171","Magic","Commander Masters","Azami, Lady of Scrolls","","74","R","Near Mint","0.33","0.32","1.5500","0.2400","0","0","0.2600",""
"7308404","Magic","Commander Masters","Bastion of Remembrance","","138","U","Near Mint","0.25","0.25","1.4900","0.1800","0","0","0.1900",""
"7299089","Magic","Commander Masters","Beanstalk Giant","","275","U","Near Mint","0.14","0.13","1.4300","0.1200","1","0","0.1500",""
"7269683","Magic","Commander Masters","Body Double","","75","U","Near Mint","0.12","0.12","1.3600","0.0500","1","0","0.1500",""
"7282683","Magic","Commander Masters","Boros Signet","","942","U","Near Mint","1.47","1.50","1.8000","0.4900","0","0","0.6900",""
"7254575","Magic","Commander Masters","Braids, Conjurer Adept","","76","R","Near Mint","0.34","","1.5600","0.2500","0","0","0.2700",""
"7293290","Magic","Commander Masters","Burnished Hart","","373","U","Lightly Played","0.12","","1.3900","0.0800","1","0","0.1500",""
"7310639","Magic","Commander Masters","Cabal Patriarch","","140","U","Near Mint","0.04","0.04","1.3200","0.0100","1","0","0.1500",""
"7304189","Magic","Commander Masters","Captain Ripley Vance","","209","U","Near Mint","0.06","0.06","1.3200","0.0100","1","0","0.1500",""
"7010832","Magic","Commander Masters","Capture of Jingzhou","","79","M","Near Mint","9.38","11.49","9.5900","9.5900","0","0","9.5900",""
"7248631","Magic","Commander Masters","Chainer, Dementia Master","","144","R","Near Mint","0.19","0.19","1.4600","0.1500","0","0","0.1600",""
"7250746","Magic","Commander Masters","Chromatic Lantern","","376","R","Near Mint","2.14","2.25","3.3100","2.0000","1","0","2.0300",""
"7248536","Magic","Commander Masters","Command Tower (Borderless)","","659","C","Near Mint Foil","3.49","3.50","4.3100","3.0000","0","0","3.2500",""
"7258542","Magic","Commander Masters","Commandeer","","80","R","Near Mint","1.00","1.00","1.8800","0.5700","0","0","0.6500",""
"7302209","Magic","Commander Masters","Corpse Augur","","145","U","Near Mint","0.11","","1.3600","0.0500","1","0","0.1500",""
"7304579","Magic","Commander Masters","Counterspell (Borderless)","","630","C","Near Mint","1.51","1.78","2.2500","0.9400","0","0","1.0500",""
"7265271","Magic","Commander Masters","Curtains' Call","","146","R","Near Mint","0.28","","1.5900","0.2800","0","0","0.2800",""
"7258617","Magic","Commander Masters","Cyclonic Rift","","84","R","Near Mint","24.69","27.72","24.2300","24.2300","0","0","24.3900",""
"7253525","Magic","Commander Masters","Daretti, Scrap Savant","","213","R","Near Mint","0.89","1.00","1.9800","0.5100","0","0","0.5800",""
"7279924","Magic","Commander Masters","Darksteel Mutation","","21","U","Near Mint","1.53","","2.6600","1.1700","0","0","1.2400",""
"7262385","Magic","Commander Masters","Day's Undoing","","85","R","Near Mint","1.03","1.30","2.2000","0.7100","0","0","0.3700",""
"7259207","Magic","Commander Masters","Demonlord Belzenlok","","151","R","Near Mint","0.33","0.37","1.5400","0.2300","0","0","0.2500",""
"7303889","Magic","Commander Masters","Dread Return (Borderless)","","637","C","Near Mint","0.38","0.35","1.5500","0.2400","0","0","0.2600",""
"7286545","Magic","Commander Masters","Dryad of the Ilysian Grove","","891","R","Near Mint","7.91","7.61","7.6100","7.6100","0","0","7.7400",""
"7299929","Magic","Commander Masters","Elvish Mystic","","284","C","Near Mint","0.49","0.48","1.6700","0.3600","0","0","0.3900",""
"7299934","Magic","Commander Masters","Elvish Mystic","","284","C","Near Mint Foil","1.66","1.58","2.3000","0.9900","0","0","1.1200",""
"7303419","Magic","Commander Masters","Elvish Mystic (Borderless)","","648","C","Near Mint","0.58","0.72","1.6100","0.3000","0","0","0.3600",""
"7306854","Magic","Commander Masters","Eternal Witness","","286","U","Near Mint","0.81","1.06","1.9500","0.6400","0","0","0.5700",""
"7278548","Magic","Commander Masters","Exotic Orchard","","993","R","Near Mint","0.42","0.19","1.4500","0.1400","1","0","0.2000",""
"7261999","Magic","Commander Masters","Exsanguinate","","156","U","Near Mint","0.32","","1.5500","0.2400","0","0","0.2600",""
"7283384","Magic","Commander Masters","Exsanguinate (Borderless)","","638","U","Near Mint","1.46","1.56","2.4600","1.1500","0","0","1.2100",""
"7248987","Magic","Commander Masters","Extinguish All Hope","","157","U","Near Mint","0.15","","1.3900","0.0800","0","0","0.1500",""
"7264546","Magic","Commander Masters","Ezuri's Predation","","287","R","Near Mint","0.99","1.01","1.8600","0.5500","0","0","0.6500",""
"7269738","Magic","Commander Masters","Fact or Fiction","","91","U","Near Mint","0.15","0.17","1.4200","0.1100","0","0","0.1500",""
"7269868","Magic","Commander Masters","Fact or Fiction (Borderless)","","631","U","Near Mint","0.30","0.25","1.4800","0.1700","0","0","0.2000",""
"7302579","Magic","Commander Masters","Faithless Looting (Borderless)","","642","C","Near Mint","0.43","0.43","1.6500","0.3400","0","0","0.3600",""
"7306099","Magic","Commander Masters","Feast of Succession","","158","U","Near Mint Foil","0.13","","1.3700","0.0600","1","0","0.1500",""
"7248231","Magic","Commander Masters","Fellwar Stone","","382","U","Near Mint","1.01","","2.2900","0.9800","0","0","0.4500",""
"7248736","Magic","Commander Masters","Fellwar Stone (Borderless)","","657","U","Near Mint Foil","11.93","12.80","11.9300","11.9300","0","0","11.5200",""
"7265071","Magic","Commander Masters","Fierce Guardianship","","94","R","Near Mint","42.35","47.51","36.9900","36.0000","0","0","42.1400",""
"7299299","Magic","Commander Masters","Final Parting","","160","U","Near Mint","0.33","0.36","1.5400","0.2300","0","0","0.2500",""
"7301219","Magic","Commander Masters","Frantic Search (Borderless)","","632","C","Near Mint","0.51","","1.7200","0.4100","0","0","0.4300",""
"7267935","Magic","Commander Masters","Freyalise, Llanowar's Fury","","290","R","Near Mint","2.01","2.01","2.9100","1.6000","0","0","1.6800",""
"7302509","Magic","Commander Masters","Fungal Plots","","291","U","Near Mint","0.16","0.11","1.3600","0.0500","0","0","0.1500",""
"7307459","Magic","Commander Masters","Ghost of Ramirez DePietro","","97","U","Near Mint","0.08","","1.3300","0.0200","1","0","0.1500",""
"7250206","Magic","Commander Masters","Ghoulcaller Gisa","","161","R","Near Mint","2.44","2.46","3.3300","2.0200","0","0","2.1000",""
"7280579","Magic","Commander Masters","Gilded Lotus","","387","R","Near Mint","1.39","1.61","2.0100","0.7000","0","0","0.8400",""
"7280584","Magic","Commander Masters","Gilded Lotus","","387","R","Near Mint Foil","2.39","2.83","2.7900","1.4800","0","0","1.6600",""
"7302649","Magic","Commander Masters","Goreclaw, Terror of Qal Sisma","","293","U","Near Mint","0.60","0.61","1.7800","0.4700","0","0","0.5000",""
"7304874","Magic","Commander Masters","Goremand","","163","U","Near Mint","0.07","0.04","1.3300","0.0200","1","0","0.1500",""
"7308884","Magic","Commander Masters","Gorex, the Tombshell","","164","U","Near Mint","0.10","","1.3600","0.0500","1","0","0.1500",""
"7258022","Magic","Commander Masters","Grenzo, Havoc Raiser","","228","R","Near Mint","0.29","0.28","1.5000","0.1900","0","0","0.2100",""
"7306924","Magic","Commander Masters","Heartless Act","","166","U","Near Mint","0.11","","1.4000","0.0900","0","0","0.1500",""
"7263625","Magic","Commander Masters","Heavenly Blademaster","","28","R","Near Mint","0.25","","1.4500","0.1400","0","0","0.1600",""
"7286957","Magic","Commander Masters","Herald of the Pantheon","","898","R","Near Mint","4.18","4.79","3.4600","2.1500","1","0","3.1800",""
"7251491","Magic","Commander Masters","Heroic Intervention","","295","R","Near Mint","9.97","11.99","10.6000","9.3000","0","0","9.5400",""
"7305469","Magic","Commander Masters","Hunter's Insight","","296","U","Near Mint","0.31","0.32","1.4800","0.1700","0","0","0.1900",""
"7280649","Magic","Commander Masters","Idol of Oblivion","","392","R","Near Mint","0.83","1.00","1.9500","0.6400","0","0","0.6900",""
"7263865","Magic","Commander Masters","Imp's Mischief","","167","R","Near Mint","3.61","4.27","4.3100","3.0000","0","0","3.3100",""
"7308334","Magic","Commander Masters","Inga Rune-Eyes","","100","U","Near Mint","0.05","","1.3200","0.0100","1","0","0.1500",""
"7304959","Magic","Commander Masters","Jade Mage","","298","U","Near Mint","0.10","","1.3600","0.0500","1","0","0.1500",""
"7264821","Magic","Commander Masters","Jazal Goldmane","","32","R","Near Mint","0.20","","1.4000","0.0900","0","0","0.1500",""
"7283074","Magic","Commander Masters","Karn's Bastion","","1007","R","Near Mint","2.97","3.12","3.2000","1.8900","1","0","2.1100",""
"7252600","Magic","Commander Masters","Kirtar's Wrath","","35","U","Near Mint","0.10","0.10","1.3400","0.0300","1","0","0.1500",""
"7263690","Magic","Commander Masters","Kodama's Reach (Borderless)","","649","C","Near Mint","1.29","1.48","1.6900","0.3800","0","0","0.5700",""
"7248781","Magic","Commander Masters","Krenko, Mob Boss","","238","R","Near Mint","1.01","1.01","1.8800","0.5700","0","0","0.6600",""
"7293704","Magic","Commander Masters","Lightning Greaves","","398","U","Near Mint","4.09","4.43","4.8100","3.5000","0","0","3.8100",""
"7257527","Magic","Commander Masters","Lorthos, the Tidemaker","","103","R","Near Mint","0.28","","1.5000","0.1900","0","0","0.2100",""
"7257267","Magic","Commander Masters","Loyal Retainers","","39","M","Near Mint","1.09","1.08","2.2200","0.9100","0","0","0.9500",""
"7315559","Magic","Commander Masters","Mace of the Valiant","","41","U","Near Mint","0.11","","1.3800","0.0700","1","0","0.1500",""
"7257387","Magic","Commander Masters","Mangara, the Diplomat","","42","R","Near Mint","0.84","0.86","1.8300","0.5200","0","0","0.5800",""
"7293449","Magic","Commander Masters","Meteor Golem","","399","U","Near Mint","0.08","0.08","1.3600","0.0500","1","0","0.1500",""
"7254640","Magic","Commander Masters","Minds Aglow","","105","R","Near Mint","0.55","","1.7900","0.4800","0","0","0.4900",""
"7298189","Magic","Commander Masters","Molimo, Maro-Sorcerer","","305","U","Near Mint","0.09","0.07","1.3200","0.0100","1","0","0.1500",""
"7304714","Magic","Commander Masters","Mowu, Loyal Companion","","306","U","Near Mint","0.10","0.10","1.3800","0.0700","1","0","0.1500",""
"7304804","Magic","Commander Masters","Murder of Crows","","106","U","Near Mint","0.06","","1.3200","0.0100","1","0","0.1500",""
"7283324","Magic","Commander Masters","Myriad Landscape","","421","U","Near Mint","0.17","","1.4500","0.1400","0","0","0.1500",""
"7300219","Magic","Commander Masters","Myriad Landscape (Borderless)","","660","U","Near Mint","0.83","0.85","2.0800","0.7700","0","0","0.7800",""
"7264921","Magic","Commander Masters","Nahiri, the Lithomancer","","45","R","Near Mint","0.70","0.80","1.8100","0.4000","0","0","0.4600",""
"7308489","Magic","Commander Masters","Nemata, Grove Guardian","","307","U","Near Mint","0.12","0.15","1.4100","0.1000","0","0","0.1500",""
"7251441","Magic","Commander Masters","Nesting Dragon","","245","R","Near Mint","0.37","0.34","1.5500","0.2400","0","0","0.2600",""
"7265546","Magic","Commander Masters","Ogre Slumlord","","177","R","Near Mint","0.33","","1.4700","0.1600","0","0","0.1900",""
"7307829","Magic","Commander Masters","Oviya Pashiri, Sage Lifecrafter","","311","U","Near Mint","0.09","0.09","1.3600","0.0500","1","0","0.1500",""
"7307834","Magic","Commander Masters","Oviya Pashiri, Sage Lifecrafter","","311","U","Near Mint Foil","0.15","0.15","1.4100","0.1000","2","0","0.1500",""
"7301449","Magic","Commander Masters","Padeem, Consul of Innovation","","109","U","Near Mint","1.07","1.54","2.1000","0.7900","0","0","0.8500",""
"7248481","Magic","Commander Masters","Path of Ancestry (Borderless)","","661","C","Near Mint","0.52","0.50","1.7100","0.4000","0","0","0.4200",""
"7299229","Magic","Commander Masters","Pathrazer of Ulamog","","4","U","Near Mint","0.62","0.81","1.8100","0.5000","0","0","0.5200",""
"7150908","Magic","Commander Masters","Personal Tutor","","110","R","Near Mint","4.79","4.99","4.9900","3.0000","0","0","5.0300",""
"7300919","Magic","Commander Masters","Priest of the Blood Rite","","179","U","Near Mint","0.07","","1.3600","0.0500","1","0","0.1500",""
"7261448","Magic","Commander Masters","Queen Marchesa","","350","R","Near Mint","0.54","","1.7200","0.4100","1","0","0.4300",""
"7298119","Magic","Commander Masters","Rampaging Brontodon","","315","U","Near Mint","0.16","0.15","1.4600","0.1500","0","0","0.1500",""
"7263810","Magic","Commander Masters","Rankle, Master of Pranks","","180","R","Near Mint","1.09","","2.2800","0.7900","0","0","0.8500",""
"7268520","Magic","Commander Masters","Reality Shift","","113","U","Near Mint","0.27","","1.5500","0.2400","0","0","0.2500",""
"7299789","Magic","Commander Masters","Reassembling Skeleton","","183","U","Near Mint","0.20","0.19","1.4400","0.1300","0","0","0.1500",""
"7249717","Magic","Commander Masters","Regal Behemoth","","316","R","Near Mint","0.35","0.34","1.5600","0.2500","0","0","0.2700",""
"7266821","Magic","Commander Masters","Reliquary Tower","","425","U","Near Mint","2.14","","3.2100","1.9000","0","0","1.9700",""
"7256301","Magic","Commander Masters","Righteous Confluence","","53","R","Near Mint","0.15","0.17","1.4600","0.1500","0","0","0.1500",""
"7305204","Magic","Commander Masters","Rise from the Tides","","117","U","Near Mint","0.11","0.10","1.3600","0.0500","1","0","0.1500",""
"7253000","Magic","Commander Masters","Rishkar, Peema Renegade","","317","U","Near Mint","0.16","","1.4500","0.1400","0","0","0.1500",""
"7253005","Magic","Commander Masters","Rishkar, Peema Renegade","","317","U","Near Mint Foil","0.39","","1.6600","0.3500","0","0","0.3600",""
"7252850","Magic","Commander Masters","Rogue's Passage","","426","U","Near Mint","0.35","0.34","1.5600","0.2500","0","0","0.2700",""
"7247001","Magic","Commander Masters","Ruby Medallion","","405","R","Near Mint","9.02","10.44","6.9900","5.0000","0","0","7.5200",""
"7262225","Magic","Commander Masters","Rune-Scarred Demon","","184","R","Near Mint","0.83","0.98","1.7900","0.4800","0","0","0.5500",""
"7250356","Magic","Commander Masters","Sai, Master Thopterist","","118","R","Near Mint","0.42","0.49","1.5700","0.2600","0","0","0.2900",""
"7304784","Magic","Commander Masters","Sandstone Oracle","","406","U","Near Mint","0.14","0.15","1.3900","0.0800","0","0","0.1500",""
"7255495","Magic","Commander Masters","Scourge of the Throne","","253","R","Near Mint","0.44","0.43","1.5500","0.2400","0","0","0.2800",""
"7286695","Magic","Commander Masters","Setessan Champion","","912","R","Near Mint","3.39","3.58","3.8100","2.5000","0","0","2.9600",""
"7313139","Magic","Commander Masters","Shirei, Shizo's Caretaker","","186","U","Near Mint","0.11","","1.4000","0.0900","1","0","0.1500",""
"7300569","Magic","Commander Masters","Shirei, Shizo's Caretaker (Borderless)","","676","U","Near Mint","0.15","","1.4100","0.1000","0","0","0.1500",""
"7312074","Magic","Commander Masters","Slice and Dice","","255","U","Near Mint","0.04","","1.3200","0.0100","0","0","0.1500",""
"7264972","Magic","Commander Masters","Smothering Tithe","","57","M","Lightly Played","36.17","42.10","36.9300","34.9400","0","0","36.0200",""
"7283514","Magic","Commander Masters","Spectator Seating","","427","R","Near Mint","12.93","13.98","12.3700","11.1000","0","0","12.0200",""
"7248106","Magic","Commander Masters","Spellseeker","","120","M","Near Mint","12.69","12.88","12.7600","11.4900","0","0","12.7600",""
"7257087","Magic","Commander Masters","Star of Extinction","","259","R","Near Mint","0.84","0.94","1.8200","0.5100","0","0","0.5800",""
"7286575","Magic","Commander Masters","Starfield of Nyx","","840","M","Near Mint","16.60","","16.4600","16.4600","1","0","16.5000",""
"7270003","Magic","Commander Masters","Stitcher Geralf","","121","R","Near Mint","0.15","","1.3900","0.0800","1","0","0.1500",""
"7259452","Magic","Commander Masters","Storm-Kiln Artist","","260","U","Near Mint","1.18","1.70","2.0600","0.7500","0","0","0.8300",""
"7257137","Magic","Commander Masters","Stormsurge Kraken","","122","R","Near Mint","0.43","","1.7000","0.3900","0","0","0.4000",""
"7302929","Magic","Commander Masters","Subira, Tulzidi Caravanner","","261","U","Near Mint","0.11","0.07","1.3800","0.0700","1","0","0.1500",""
"7261573","Magic","Commander Masters","Sublime Exhalation","","60","R","Near Mint","0.15","0.14","1.4300","0.1200","0","0","0.1500",""
"7261948","Magic","Commander Masters","Sun Quan, Lord of Wu","","123","M","Near Mint","5.43","5.48","5.5900","4.2800","0","0","5.6000",""
"7287637","Magic","Commander Masters","Temple of Plenty","","1044","R","Near Mint","0.19","0.14","1.4100","0.1000","0","0","0.1500",""
"7309959","Magic","Commander Masters","Teshar, Ancestor's Apostle","","65","U","Near Mint","0.16","","1.4600","0.1500","0","0","0.1500",""
"7312774","Magic","Commander Masters","Tetsuko Umezawa, Fugitive","","126","U","Near Mint","0.13","","1.3800","0.0700","0","0","0.1500",""
"7266041","Magic","Commander Masters","The Great Henge","","294","M","Near Mint","64.37","69.91","62.4900","60.5000","0","0","62.6800",""
"7250651","Magic","Commander Masters","The Immortal Sun","","393","M","Near Mint","10.04","10.34","9.5000","9.5000","0","0","9.7700",""
"7305034","Magic","Commander Masters","Thought Vessel","","414","U","Near Mint","1.00","1.15","2.2800","0.9700","0","0","0.4400",""
"7251541","Magic","Commander Masters","Thran Dynamo","","415","U","Near Mint","2.60","2.66","3.3600","2.0500","0","0","1.5300",""
"7252350","Magic","Commander Masters","Thriving Bluff","","429","C","Near Mint Foil","0.22","","1.4200","0.1100","1","0","0.1500",""
"7300989","Magic","Commander Masters","Thryx, the Sudden Storm","","127","U","Near Mint","0.16","","1.4300","0.1200","0","0","0.1500",""
"7249512","Magic","Commander Masters","Urza, Lord High Artificer","","130","M","Near Mint","13.02","13.20","13.0000","13.0000","0","0","13.0100",""
"7249587","Magic","Commander Masters","Urza, Lord High Artificer (Borderless)","","674","M","Near Mint","14.20","16.00","13.8900","12.5800","0","0","13.3900",""
"7265876","Magic","Commander Masters","Vandalblast","","267","U","Near Mint","1.62","1.84","2.6100","1.3000","0","0","1.3700",""
"7267111","Magic","Commander Masters","Vandalblast (Borderless)","","646","U","Near Mint","1.82","1.91","2.4900","0.5000","0","0","0.7600",""
"7283664","Magic","Commander Masters","Vault of Champions","","436","R","Near Mint","12.54","12.79","11.6900","10.3800","0","0","11.6400",""
"7255710","Magic","Commander Masters","Verdant Confluence","","329","R","Near Mint","0.28","","1.4800","0.1700","0","0","0.1900",""
"7307564","Magic","Commander Masters","Verdeloth the Ancient","","330","U","Near Mint","0.11","","1.4100","0.1000","0","0","0.1500",""
"7253600","Magic","Commander Masters","Wake the Dead","","197","R","Near Mint","0.26","","1.5100","0.2000","0","0","0.2100",""
"7249842","Magic","Commander Masters","Wayward Swordtooth","","331","R","Near Mint","2.52","2.68","2.5600","1.2500","0","0","1.5000",""
"7303004","Magic","Commander Masters","Whirler Rogue","","132","U","Near Mint Foil","0.15","","1.3600","0.0500","0","0","0.1500",""
"7269948","Magic","Commander Masters","Wrath of God","","70","R","Near Mint","2.29","2.41","3.0600","1.7500","0","0","1.8500",""
"7301359","Magic","Commander Masters","Yahenni, Undying Partisan","","201","U","Near Mint","0.17","0.20","1.4600","0.1500","0","0","0.1500",""
"7316935","Magic","Commander Masters","Zada, Hedron Grinder","","268","U","Near Mint","0.10","","1.4000","0.0900","1","0","0.1500",""
"7315929","Magic","Commander Masters","Zahid, Djinn of the Lamp","","136","U","Near Mint","0.05","","1.3200","0.0100","1","0","0.1500",""
"5116389","Magic","Commander: Adventures in the Forgotten Realms","Danse Macabre (Extended Art)","","291","R","Near Mint","2.07","1.90","3.2100","1.9000","0","0","1.9300",""
"5098289","Magic","Commander: Adventures in the Forgotten Realms","Disrupt Decorum","","122","R","Near Mint","1.09","","2.1600","0.8500","0","0","0.9000",""
"5117079","Magic","Commander: Adventures in the Forgotten Realms","Dragonborn Champion (Extended Art)","","314","R","Near Mint","9.95","10.39","9.2100","7.9400","0","0","8.9500",""
"5103094","Magic","Commander: Adventures in the Forgotten Realms","Fellwar Stone","","206","U","Near Mint","1.45","1.39","2.4100","1.1000","2","0","1.1700",""
"5095634","Magic","Commander: Adventures in the Forgotten Realms","Heroic Intervention","","161","R","Near Mint","11.61","13.44","11.2400","10.2500","0","0","10.9300",""
"5117224","Magic","Commander: Adventures in the Forgotten Realms","Karazikar, the Eye Tyrant (Extended Art)","","319","M","Near Mint","8.28","8.78","7.8900","6.9000","2","0","8.2200",""
"5117284","Magic","Commander: Adventures in the Forgotten Realms","Klauth's Will (Extended Art)","","321","R","Near Mint","4.13","4.12","4.8000","3.4900","0","0","3.8100",""
"5103194","Magic","Commander: Adventures in the Forgotten Realms","Lightning Greaves","","331","U","Near Mint","4.13","4.48","5.0700","5.0700","1","0","5.0700",""
"5095534","Magic","Commander: Adventures in the Forgotten Realms","Nature's Lore","","164","C","Near Mint","2.69","","3.2900","1.9800","0","0","2.1200",""
"5094434","Magic","Commander: Adventures in the Forgotten Realms","Puresteel Paladin","","69","R","Near Mint","1.08","0.88","1.9000","0.5900","0","0","0.6900",""
"5096334","Magic","Commander: Adventures in the Forgotten Realms","Shamanic Revelation","","171","R","Near Mint","0.76","0.79","1.8600","0.5500","1","0","0.5500",""
"5098339","Magic","Commander: Adventures in the Forgotten Realms","Sol Ring","","215","U","Near Mint","1.26","1.24","2.4400","1.1300","0","0","1.1600",""
"5099439","Magic","Commander: Adventures in the Forgotten Realms","Sun Titan","","73","M","Near Mint","0.32","0.31","1.5200","0.2100","1","0","0.2300",""
"5116809","Magic","Commander: Adventures in the Forgotten Realms","Wild-Magic Sorcerer (Extended Art)","","305","R","Near Mint","10.09","6.99","7.1700","6.1800","0","0","8.1300",""
"8540718","Magic","Commander: Aetherdrift","Accursed Duneyard (Extended Art)","","36","R","Near Mint","1.66","1.69","1.9000","0.5900","0","0","0.7900",""
"8536012","Magic","Commander: Aetherdrift","Adaptive Omnitool (Extended Art)","","32","R","Near Mint","1.82","1.86","2.5000","1.1900","1","0","1.3200",""
"8535292","Magic","Commander: Aetherdrift","Bontu's Monument","","124","U","Near Mint","6.14","6.33","5.4600","4.1500","1","0","5.6500",""
"8534692","Magic","Commander: Aetherdrift","Cast Out","","64","U","Near Mint","0.06","0.04","1.3600","0.0500","0","0","0.1500",""
"8533552","Magic","Commander: Aetherdrift","Crowded Crypt","","88","R","Near Mint","1.14","1.14","2.2000","0.8900","1","0","0.9400",""
"8534242","Magic","Commander: Aetherdrift","Dread Summons","","90","R","Near Mint","0.28","0.20","1.5100","0.2000","1","0","0.2200",""
"8535052","Magic","Commander: Aetherdrift","Dreadhorde Invasion","","91","R","Near Mint","0.82","1.06","1.9000","0.5900","1","0","0.6400",""
"8533762","Magic","Commander: Aetherdrift","Gate to the Afterlife","","130","U","Near Mint","0.08","0.04","1.3200","0.0100","1","0","0.1500",""
"8534542","Magic","Commander: Aetherdrift","God-Eternal Oketra","","66","M","Near Mint","2.35","2.77","2.5800","1.2700","1","0","1.4800",""
"8534992","Magic","Commander: Aetherdrift","God-Pharaoh's Gift","","131","R","Near Mint","0.15","0.10","1.4000","0.0900","1","0","0.1500",""
"8535322","Magic","Commander: Aetherdrift","Grave Titan","","42","M","Near Mint","0.81","0.88","2.0000","0.6900","1","0","0.7100",""
"8534752","Magic","Commander: Aetherdrift","Gravecrawler","","43","R","Near Mint","1.94","3.78","2.5000","1.1900","1","0","1.3400",""
"8524714","Magic","Commander: Aetherdrift","Hashaton, Scarab's Fist (Borderless)","","1","M","Near Mint","1.06","1.20","2.0600","0.7500","1","0","0.8100",""
"8537002","Magic","Commander: Aetherdrift","Pia and Kiran Nalaar","","105","R","Near Mint","0.08","0.06","1.3600","0.0500","1","0","0.1500",""
"8540698","Magic","Commander: Aetherdrift","Prophet of the Scarab (Extended Art)","","25","R","Near Mint","0.23","0.21","1.4000","0.0900","1","0","0.1500",""
"8533612","Magic","Commander: Aetherdrift","Renewed Solidarity","","7","R","Near Mint","4.00","","5.0000","5.0000","1","0","5.0000",""
"8534002","Magic","Commander: Aetherdrift","Rot Hulk","","98","M","Near Mint","0.78","0.86","1.7300","0.4200","0","0","0.4900",""
"8535912","Magic","Commander: Aetherdrift","Stridehangar Automaton (Extended Art)","","35","R","Near Mint","4.02","3.46","4.5000","3.1900","0","0","3.5900",""
"8525274","Magic","Commander: Aetherdrift","Temmet, Naktamun's Will (Borderless)","","4","M","Near Mint","0.52","0.48","1.6500","0.3400","1","0","0.3800",""
"8535142","Magic","Commander: Aetherdrift","Unholy Grotto","","182","R","Near Mint","2.31","2.89","2.8000","1.4900","1","0","1.6500",""
"8534572","Magic","Commander: Aetherdrift","Wizened Mentor","","8","R","Near Mint","0.18","0.14","1.4500","0.1400","1","0","0.1500",""
"8048740","Magic","Commander: Bloomburrow","Agate Instigator","","21","R","Near Mint","3.21","3.19","4.3500","3.0400","0","0","2.7900",""
"8060139","Magic","Commander: Bloomburrow","Beastmaster Ascension","","118","R","Near Mint","2.88","2.82","4.0700","2.7600","0","0","2.6500",""
"8024516","Magic","Commander: Bloomburrow","Bello, Bard of the Brambles (Borderless)","","1","M","Near Mint Foil","1.02","0.72","1.5200","0.2100","1","0","0.2100",""
"8046130","Magic","Commander: Bloomburrow","Birds of Paradise (Borderless)","","81","R","Near Mint","14.38","15.50","14.0000","13.0000","0","0","13.6900",""
"8058069","Magic","Commander: Bloomburrow","Chatterfang, Squirrel General","","209","M","Near Mint","2.03","","3.2700","1.9600","0","0","1.9700",""
"8028011","Magic","Commander: Bloomburrow","Chatterfang, Squirrel General (Borderless)","","82","M","Near Mint","18.07","19.00","16.7900","16.7900","0","0","9.0400",""
"8056942","Magic","Commander: Bloomburrow","Faeburrow Elder","","252","R","Near Mint","0.56","0.48","1.7700","0.4600","0","0","0.4800",""
"8046215","Magic","Commander: Bloomburrow","Gilded Goose (Borderless)","","83","R","Near Mint Foil","3.22","3.96","3.5500","2.2400","0","0","2.7300",""
"8024566","Magic","Commander: Bloomburrow","Hazel of the Rootbloom (Borderless)","","2","M","Near Mint Foil","1.11","1.03","2.3000","0.9900","0","0","1.0200",""
"8045894","Magic","Commander: Bloomburrow","Kwain, Itinerant Meddler (Borderless)","","90","R","Near Mint Foil","0.80","0.99","1.6900","0.3800","0","0","0.4600",""
"8056542","Magic","Commander: Bloomburrow","Loran of the Third Path","","143","R","Near Mint","1.55","1.50","2.8100","1.5000","0","0","1.5100",""
"8056642","Magic","Commander: Bloomburrow","Mangara, the Diplomat","","145","M","Near Mint","0.51","0.51","1.7600","0.4500","0","0","0.4600",""
"8065475","Magic","Commander: Bloomburrow","Mr. Foxglove","","6","M","Near Mint Foil","0.23","0.16","1.4300","0.1200","0","0","0.1500",""
"8024616","Magic","Commander: Bloomburrow","Ms. Bumbleflower (Borderless)","","3","M","Near Mint Foil","0.61","0.55","1.8600","0.5500","0","0","0.5600",""
"8026191","Magic","Commander: Bloomburrow","Nissa, Who Shakes the World (Borderless)","","84","R","Near Mint Foil","3.47","3.95","4.2000","2.8900","0","0","3.1800",""
"8058489","Magic","Commander: Bloomburrow","Overflowing Basin","","321","R","Near Mint","0.13","0.07","1.3800","0.0700","0","0","0.1500",""
"8049480","Magic","Commander: Bloomburrow","Pollywog Prodigy","","15","R","Near Mint","5.76","5.90","5.7900","5.7900","0","0","5.8000",""
"8025116","Magic","Commander: Bloomburrow","Tamiyo, Field Researcher (Borderless)","","100","M","Near Mint Foil","0.48","0.40","1.6400","0.3300","0","0","0.3600",""
"8063756","Magic","Commander: Bloomburrow","Thickest in the Thicket","","34","R","Near Mint","0.22","0.22","1.4800","0.1700","0","0","0.1800",""
"8058939","Magic","Commander: Bloomburrow","Twenty-Toed Toad","","16","R","Near Mint","2.10","2.20","2.6200","1.3100","0","0","1.4600",""
"8065505","Magic","Commander: Bloomburrow","Wildsear, Scouring Maw","","8","M","Near Mint Foil","0.33","0.31","1.5500","0.2400","1","0","0.2600",""
"8065745","Magic","Commander: Bloomburrow","Wildsear, Scouring Maw (Extended Art)","","44","M","Near Mint","2.54","2.82","1.7100","0.4000","0","0","1.2600",""
"5782405","Magic","Commander: Dominaria United","Activated Sleeper","","24","R","Near Mint","0.75","1.99","2.0000","0.6900","0","0","0.7000",""
"5796922","Magic","Commander: Dominaria United","Dihada, Binder of Wills","","1","M","Near Mint","15.83","15.98","15.4900","14.5000","0","0","15.6600",""
"5749141","Magic","Commander: Dominaria United","Dihada, Binder of Wills","","1","M","Near Mint Foil","18.07","16.86","16.0000","16.0000","0","0","17.0400",""
"5754639","Magic","Commander: Dominaria United","Dragonskull Summit","","207","R","Near Mint","0.86","0.81","2.0900","0.7800","0","0","0.8000",""
"5776745","Magic","Commander: Dominaria United","Emperor Mihail II","","23","R","Near Mint","0.26","0.25","1.4600","0.1500","0","0","0.1700",""
"5776750","Magic","Commander: Dominaria United","Emperor Mihail II","","23","R","Near Mint Foil","0.82","0.67","1.9800","0.6700","0","0","0.7100",""
"5795882","Magic","Commander: Dominaria United","Emperor Mihail II (Extended Art)","","73","R","Near Mint Foil","0.70","0.86","1.8000","0.4900","1","0","0.5300",""
"5751644","Magic","Commander: Dominaria United","Fallaji Wayfarer","","11","R","Near Mint","2.54","0.69","2.0000","0.6900","0","0","1.0500",""
"5765367","Magic","Commander: Dominaria United","Gerrard's Hourglass Pendant (Extended Art)","","93","R","Near Mint","1.64","2.64","2.3100","1.0000","0","0","1.1300",""
"5759468","Magic","Commander: Dominaria United","Hazezon, Shaper of Sand","","32","R","Near Mint","0.16","","1.4000","0.0900","0","0","0.1500",""
"5753539","Magic","Commander: Dominaria United","Heroes' Podium","","185","R","Near Mint","0.33","","1.5500","0.2400","0","0","0.2500",""
"5782095","Magic","Commander: Dominaria United","Historian's Boon","","21","R","Near Mint","2.01","1.98","3.0800","1.7700","0","0","1.8200",""
"5780440","Magic","Commander: Dominaria United","Historian's Boon (Extended Art)","","71","R","Near Mint Foil","1.26","1.99","2.4600","1.1500","1","0","1.1700",""
"5796852","Magic","Commander: Dominaria United","Jenson Carthalion, Druid Exile","","3","M","Near Mint","0.70","","1.8700","0.5500","0","0","0.5900",""
"5752294","Magic","Commander: Dominaria United","Night's Whisper","","115","C","Near Mint","0.59","0.45","1.7600","0.4500","1","0","0.4900",""
"5759153","Magic","Commander: Dominaria United","Orca, Siege Demon","","37","R","Near Mint Foil","0.36","","1.5300","0.2200","0","0","0.2500",""
"5754319","Magic","Commander: Dominaria United","Painful Truths","","116","R","Near Mint","0.27","0.27","1.5600","0.2500","1","0","0.2500",""
"5759188","Magic","Commander: Dominaria United","Ramses, Assassin Lord (Foil Etched)","","61","R","Near Mint Foil","1.36","1.24","2.1400","0.8300","0","0","0.9400",""
"5746486","Magic","Commander: Dominaria United","Rasputin, the Oneiromancer","","40","R","Near Mint Foil","0.19","0.15","1.3900","0.0800","1","0","0.1500",""
"5782210","Magic","Commander: Dominaria United","Robaran Mercenaries","","22","R","Near Mint","0.25","0.17","1.4400","0.1300","0","0","0.1500",""
"5782710","Magic","Commander: Dominaria United","Rosnakht, Heir of Rohgahh","","25","R","Near Mint","0.42","0.45","1.5100","0.2000","0","0","0.2400",""
"5796252","Magic","Commander: Dominaria United","Shanid, Sleepers' Scourge (Extended Art)","","79","M","Near Mint Foil","4.30","","5.0100","3.7000","0","0","4.0200",""
"5759258","Magic","Commander: Dominaria United","Sivitri, Dragon Master (Foil Etched)","","65","M","Near Mint Foil","3.41","4.24","3.7900","2.4800","0","0","2.9100",""
"5761442","Magic","Commander: Dominaria United","Stangg, Echo Warrior","","42","R","Near Mint Foil","0.42","","1.5200","0.2100","1","0","0.2500",""
"5762867","Magic","Commander: Dominaria United","The Lady of Otaria","","35","M","Near Mint Foil","0.34","","1.4700","0.1600","0","0","0.2000",""
"5765267","Magic","Commander: Dominaria United","Tiller Engine (Extended Art)","","96","R","Near Mint","26.06","31.66","23.3300","23.3300","0","0","24.1500",""
"8162004","Magic","Commander: Duskmourn: House of Horror","Aminatou, Veil Piercer (Borderless)","","1","M","Near Mint Foil","0.33","0.32","1.5500","0.2400","1","0","0.2600",""
"8196232","Magic","Commander: Duskmourn: House of Horror","Ashaya, Soul of the Wild","","170","M","Near Mint","6.85","","8.0400","8.0400","0","0","7.8600",""
"8210113","Magic","Commander: Duskmourn: House of Horror","Auramancer","","97","C","Near Mint","0.06","0.06","1.3400","0.0300","1","0","0.1500",""
"8212075","Magic","Commander: Duskmourn: House of Horror","Binding the Old Gods","","213","U","Near Mint","0.16","0.12","1.4300","0.1200","1","0","0.1500",""
"8197252","Magic","Commander: Duskmourn: House of Horror","Kianne, Corrupted Memory (Borderless)","","2","M","Near Mint","0.37","0.24","1.5500","0.2400","1","0","0.2700",""
"8210595","Magic","Commander: Duskmourn: House of Horror","Ondu Spiritdancer","","101","R","Near Mint","2.25","","3.0100","1.7000","0","0","1.8300",""
"8210535","Magic","Commander: Duskmourn: House of Horror","One with the Multiverse","","121","M","Near Mint","0.83","0.77","2.0500","0.7400","0","0","0.7500",""
"8210655","Magic","Commander: Duskmourn: House of Horror","Redress Fate","","9","R","Near Mint","0.43","0.43","1.7200","0.4100","1","0","0.4100",""
"8809496","Magic","Commander: Edge of Eternities","Baloth Prime (Extended Art)","","33","R","Near Mint","0.32","0.33","1.5000","0.1900","0","0","0.2300",""
"8822208","Magic","Commander: Edge of Eternities","Surge Conductor (Extended Art)","","39","R","Near Mint","0.76","1.12","1.7200","0.4100","0","0","0.4800",""
"8757627","Magic","Commander: FINAL FANTASY","Auron, Venerated Guardian (Extended Art)","","130","R","Near Mint","0.88","0.52","1.8000","0.4900","0","0","0.5700",""
"8759227","Magic","Commander: FINAL FANTASY","Cait Sith, Fortune Teller (Extended Art)","","151","R","Near Mint","1.11","0.77","1.9000","0.5900","0","0","0.6900",""
"8757667","Magic","Commander: FINAL FANTASY","Champions from Beyond (Extended Art)","","101","R","Near Mint","0.96","0.97","1.8600","0.5400","0","0","0.6200",""
"8757707","Magic","Commander: FINAL FANTASY","Chocobo Knights (Extended Art)","","102","R","Near Mint","0.74","0.58","1.8900","0.5500","1","0","0.5900",""
"8757787","Magic","Commander: FINAL FANTASY","Cloud's Limit Break (Extended Art)","","103","R","Near Mint","0.61","0.73","1.6500","0.3400","0","0","0.3900",""
"8757947","Magic","Commander: FINAL FANTASY","Elena, Turk Recruit (Extended Art)","","133","R","Near Mint","0.45","0.55","1.7000","0.3900","0","0","0.4000",""
"8701005","Magic","Commander: FINAL FANTASY","Hildibrand Manderville (Extended Art)","","173","R","Near Mint Foil","2.83","","3.8000","2.4900","1","0","2.5600",""
"8760287","Magic","Commander: FINAL FANTASY","Kimahri, Valiant Guardian (Extended Art)","","175","R","Near Mint Foil","4.39","4.39","5.3500","4.0000","1","0","4.2000",""
"8758167","Magic","Commander: FINAL FANTASY","Lord Jyscal Guado (Extended Art)","","137","R","Near Mint Foil","1.99","","3.1300","1.8200","0","0","1.8500",""
"8759707","Magic","Commander: FINAL FANTASY","Maester Seymour (Extended Art)","","160","R","Near Mint","0.91","1.08","2.0200","0.7100","0","0","0.7500",""
"8758187","Magic","Commander: FINAL FANTASY","Protection Magic (Extended Art)","","107","R","Near Mint","0.77","0.77","1.8600","0.5500","0","0","0.6000",""
"8759347","Magic","Commander: FINAL FANTASY","Sabin, Master Monk (Extended Art)","","154","R","Near Mint","0.33","0.32","1.5100","0.2000","0","0","0.2300",""
"8697270","Magic","Commander: FINAL FANTASY","Summon: Esper Valigarmanda (Borderless)","","198","R","Near Mint","2.79","2.19","3.5000","2.1900","0","0","1.3600",""
"8759567","Magic","Commander: FINAL FANTASY","Vincent, Vengeful Atoner (Extended Art)","","157","R","Near Mint Foil","7.57","7.59","7.6700","7.6700","0","0","7.5500",""
"5300298","Magic","Commander: Innistrad: Crimson Vow","Arcane Signet","","159","C","Near Mint","0.59","0.69","1.7000","0.3900","0","0","0.4300",""
"5293673","Magic","Commander: Innistrad: Crimson Vow","Breathkeeper Seraph (Extended Art)","","69","R","Near Mint","1.61","1.60","2.5000","1.1900","0","0","1.2700",""
"5293073","Magic","Commander: Innistrad: Crimson Vow","Doom Weaver","","34","R","Near Mint","1.37","1.34","2.5100","1.2000","0","0","1.2400",""
"5293713","Magic","Commander: Innistrad: Crimson Vow","Doom Weaver (Extended Art)","","72","R","Near Mint","2.03","4.98","2.6600","1.3500","0","0","1.4900",""
"5295533","Magic","Commander: Innistrad: Crimson Vow","Karmic Guide","","90","R","Near Mint","0.78","1.00","2.0700","0.7600","0","0","0.7600",""
"5293173","Magic","Commander: Innistrad: Crimson Vow","Mirage Phalanx","","35","R","Near Mint","2.11","2.02","3.2500","1.9400","0","0","1.9800",""
"5301968","Magic","Commander: Innistrad: Crimson Vow","Skycloud Expanse","","182","R","Near Mint","0.18","0.10","1.4100","0.1000","0","0","0.1500",""
"5293373","Magic","Commander: Innistrad: Crimson Vow","Thundering Mightmare","","37","R","Near Mint","0.41","0.42","1.6600","0.3500","0","0","0.3600",""
"5302863","Magic","Commander: Innistrad: Crimson Vow","Timothar, Baron of Bats","","4","M","Near Mint","0.31","0.31","1.4600","0.1500","0","0","0.1800",""
"5197625","Magic","Commander: Innistrad: Midnight Hunt","Arcane Signet","","157","C","Near Mint","0.42","0.49","1.7100","0.4000","1","0","0.4000",""
"5164353","Magic","Commander: Innistrad: Midnight Hunt","Avacyn's Memorial (Extended Art)","","69","M","Near Mint","8.45","10.00","8.6000","8.6000","0","0","8.6000",""
"5195490","Magic","Commander: Innistrad: Midnight Hunt","Celestial Judgment","","5","R","Near Mint","0.12","","1.3600","0.0500","0","0","0.1500",""
"5203286","Magic","Commander: Innistrad: Midnight Hunt","Curse of Clinging Webs (Extended Art)","","63","R","Near Mint","2.83","2.69","3.2500","1.9400","0","0","2.1200",""
"5200708","Magic","Commander: Innistrad: Midnight Hunt","Drown in Dreams","","13","R","Near Mint","0.46","0.54","1.6500","0.3400","0","0","0.3600",""
"5203306","Magic","Commander: Innistrad: Midnight Hunt","Heronblade Elite (Extended Art)","","64","R","Near Mint","2.26","3.33","3.2500","1.9400","0","0","2.0000",""
"5196610","Magic","Commander: Innistrad: Midnight Hunt","Knight of the White Orchid","","88","R","Near Mint","0.95","","2.3000","0.9900","0","0","0.9900",""
"5203561","Magic","Commander: Innistrad: Midnight Hunt","Kyler, Sigardian Emissary","","4","M","Near Mint","0.55","","1.8000","0.4900","0","0","0.5000",""
"5203466","Magic","Commander: Innistrad: Midnight Hunt","Lynde, Cheerful Tormentor","","38","M","Near Mint","0.80","0.83","1.9700","0.6600","0","0","0.6900",""
"5203206","Magic","Commander: Innistrad: Midnight Hunt","Prowling Geistcatcher (Extended Art)","","59","R","Near Mint","0.39","0.31","1.6400","0.3300","0","0","0.3400",""
"5200858","Magic","Commander: Innistrad: Midnight Hunt","Talisman of Dominance","","164","U","Near Mint","1.04","1.14","2.0900","0.7800","0","0","0.8300",""
"5159106","Magic","Commander: Innistrad: Midnight Hunt","Visions of Dominance","","37","R","Near Mint","0.55","0.51","1.7900","0.4800","0","0","0.4900",""
"5159156","Magic","Commander: Innistrad: Midnight Hunt","Visions of Dread","","34","R","Near Mint","0.21","0.14","1.3600","0.0500","1","0","0.1500",""
"5159476","Magic","Commander: Innistrad: Midnight Hunt","Visions of Glory","","32","R","Near Mint","0.19","","1.4000","0.0900","0","0","0.1500",""
"5159636","Magic","Commander: Innistrad: Midnight Hunt","Visions of Ruin","","36","R","Near Mint","0.52","","1.7300","0.4200","0","0","0.4400",""
"5180403","Magic","Commander: Innistrad: Midnight Hunt","Wilhelt, the Rotcleaver","","2","M","Near Mint","8.13","","7.9100","6.9200","0","0","7.5300",""
"4744471","Magic","Commander: Kaldheim","Arcane Signet","","96","C","Near Mint","0.45","0.45","1.7000","0.3900","0","0","0.4000",""
"4748066","Magic","Commander: Kaldheim","Mulldrifter","","42","U","Near Mint","0.27","","1.5500","0.2400","1","0","0.2500",""
"4748466","Magic","Commander: Kaldheim","Restoration Angel","","31","R","Near Mint","0.27","0.26","1.4900","0.1800","1","0","0.2000",""
"4742710","Magic","Commander: Kaldheim","Ruthless Winnower","","10","R","Near Mint","0.93","1.15","1.9100","0.6000","0","0","0.6700",""
"4747921","Magic","Commander: Kaldheim","Springbloom Druid","","74","C","Near Mint","0.49","0.49","1.5600","0.2500","1","0","0.3000",""
"4748866","Magic","Commander: Kaldheim","Swiftfoot Boots","","105","U","Near Mint","1.33","2.78","2.3100","1.0000","0","0","1.0700",""
"5430146","Magic","Commander: Kamigawa: Neon Dynasty","Access Denied","","11","R","Near Mint","2.70","2.79","3.7900","2.4800","0","0","2.5200",""
"5428896","Magic","Commander: Kamigawa: Neon Dynasty","Azorius Signet","","145","U","Near Mint","0.29","0.29","1.5100","0.2000","1","0","0.2200",""
"5418708","Magic","Commander: Kamigawa: Neon Dynasty","Chishiro, the Shattered Blade","","1","M","Near Mint","0.94","0.99","2.1600","0.8500","0","0","0.8500",""
"5430196","Magic","Commander: Kamigawa: Neon Dynasty","Cyberdrive Awakener","","12","R","Near Mint","4.25","4.45","4.6000","3.2900","0","0","3.7400",""
"5431161","Magic","Commander: Kamigawa: Neon Dynasty","Cyberdrive Awakener (Extended Art)","","48","R","Near Mint","5.40","6.68","5.3400","5.3400","0","0","5.3400",""
"5427846","Magic","Commander: Kamigawa: Neon Dynasty","Dance of the Manse","","136","R","Near Mint","0.65","0.74","1.8100","0.5000","0","0","0.5300",""
"5429896","Magic","Commander: Kamigawa: Neon Dynasty","Drumbellower","","6","R","Near Mint","10.42","11.57","8.3000","6.9900","0","0","8.7700",""
"5426441","Magic","Commander: Kamigawa: Neon Dynasty","Emry, Lurker of the Loch","","91","R","Near Mint","1.13","1.70","1.9500","0.6400","0","0","0.7400",""
"5426491","Magic","Commander: Kamigawa: Neon Dynasty","Etherium Sculptor","","92","C","Near Mint","1.31","2.39","2.0600","0.7000","0","0","0.8200",""
"5419528","Magic","Commander: Kamigawa: Neon Dynasty","Go-Shintai of Life's Origin","","37","M","Near Mint","5.13","5.99","6.7400","3.7500","0","0","4.4200",""
"5430246","Magic","Commander: Kamigawa: Neon Dynasty","Imposter Mech","","13","R","Near Mint","5.13","5.07","5.0700","5.0700","0","0","5.0800",""
"5431181","Magic","Commander: Kamigawa: Neon Dynasty","Imposter Mech (Extended Art)","","49","R","Near Mint","7.91","8.95","7.5100","7.5100","0","0","7.7100",""
"5423991","Magic","Commander: Kamigawa: Neon Dynasty","Kaima, the Fractured Calm","","3","M","Near Mint","0.20","","1.4100","0.1000","0","0","0.1500",""
"5419128","Magic","Commander: Kamigawa: Neon Dynasty","Myojin of Cryptic Dreams","","33","R","Near Mint","0.25","0.21","1.4900","0.1800","0","0","0.1900",""
"5419426","Magic","Commander: Kamigawa: Neon Dynasty","Myojin of Roaring Blades","","36","R","Near Mint","0.26","0.24","1.5300","0.2200","0","0","0.2300",""
"5419618","Magic","Commander: Kamigawa: Neon Dynasty","Myojin of Towering Might","","38","R","Near Mint","0.22","","1.4800","0.1300","0","0","0.1800",""
"5428846","Magic","Commander: Kamigawa: Neon Dynasty","Parhelion II","","87","R","Near Mint","0.76","1.50","1.8100","0.5000","0","0","0.5500",""
"5429496","Magic","Commander: Kamigawa: Neon Dynasty","Prairie Stream","","175","R","Near Mint","0.21","0.19","1.4600","0.1500","0","0","0.1600",""
"5428746","Magic","Commander: Kamigawa: Neon Dynasty","Reality Shift","","95","U","Near Mint","0.44","0.47","1.5500","0.2400","0","0","0.2800",""
"5425741","Magic","Commander: Kamigawa: Neon Dynasty","Rishkar's Expertise","","127","R","Near Mint","1.81","2.24","3.0100","1.7000","1","0","1.7200",""
"5419268","Magic","Commander: Kamigawa: Neon Dynasty","Ruthless Technomancer","","35","R","Near Mint","1.40","","2.5500","1.2400","0","0","1.2800",""
"5429796","Magic","Commander: Kamigawa: Neon Dynasty","Shorikai, Genesis Engine","","4","M","Near Mint","2.45","","3.3000","1.9900","0","0","2.0800",""
"5450443","Magic","Commander: Kamigawa: Neon Dynasty","Shorikai, Genesis Engine","","4","M","Near Mint Foil","3.68","4.11","3.8600","2.5500","0","0","3.1100",""
"5431501","Magic","Commander: Kamigawa: Neon Dynasty","Silkguard (Extended Art)","","71","R","Near Mint","3.11","4.83","3.3100","2.0000","0","0","2.5400",""
"5429246","Magic","Commander: Kamigawa: Neon Dynasty","Skysovereign, Consul Flagship","","159","M","Near Mint","1.49","1.47","2.4900","1.1800","0","0","1.2400",""
"5429296","Magic","Commander: Kamigawa: Neon Dynasty","Smuggler's Copter","","160","R","Near Mint","0.91","1.10","1.9100","0.6000","0","0","0.6600",""
"5427646","Magic","Commander: Kamigawa: Neon Dynasty","Solemn Simulacrum","","162","R","Near Mint","0.28","0.32","1.5300","0.2200","0","0","0.2300",""
"5425941","Magic","Commander: Kamigawa: Neon Dynasty","Soul's Majesty","","131","R","Near Mint","1.67","1.89","2.5600","1.2500","1","0","1.3300",""
"5426191","Magic","Commander: Kamigawa: Neon Dynasty","Starstorm","","110","R","Near Mint","0.19","0.19","1.4600","0.1500","0","0","0.1600",""
"5430096","Magic","Commander: Kamigawa: Neon Dynasty","Swift Reconfiguration","","10","R","Near Mint","3.21","3.09","4.0600","2.7500","0","0","2.9800",""
"5429346","Magic","Commander: Kamigawa: Neon Dynasty","Weatherlight","","165","M","Near Mint","1.43","1.78","2.5000","1.1900","0","0","1.2400",""
"5430831","Magic","Commander: Kamigawa: Neon Dynasty","Yoshimaru, Ever Faithful (Extended Art)","","46","M","Near Mint","9.89","14.99","10.9000","10.2100","0","0","9.9400",""
"7077165","Magic","Commander: March of the Machine","Begin the Invasion","","79","M","Near Mint","0.18","","1.4100","0.1000","0","0","0.1500",""
"7104602","Magic","Commander: March of the Machine","Brimaz, Blight of Oreskos","","2","M","Near Mint","0.45","0.46","1.5600","0.2500","0","0","0.2900",""
"7104642","Magic","Commander: March of the Machine","Elenda and Azor","","6","M","Near Mint","0.37","0.32","1.6000","0.2900","0","0","0.3100",""
"7076440","Magic","Commander: March of the Machine","Elspeth's Talent","","72","R","Near Mint","0.27","0.25","1.4900","0.1400","0","0","0.2000",""
"7076130","Magic","Commander: March of the Machine","Firemane Commando","","73","R","Near Mint","5.31","6.28","5.1400","3.8300","0","0","4.5500",""
"7076210","Magic","Commander: March of the Machine","Firemane Commando","","73","R","Near Mint Foil","5.29","7.95","5.3200","4.0100","0","0","4.6500",""
"7076235","Magic","Commander: March of the Machine","Firemane Commando (Extended Art)","","81","R","Near Mint","5.85","5.85","5.2000","3.8900","0","0","4.8600",""
"7044001","Magic","Commander: March of the Machine","Gimbal, Gremlin Prodigy","","3","M","Near Mint","0.24","0.08","1.4400","0.1300","2","0","0.1500",""
"7044046","Magic","Commander: March of the Machine","Kasla, the Broken Halo","","4","M","Near Mint","0.26","","1.4600","0.1500","0","0","0.1700",""
"7090193","Magic","Commander: March of the Machine","Kodama's Reach","","306","C","Near Mint","1.82","","2.8100","1.5000","1","0","1.5600",""
"7076715","Magic","Commander: March of the Machine","Liliana's Talent","","76","R","Near Mint","0.45","0.43","1.6300","0.3200","0","0","0.3500",""
"7104487","Magic","Commander: March of the Machine","Moira and Teshar","","7","M","Near Mint","0.28","0.25","1.4100","0.1000","0","0","0.1500",""
"7104527","Magic","Commander: March of the Machine","Rashmi and Ragavan","","8","M","Near Mint","0.38","0.35","1.5700","0.2600","0","0","0.2800",""
"7076870","Magic","Commander: March of the Machine","Rowan's Talent","","77","R","Near Mint","0.23","0.24","1.4600","0.1500","1","0","0.1700",""
"7044086","Magic","Commander: March of the Machine","Sidar Jabari of Zhalfir","","5","M","Near Mint","0.31","0.34","1.5600","0.2500","0","0","0.2600",""
"7072350","Magic","Commander: March of the Machine","Spire of Industry","","426","R","Near Mint","0.29","0.22","1.4600","0.1500","1","0","0.1800",""
"7076560","Magic","Commander: March of the Machine","Teferi's Talent","","74","R","Near Mint","0.28","","1.5200","0.2100","1","0","0.2200",""
"7082236","Magic","Commander: March of the Machine","Tireless Tracker","","314","R","Near Mint","0.40","0.22","1.4600","0.1500","1","0","0.2000",""
"7934649","Magic","Commander: Modern Horizons 3","Azlask, the Swelling Scourge (Borderless)","","9","M","Near Mint","0.73","0.85","1.7700","0.4600","0","0","0.5100",""
"7934459","Magic","Commander: Modern Horizons 3","Disa the Restless (Borderless)","","12","M","Near Mint Foil","0.38","0.37","1.4100","0.1000","0","0","0.1600",""
"7965957","Magic","Commander: Modern Horizons 3","Ignoble Hierarch","","234","R","Near Mint","1.08","1.09","2.2000","0.8900","0","0","0.9300",""
"7957619","Magic","Commander: Modern Horizons 3","Ramunap Excavator","","241","R","Near Mint","3.15","3.10","4.4600","3.1500","0","0","3.1300",""
"7933724","Magic","Commander: Modern Horizons 3","Satya, Aetherflux Genius","","3","M","Near Mint","0.21","0.19","1.4500","0.1400","0","0","0.1500",""
"7965935","Magic","Commander: Modern Horizons 3","Selvala, Heart of the Wilds","","246","M","Near Mint","4.41","4.43","5.0000","3.6900","0","0","4.0800",""
"7955659","Magic","Commander: Modern Horizons 3","Talisman of Impulse","","311","U","Near Mint","0.24","0.19","","","1","0","0.2000",""
"7958959","Magic","Commander: Modern Horizons 3","Yavimaya, Cradle of Growth","","409","R","Near Mint","7.58","7.57","7.4900","7.4900","0","0","7.5400",""
"7713923","Magic","Commander: Murders at Karlov Manor","Azorius Signet","","224","U","Near Mint","0.18","0.15","1.4600","0.1500","0","0","0.1600",""
"7720188","Magic","Commander: Murders at Karlov Manor","Havoc Eater (Extended Art)","","341","R","Near Mint","0.44","","1.5000","0.1900","0","0","0.2400",""
"7717373","Magic","Commander: Murders at Karlov Manor","Jeska's Will","","156","R","Near Mint","27.09","27.47","26.9500","25.9600","0","0","26.1900",""
"7709466","Magic","Commander: Murders at Karlov Manor","Loran of the Third Path","","71","R","Near Mint","2.43","2.45","3.0900","1.7800","0","0","1.9100",""
"7713138","Magic","Commander: Murders at Karlov Manor","Organic Extinction","","76","R","Near Mint","0.16","0.07","1.4600","0.1500","0","0","0.1500",""
"7711358","Magic","Commander: Murders at Karlov Manor","Trouble in Pairs","","15","R","Near Mint","25.50","25.00","24.0500","24.0500","0","0","24.2700",""
"7710873","Magic","Commander: Murders at Karlov Manor","War Room","","310","R","Near Mint","3.08","3.33","4.3200","3.0100","0","0","3.0300",""
"7856892","Magic","Commander: Outlaws of Thunder Junction","Access Tunnel","","270","U","Near Mint","0.41","0.37","1.6100","0.3000","0","0","0.3200",""
"7857582","Magic","Commander: Outlaws of Thunder Junction","Arcane Heist","","13","R","Near Mint","0.58","0.41","1.6800","0.3700","0","0","0.6500",""
"7851857","Magic","Commander: Outlaws of Thunder Junction","Arcane Signet","","252","C","Near Mint","0.39","","1.6500","0.3400","0","0","0.3500",""
"7855482","Magic","Commander: Outlaws of Thunder Junction","Archmage Emeritus","","90","R","Near Mint","1.45","2.80","2.1500","0.8400","0","0","0.9300",""
"7855812","Magic","Commander: Outlaws of Thunder Junction","Baleful Mastery","","126","R","Near Mint","3.03","7.92","3.3100","2.0000","0","0","2.2000",""
"7862792","Magic","Commander: Outlaws of Thunder Junction","Bladegriff Prototype","","253","R","Near Mint","0.21","","1.4600","0.1500","0","0","0.1600",""
"7854942","Magic","Commander: Outlaws of Thunder Junction","Cazur, Ruthless Stalker","","188","M","Near Mint","0.27","0.22","1.5300","0.2200","0","0","0.2300",""
"7855932","Magic","Commander: Outlaws of Thunder Junction","Chaos Wand","","254","R","Near Mint","0.26","0.20","1.4700","0.1600","0","0","0.1800",""
"7855092","Magic","Commander: Outlaws of Thunder Junction","Cold-Eyed Selkie","","218","R","Near Mint","0.18","","1.4400","0.1300","0","0","0.1500",""
"7859352","Magic","Commander: Outlaws of Thunder Junction","Crackling Spellslinger","","25","R","Near Mint","0.29","0.30","1.5600","0.2500","0","0","0.2600",""
"7855572","Magic","Commander: Outlaws of Thunder Junction","Culling Ritual","","219","R","Near Mint","1.13","1.39","2.2600","0.9500","0","0","0.9900",""
"7855752","Magic","Commander: Outlaws of Thunder Junction","Cunning Rhetoric","","129","R","Near Mint","0.86","1.99","2.0500","0.7400","0","0","0.7600",""
"7855512","Magic","Commander: Outlaws of Thunder Junction","Curse of the Swine","","92","R","Near Mint","0.14","0.13","1.4400","0.1300","0","0","0.1500",""
"7856652","Magic","Commander: Outlaws of Thunder Junction","Darkslick Shores","","281","R","Near Mint","1.87","1.94","2.5300","1.2200","0","0","1.3500",""
"7855962","Magic","Commander: Outlaws of Thunder Junction","Darksteel Ingot","","256","C","Near Mint","0.18","0.18","1.4600","0.1500","0","0","0.1600",""
"7854792","Magic","Commander: Outlaws of Thunder Junction","Dazzling Sphinx","","93","R","Near Mint","0.20","0.20","1.5000","0.1900","0","0","0.1900",""
"7854762","Magic","Commander: Outlaws of Thunder Junction","Diluvian Primordial","","96","R","Near Mint","0.28","0.31","1.5600","0.2500","0","0","0.2600",""
"7857162","Magic","Commander: Outlaws of Thunder Junction","Dream-Thief's Bandana","","38","R","Near Mint","0.44","0.33","1.7000","0.3900","0","0","0.4000",""
"7856142","Magic","Commander: Outlaws of Thunder Junction","Drowned Catacomb","","290","R","Near Mint","1.45","1.44","2.5600","1.2500","0","0","1.2900",""
"7852337","Magic","Commander: Outlaws of Thunder Junction","Dune Chanter","","31","R","Near Mint","0.27","0.23","1.5400","0.2300","0","0","0.2500",""
"7855032","Magic","Commander: Outlaws of Thunder Junction","Edric, Spymaster of Trest","","221","R","Near Mint","0.50","0.51","1.7700","0.4600","0","0","0.4700",""
"7859442","Magic","Commander: Outlaws of Thunder Junction","Elemental Eruption","","27","R","Near Mint","0.81","0.82","2.1000","0.7900","0","0","0.7900",""
"7859712","Magic","Commander: Outlaws of Thunder Junction","Eris, Roar of the Storm","","5","M","Near Mint Foil","1.10","1.09","1.9500","0.6400","0","0","0.7300",""
"7856412","Magic","Commander: Outlaws of Thunder Junction","Exotic Orchard","","293","R","Near Mint","0.23","0.18","1.4600","0.1500","0","0","0.1700",""
"7855542","Magic","Commander: Outlaws of Thunder Junction","Extract Brain","","225","R","Near Mint","0.19","0.15","1.4800","0.1700","0","0","0.1700",""
"7855062","Magic","Commander: Outlaws of Thunder Junction","Fallen Shinobi","","226","R","Near Mint","4.81","14.59","4.9900","3.0000","0","0","5.0000",""
"7854642","Magic","Commander: Outlaws of Thunder Junction","Felix Five-Boots","","6","M","Near Mint Foil","3.36","4.99","3.3100","2.0000","0","0","2.7000",""
"7854643","Magic","Commander: Outlaws of Thunder Junction","Felix Five-Boots","","6","M","Lightly Played Foil","1.98","","4.3000","2.9900","0","0","2.9900",""
"7868122","Magic","Commander: Outlaws of Thunder Junction","Felix Five-Boots (Extended Art)","","42","M","Near Mint","2.10","2.51","2.7100","1.4000","0","0","1.5300",""
"7856022","Magic","Commander: Outlaws of Thunder Junction","Fellwar Stone","","257","U","Near Mint","1.81","4.99","2.3700","1.0600","0","0","1.2700",""
"7857282","Magic","Commander: Outlaws of Thunder Junction","Finale of Promise","","166","M","Near Mint","0.52","0.42","1.7100","0.4000","0","0","0.4400",""
"7857102","Magic","Commander: Outlaws of Thunder Junction","Finale of Revelation","","97","M","Near Mint","0.27","0.26","1.5500","0.2400","0","0","0.2500",""
"7856682","Magic","Commander: Outlaws of Thunder Junction","Flooded Grove","","297","R","Near Mint","0.24","0.21","1.5300","0.2200","0","0","0.2200",""
"7854732","Magic","Commander: Outlaws of Thunder Junction","Ghostly Pilferer","","98","R","Near Mint","6.78","6.85","2.7500","0.7500","0","0","3.7700",""
"7822048","Magic","Commander: Outlaws of Thunder Junction","Gonti, Canny Acquisitor (Borderless)","","1","M","Near Mint Foil","0.62","0.61","1.8100","0.5000","0","0","0.5200",""
"7854822","Magic","Commander: Outlaws of Thunder Junction","Gonti, Lord of Luxury","","135","R","Near Mint","0.23","0.20","1.4600","0.1500","0","0","0.1700",""
"7862612","Magic","Commander: Outlaws of Thunder Junction","Grenzo, Havoc Raiser","","168","R","Near Mint","0.25","0.27","1.4900","0.1800","1","0","0.1900",""
"7857342","Magic","Commander: Outlaws of Thunder Junction","Heartless Conscription","","21","R","Near Mint","0.64","0.48","1.7900","0.4800","0","0","0.5100",""
"7856592","Magic","Commander: Outlaws of Thunder Junction","Hinterland Harbor","","300","R","Near Mint","0.36","0.30","1.6000","0.2900","0","0","0.3000",""
"7855002","Magic","Commander: Outlaws of Thunder Junction","Hostage Taker","","231","R","Near Mint","0.18","0.18","1.4100","0.1000","1","0","0.1500",""
"7860192","Magic","Commander: Outlaws of Thunder Junction","Isolated Chapel","","301","R","Near Mint","0.50","0.47","1.6000","0.2900","0","0","0.3300",""
"7855662","Magic","Commander: Outlaws of Thunder Junction","Kodama's Reach","","196","C","Near Mint","2.34","3.30","2.7500","1.4400","0","0","1.6600",""
"7859982","Magic","Commander: Outlaws of Thunder Junction","Leyline Dowser","","39","R","Near Mint","0.11","0.10","1.3500","0.0400","1","0","0.1500",""
"7861532","Magic","Commander: Outlaws of Thunder Junction","Mind's Dilation","","101","M","Near Mint","3.13","4.99","3.2300","0.8900","0","0","2.5100",""
"7863102","Magic","Commander: Outlaws of Thunder Junction","Nashi, Moon Sage's Scion","","143","M","Near Mint","2.15","4.97","2.3100","1.0000","0","0","1.2200",""
"7855272","Magic","Commander: Outlaws of Thunder Junction","Oblivion Sower","","77","M","Near Mint","0.29","","1.5800","0.2700","0","0","0.2700",""
"7855872","Magic","Commander: Outlaws of Thunder Junction","Octavia, Living Thesis","","103","R","Near Mint","0.36","0.38","1.5600","0.2500","0","0","0.2700",""
"7854912","Magic","Commander: Outlaws of Thunder Junction","Ohran Frostfang","","199","R","Near Mint","4.06","4.08","4.5000","3.1900","0","0","3.6300",""
"7856982","Magic","Commander: Outlaws of Thunder Junction","Opulent Palace","","307","U","Near Mint","0.25","0.24","1.5000","0.1900","0","0","0.2000",""
"7857462","Magic","Commander: Outlaws of Thunder Junction","Orochi Soul-Reaver","","22","R","Near Mint","2.73","2.73","3.7500","2.4400","0","0","2.5000",""
"7856112","Magic","Commander: Outlaws of Thunder Junction","Overflowing Basin","","308","R","Near Mint","0.21","0.14","1.4500","0.1400","0","0","0.1500",""
"7867902","Magic","Commander: Outlaws of Thunder Junction","Plasm Capture","","237","R","Near Mint","0.16","0.19","1.4100","0.1000","0","0","0.1500",""
"7861577","Magic","Commander: Outlaws of Thunder Junction","Predators' Hour","","147","R","Near Mint","0.13","0.13","1.4400","0.1300","0","0","0.1500",""
"7856052","Magic","Commander: Outlaws of Thunder Junction","Prismatic Lens","","264","U","Near Mint","0.24","0.23","1.4600","0.1500","0","0","0.1800",""
"7855632","Magic","Commander: Outlaws of Thunder Junction","Rampant Growth","","201","C","Near Mint","0.41","0.45","1.6600","0.3500","0","0","0.3600",""
"7856832","Magic","Commander: Outlaws of Thunder Junction","Reliquary Tower","","312","U","Near Mint","2.03","2.63","3.3000","1.9900","0","0","2.0000",""
"7854702","Magic","Commander: Outlaws of Thunder Junction","Sage of the Beyond","","111","R","Near Mint","0.35","0.38","1.5300","0.2200","0","0","0.3100",""
"7857252","Magic","Commander: Outlaws of Thunder Junction","Savvy Trader","","33","R","Near Mint","1.47","1.70","2.5600","1.2500","0","0","1.2900",""
"7855122","Magic","Commander: Outlaws of Thunder Junction","Shadowmage Infiltrator","","240","R","Near Mint","0.18","0.13","1.4500","0.1400","0","0","0.1500",""
"7854972","Magic","Commander: Outlaws of Thunder Junction","Silent-Blade Oni","","241","R","Near Mint","2.58","19.49","2.8400","1.1900","0","0","1.4700",""
"7855842","Magic","Commander: Outlaws of Thunder Junction","Siphon Insight","","242","R","Near Mint","0.17","0.13","1.4200","0.1100","0","0","0.1500",""
"7860432","Magic","Commander: Outlaws of Thunder Junction","Smoldering Stagecoach","","30","R","Near Mint","0.15","0.07","1.3700","0.0600","0","0","0.1500",""
"7851797","Magic","Commander: Outlaws of Thunder Junction","Sol Ring","","267","U","Near Mint","1.46","1.59","2.5400","1.2300","0","0","1.1000",""
"7855452","Magic","Commander: Outlaws of Thunder Junction","Stolen Goods","","115","R","Near Mint","0.14","0.14","1.4300","0.1200","0","0","0.1500",""
"7856202","Magic","Commander: Outlaws of Thunder Junction","Temple of Deceit","","328","R","Near Mint","0.24","0.25","1.5200","0.2100","0","0","0.2200",""
"7856532","Magic","Commander: Outlaws of Thunder Junction","Temple of Mystery","","332","R","Near Mint","0.13","0.10","1.3900","0.0800","0","0","0.1500",""
"7855212","Magic","Commander: Outlaws of Thunder Junction","The Mimeoplasm","","234","R","Near Mint","0.30","0.05","1.4300","0.1200","0","0","0.1600",""
"7855182","Magic","Commander: Outlaws of Thunder Junction","Thief of Sanity","","243","R","Near Mint","0.31","0.30","1.5600","0.2500","0","0","0.2600",""
"7854882","Magic","Commander: Outlaws of Thunder Junction","Thieving Amalgam","","150","R","Near Mint","0.39","0.39","1.6200","0.3100","0","0","0.3300",""
"7854672","Magic","Commander: Outlaws of Thunder Junction","Thieving Skydiver","","118","R","Near Mint","0.19","0.16","1.4300","0.1200","0","0","0.1500",""
"7857402","Magic","Commander: Outlaws of Thunder Junction","Thieving Varmint","","23","R","Near Mint","4.56","14.27","4.5900","3.2800","0","0","4.9900",""
"7855722","Magic","Commander: Outlaws of Thunder Junction","Three Visits","","209","U","Near Mint","6.06","6.53","6.0000","6.0000","0","0","6.0100",""
"7860522","Magic","Commander: Outlaws of Thunder Junction","Thunderclap Drake","","17","R","Near Mint","5.40","9.89","5.1000","5.1000","0","0","5.2100",""
"7857192","Magic","Commander: Outlaws of Thunder Junction","Tower Winder","","34","R","Near Mint","3.83","9.98","3.8100","2.5000","0","0","3.1700",""
"7855242","Magic","Commander: Outlaws of Thunder Junction","Ukkima, Stalking Shadow","","247","M","Near Mint","0.25","0.25","1.5600","0.2500","0","0","0.2500",""
"7857612","Magic","Commander: Outlaws of Thunder Junction","Vandalblast","","183","U","Near Mint","4.37","6.21","3.0200","1.7100","0","0","3.1300",""
"7867762","Magic","Commander: Outlaws of Thunder Junction","Villainous Wealth","","249","R","Near Mint","0.21","0.23","1.5100","0.2000","0","0","0.2000",""
"7856352","Magic","Commander: Outlaws of Thunder Junction","Yavimaya Coast","","342","R","Near Mint","0.34","0.27","1.5600","0.2500","0","0","0.2700",""
"6938489","Magic","Commander: Phyrexia: All Will Be One","Contaminant Grafter","","17","R","Near Mint","8.07","10.01","6.9900","6.0000","0","0","7.0400",""
"6953995","Magic","Commander: Phyrexia: All Will Be One","Mirage Mockery","","22","R","Near Mint","0.21","0.20","1.4500","0.1400","0","0","0.1500",""
"6954035","Magic","Commander: Phyrexia: All Will Be One","Monumental Corruption","","24","R","Near Mint","0.22","0.25","1.4900","0.1700","1","0","0.1900",""
"6990366","Magic","Commander: Phyrexia: All Will Be One","Neyali, Suns' Vanguard","","2","M","Near Mint","2.09","","3.1400","1.8300","0","0","1.8800",""
"6939304","Magic","Commander: Phyrexia: All Will Be One","Night's Whisper","","94","C","Near Mint","0.98","1.18","1.9200","0.5000","2","0","0.6900",""
"6993467","Magic","Commander: Phyrexia: All Will Be One","Otharri, Suns' Glory","","3","M","Near Mint","2.65","","3.3100","2.0000","0","0","2.1100",""
"6936624","Magic","Commander: Phyrexia: All Will Be One","Path to Exile","","84","U","Near Mint","1.05","1.29","2.1700","0.8600","0","0","0.9000",""
"6953975","Magic","Commander: Phyrexia: All Will Be One","Skyhunter Strike Force","","21","R","Near Mint","2.24","2.23","2.5800","1.2700","0","0","1.4600",""
"6943716","Magic","Commander: Phyrexia: All Will Be One","Staff of the Storyteller (Extended Art)","","48","R","Near Mint","2.94","2.97","3.4700","2.1600","0","0","2.3200",""
"6941119","Magic","Commander: Phyrexia: All Will Be One","Sungrass Prairie","","166","R","Near Mint","0.18","","1.4200","0.1100","0","0","0.1500",""
"6954015","Magic","Commander: Phyrexia: All Will Be One","Synthesis Pod","","23","R","Near Mint","0.15","0.13","1.4000","0.0900","3","0","0.1500",""
"6954115","Magic","Commander: Phyrexia: All Will Be One","Urtet, Remnant of Memnarch","","28","M","Near Mint","1.71","1.88","1.8300","0.5200","0","0","0.7800",""
"6957848","Magic","Commander: Phyrexia: All Will Be One","Urtet, Remnant of Memnarch (Extended Art)","","42","R","Near Mint","3.23","3.80","3.2900","1.3100","0","0","2.5400",""
"6958493","Magic","Commander: Phyrexia: All Will Be One","Vishgraz, the Doomhive (Extended Art)","","40","M","Near Mint Foil","4.50","7.18","4.3100","3.0000","0","0","3.6700",""
"5519022","Magic","Commander: Streets of New Capenna","Bennie Bracks, Zoologist","","86","M","Near Mint","2.56","2.63","3.3400","2.0300","0","0","2.1400",""
"5538263","Magic","Commander: Streets of New Capenna","Canopy Vista","","389","R","Near Mint","0.26","0.23","1.4400","0.1300","0","0","0.1600",""
"5550348","Magic","Commander: Streets of New Capenna","Cephalid Facetaker","","23","R","Near Mint","3.87","4.01","4.3300","3.0200","0","0","3.4500",""
"5549898","Magic","Commander: Streets of New Capenna","Currency Converter","","81","R","Near Mint","9.77","12.25","10.6600","8.6700","0","0","9.2200",""
"5575244","Magic","Commander: Streets of New Capenna","Currency Converter (Extended Art)","","181","R","Near Mint","11.68","11.09","11.0800","11.0800","0","0","11.3800",""
"5573068","Magic","Commander: Streets of New Capenna","Damning Verdict (Extended Art)","","116","R","Near Mint","12.87","13.36","11.8600","10.5500","1","0","12.3800",""
"5538918","Magic","Commander: Streets of New Capenna","Darkwater Catacombs","","398","R","Near Mint","0.16","0.13","1.4400","0.1300","0","0","0.1500",""
"5538313","Magic","Commander: Streets of New Capenna","Exotic Orchard","","400","R","Near Mint","0.18","0.16","1.4500","0.1400","0","0","0.1500",""
"5551753","Magic","Commander: Streets of New Capenna","Fallen Shinobi","","338","R","Near Mint","6.54","15.84","5.8800","2.8900","0","0","5.5100",""
"5556278","Magic","Commander: Streets of New Capenna","Fetid Heath","","401","R","Near Mint","1.45","1.44","2.3100","1.0000","1","0","1.0900",""
"5537913","Magic","Commander: Streets of New Capenna","Generous Gift","","201","U","Near Mint","0.90","1.24","2.0900","0.7800","1","0","0.8000",""
"5542943","Magic","Commander: Streets of New Capenna","Grand Crescendo","","16","R","Near Mint","4.02","4.22","4.5100","3.2000","0","0","3.6300",""
"5575554","Magic","Commander: Streets of New Capenna","Henzie ""Toolbox"" Torre","","2","M","Near Mint","0.60","0.80","1.7700","0.4600","0","0","0.5100",""
"5541918","Magic","Commander: Streets of New Capenna","Kros, Defense Contractor","","7","M","Near Mint","0.36","","1.5100","0.2000","0","0","0.2300",""
"5546093","Magic","Commander: Streets of New Capenna","Life's Legacy","","300","R","Near Mint","2.86","2.91","3.7700","2.4600","0","0","2.5500",""
"5573333","Magic","Commander: Streets of New Capenna","Make an Example (Extended Art)","","138","R","Near Mint","6.60","9.90","7.3000","6.3100","0","0","6.4600",""
"5527473","Magic","Commander: Streets of New Capenna","Mari, the Killing Quill","","89","R","Near Mint","3.54","6.46","3.5100","2.2000","0","0","2.8700",""
"5543143","Magic","Commander: Streets of New Capenna","Master of Ceremonies","","18","R","Near Mint","12.56","12.91","12.5500","11.2800","0","0","11.9200",""
"5549548","Magic","Commander: Streets of New Capenna","Oskar, Rubbish Reclaimer","","77","R","Near Mint","0.35","0.15","1.5600","0.2500","0","0","0.2700",""
"5548393","Magic","Commander: Streets of New Capenna","Protection Racket (Extended Art)","","140","R","Near Mint","3.42","4.31","4.3000","2.8000","0","0","3.1100",""
"5573488","Magic","Commander: Streets of New Capenna","Smuggler's Share (Extended Art)","","122","R","Near Mint","6.44","7.30","6.7900","5.5900","0","0","6.0200",""
"5527528","Magic","Commander: Streets of New Capenna","Spiteful Repossession","","90","R","Near Mint","0.25","0.24","1.4300","0.1200","0","0","0.1500",""
"5552938","Magic","Commander: Streets of New Capenna","Strionic Resonator","","381","R","Near Mint","6.98","8.49","5.7800","3.7900","0","0","5.3800",""
"5549293","Magic","Commander: Streets of New Capenna","Tivit, Seller of Secrets","","10","M","Near Mint Foil","2.38","","3.5100","2.2000","0","0","2.2400",""
"5535853","Magic","Commander: Streets of New Capenna","Twinning Staff","","383","R","Near Mint","5.68","5.78","5.7800","5.7800","0","0","5.2200",""
"5552013","Magic","Commander: Streets of New Capenna","Wrexial, the Risen Deep","","359","M","Near Mint","1.56","1.50","2.8100","1.5000","0","0","1.5100",""
"8622555","Magic","Commander: Tarkir: Dragonstorm","Adarkar Wastes","","338","R","Near Mint","0.33","0.24","1.5500","0.2400","0","0","0.2600",""
"8633668","Magic","Commander: Tarkir: Dragonstorm","Afterlife from the Loam (Extended Art)","","65","R","Near Mint","1.69","0.91","2.2200","0.9100","0","0","1.0700",""
"8628770","Magic","Commander: Tarkir: Dragonstorm","Ainok Strike Leader (Extended Art)","","51","R","Near Mint","4.44","3.74","4.2100","2.9000","0","0","3.6700",""
"8636660","Magic","Commander: Tarkir: Dragonstorm","Canopy Gargantuan","","45","R","Near Mint","4.49","4.48","5.0800","3.7700","0","0","4.1400",""
"8641464","Magic","Commander: Tarkir: Dragonstorm","Dragon Tempest","","94","U","Near Mint","2.93","2.96","4.0000","2.6900","0","0","2.7500",""
"8642424","Magic","Commander: Tarkir: Dragonstorm","Elemental Bond","","254","U","Near Mint","2.51","","3.4300","2.1200","0","0","2.1900",""
"8613574","Magic","Commander: Tarkir: Dragonstorm","Eshki, Temur's Roar (Borderless)","","3","M","Near Mint Foil","1.10","","2.2600","0.9500","0","0","0.9800",""
"8635730","Magic","Commander: Tarkir: Dragonstorm","Floral Evoker (Extended Art)","","86","R","Near Mint","0.53","0.55","1.5600","0.2500","0","0","0.3100",""
"8628470","Magic","Commander: Tarkir: Dragonstorm","Goldlust Triad (Extended Art)","","74","R","Near Mint","9.68","9.79","8.7200","8.7200","0","0","9.2700",""
"8621445","Magic","Commander: Tarkir: Dragonstorm","Haughty Djinn","","154","R","Near Mint","0.26","0.13","1.4400","0.1300","0","0","0.1600",""
"8641704","Magic","Commander: Tarkir: Dragonstorm","Hellkite Courser","","218","M","Near Mint","5.22","4.96","5.0500","5.0500","0","0","5.1400",""
"8627296","Magic","Commander: Tarkir: Dragonstorm","Loyal Apprentice","","222","U","Near Mint","0.22","0.19","1.5000","0.1900","0","0","0.2000",""
"8621025","Magic","Commander: Tarkir: Dragonstorm","Monastery Mentor","","125","M","Near Mint","0.50","0.36","1.6600","0.3500","0","0","0.3800",""
"8637265","Magic","Commander: Tarkir: Dragonstorm","Seedborn Muse","","268","R","Near Mint","7.94","8.02","5.9600","5.9600","0","0","6.9800",""
"8636140","Magic","Commander: Tarkir: Dragonstorm","Staff of Compleation","","326","M","Near Mint","2.25","","3.2600","1.9500","0","0","2.0100",""
"8636170","Magic","Commander: Tarkir: Dragonstorm","Swiftfoot Boots","","328","U","Near Mint","1.14","","2.3900","1.0800","0","0","1.0600",""
"8642064","Magic","Commander: Tarkir: Dragonstorm","Taurean Mauler","","238","R","Near Mint","2.15","2.17","2.5000","1.1900","1","0","1.4000",""
"8642694","Magic","Commander: Tarkir: Dragonstorm","Temur Ascendancy","","305","R","Near Mint","2.79","2.70","3.9700","2.6600","0","0","2.6900",""
"8641403","Magic","Commander: Tarkir: Dragonstorm","Thundermane Dragon","","38","R","Near Mint","1.34","1.28","2.5900","1.2800","0","0","1.2900",""
"8613881","Magic","Commander: Tarkir: Dragonstorm","Ureni of the Unwritten (Borderless)","","9","M","Moderately Played Foil","19.34","","19.3400","19.3400","0","0","19.3400",""
"8633708","Magic","Commander: Tarkir: Dragonstorm","Welcome the Dead (Extended Art)","","70","R","Near Mint","0.25","0.23","1.4600","0.1500","0","0","0.1700",""
"8637625","Magic","Commander: Tarkir: Dragonstorm","Welcoming Vampire","","140","R","Near Mint","0.64","0.60","1.9000","0.5900","0","0","0.6000",""
"8655089","Magic","Commander: Tarkir: Dragonstorm","Will of the Temur (Extended Art)","","64","R","Near Mint","0.72","1.20","1.7300","0.4200","1","0","0.4800",""
"8613909","Magic","Commander: Tarkir: Dragonstorm","Zurgo Stormrender (Borderless)","","10","M","Near Mint","8.59","8.59","6.4900","5.2700","0","0","7.0400",""
"6682768","Magic","Commander: The Brothers' War","Austere Command (Retro Frame)","","69","R","Near Mint","0.44","0.45","1.7000","0.3900","1","0","0.4000",""
"6713645","Magic","Commander: The Brothers' War","Disciple of Caelus Nin","","21","R","Near Mint","0.18","0.11","1.4600","0.1500","0","0","0.1600",""
"6689713","Magic","Commander: The Brothers' War","Fellwar Stone (Retro Frame)","","141","U","Near Mint","1.57","1.96","2.7900","1.4800","0","0","1.5000",""
"6686003","Magic","Commander: The Brothers' War","Jhoira, Weatherlight Captain (Retro Frame)","","126","M","Near Mint","1.01","1.01","2.1500","0.8400","0","0","0.8700",""
"6717050","Magic","Commander: The Brothers' War","Sardian Avenger","","23","R","Near Mint","1.20","1.26","1.9800","0.6700","0","0","0.7800",""
"6702201","Magic","Commander: The Brothers' War","Scholar of New Horizons (Extended Art)","","53","R","Near Mint","1.46","1.23","2.3000","0.9900","1","0","1.0800",""
"6717430","Magic","Commander: The Brothers' War","Staff of Titania","","27","R","Near Mint","6.02","6.07","6.1500","6.1500","0","0","6.1500",""
"6719085","Magic","Commander: The Brothers' War","The Archimandrite","","26","R","Near Mint","0.35","","1.5100","0.2000","0","0","0.2300",""
"6718300","Magic","Commander: The Brothers' War","Urza's Workshop","","28","R","Near Mint","14.92","16.11","14.9200","14.9200","0","0","14.9200",""
"7438089","Magic","Commander: The Lord of the Rings: Tales of Middle-earth","Anduril, Narsil Reforged (Borderless)","","491","R","Near Mint Foil","6.43","6.49","5.0000","5.0000","0","0","5.7300",""
"7529668","Magic","Commander: The Lord of the Rings: Tales of Middle-earth","Aragorn, Hornburg Hero (Borderless)","","492","M","Near Mint","2.59","","3.5600","2.2500","0","0","2.3200",""
"7438019","Magic","Commander: The Lord of the Rings: Tales of Middle-earth","Aragorn, Hornburg Hero (Borderless)","","492","M","Near Mint Foil","1.83","1.84","2.4400","1.1300","0","0","1.2600",""
"7438024","Magic","Commander: The Lord of the Rings: Tales of Middle-earth","Arboreal Alliance (Borderless)","","497","R","Near Mint Foil","0.34","0.33","1.5600","0.2500","1","0","0.2700",""
"7208726","Magic","Commander: The Lord of the Rings: Tales of Middle-earth","Asceticism","","233","R","Near Mint","4.50","4.49","5.0000","5.0000","0","0","5.0000",""
"7438094","Magic","Commander: The Lord of the Rings: Tales of Middle-earth","Call Forth the Tempest (Borderless)","","509","R","Near Mint Foil","6.49","6.82","6.8300","6.8300","0","0","6.8300",""
"7206966","Magic","Commander: The Lord of the Rings: Tales of Middle-earth","Cavern-Hoard Dragon","","31","R","Near Mint","18.35","17.49","17.5000","16.1900","0","0","17.5600",""
"7438029","Magic","Commander: The Lord of the Rings: Tales of Middle-earth","Courageous Resolve (Borderless)","","506","R","Near Mint Foil","0.40","0.40","1.6800","0.3700","0","0","0.3800",""
"7210061","Magic","Commander: The Lord of the Rings: Tales of Middle-earth","Door of Destinies","","277","R","Near Mint","6.71","6.72","6.3600","5.0600","0","0","5.8700",""
"7210981","Magic","Commander: The Lord of the Rings: Tales of Middle-earth","Earthquake","","214","R","Near Mint","0.50","0.52","1.7400","0.4300","0","0","0.4300",""
"7438099","Magic","Commander: The Lord of the Rings: Tales of Middle-earth","Fell Beast of Mordor (Borderless)","","513","R","Near Mint Foil","0.38","0.37","1.6200","0.3100","1","0","0.3200",""
"7438034","Magic","Commander: The Lord of the Rings: Tales of Middle-earth","Fell Beast's Shriek (Borderless)","","508","R","Near Mint Foil","0.24","0.24","1.5400","0.2300","1","0","0.2300",""
"7438039","Magic","Commander: The Lord of the Rings: Tales of Middle-earth","Galadhrim Brigade (Borderless)","","502","R","Near Mint Foil","4.39","4.39","5.1500","3.8400","0","0","5.0800",""
"7438049","Magic","Commander: The Lord of the Rings: Tales of Middle-earth","Galadriel, Light of Valinor (Borderless)","","498","M","Near Mint Foil","12.76","12.77","12.5000","12.5000","0","0","12.6100",""
"7438054","Magic","Commander: The Lord of the Rings: Tales of Middle-earth","Galadriel's Dismissal (Borderless)","","500","R","Near Mint Foil","15.59","15.53","15.5400","15.5400","0","0","15.7200",""
"7438059","Magic","Commander: The Lord of the Rings: Tales of Middle-earth","Gandalf of the Secret Fire (Borderless)","","507","M","Near Mint Foil","0.97","0.95","2.1900","0.8800","0","0","0.9000",""
"7228349","Magic","Commander: The Lord of the Rings: Tales of Middle-earth","Gimli of the Glittering Caves","","32","R","Near Mint","0.63","0.64","1.9300","0.6200","0","0","0.5800",""
"7438104","Magic","Commander: The Lord of the Rings: Tales of Middle-earth","Gimli's Reckless Might (Borderless)","","494","R","Near Mint Foil","2.86","2.80","4.0500","2.7400","1","0","2.7600",""
"7208486","Magic","Commander: The Lord of the Rings: Tales of Middle-earth","Hithlain Rope","","76","R","Near Mint","0.19","0.18","1.4600","0.1500","0","0","0.1600",""
"7201931","Magic","Commander: The Lord of the Rings: Tales of Middle-earth","In the Darkness Bind Them","","58","R","Near Mint","0.67","0.64","1.7600","0.4500","0","0","0.4900",""
"7438109","Magic","Commander: The Lord of the Rings: Tales of Middle-earth","Isengard Unleashed (Borderless)","","495","R","Near Mint Foil","1.12","1.09","2.3700","1.0600","0","0","1.0700",""
"7438114","Magic","Commander: The Lord of the Rings: Tales of Middle-earth","Legolas's Quick Reflexes (Borderless)","","493","R","Near Mint Foil","17.20","17.30","17.3300","16.0200","1","0","17.3300",""
"7201891","Magic","Commander: The Lord of the Rings: Tales of Middle-earth","Lord of the Nazgul","","60","R","Near Mint","1.28","1.35","2.2100","0.9000","0","0","0.9800",""
"7438119","Magic","Commander: The Lord of the Rings: Tales of Middle-earth","Minas Morgul, Dark Fortress (Borderless)","","514","R","Near Mint Foil","7.87","7.88","7.8800","7.8800","0","0","7.3100",""
"7438064","Magic","Commander: The Lord of the Rings: Tales of Middle-earth","Mists of Lorien (Borderless)","","501","R","Near Mint Foil","0.60","0.61","1.6700","0.3600","1","0","0.4100",""
"7438124","Magic","Commander: The Lord of the Rings: Tales of Middle-earth","Mordor on the March (Borderless)","","512","R","Near Mint Foil","0.29","0.28","1.5000","0.1900","1","0","0.2100",""
"7529748","Magic","Commander: The Lord of the Rings: Tales of Middle-earth","Nazgul Battle-Mace (Borderless)","","510","R","Near Mint","8.99","8.99","8.2700","7.0000","0","0","8.5000",""
"7438129","Magic","Commander: The Lord of the Rings: Tales of Middle-earth","Nazgul Battle-Mace (Borderless)","","510","R","Near Mint Foil","7.40","7.75","7.7500","7.7500","0","0","6.7900",""
"7438069","Magic","Commander: The Lord of the Rings: Tales of Middle-earth","Olorin's Searing Light (Borderless)","","503","R","Near Mint Foil","1.89","1.87","3.1200","1.8100","0","0","1.8200",""
"7438074","Magic","Commander: The Lord of the Rings: Tales of Middle-earth","Rally the Galadhrim (Borderless)","","499","R","Near Mint Foil","0.33","0.30","1.5500","0.2400","1","0","0.2600",""
"7438079","Magic","Commander: The Lord of the Rings: Tales of Middle-earth","Rammas Echor, Ancient Shield (Borderless)","","505","R","Near Mint Foil","4.53","4.48","5.0000","3.6900","0","0","4.1100",""
"7201676","Magic","Commander: The Lord of the Rings: Tales of Middle-earth","Relic of Sauron","","79","R","Near Mint","7.42","6.99","7.3400","7.3400","0","0","7.3800",""
"7438134","Magic","Commander: The Lord of the Rings: Tales of Middle-earth","Rohirrim Chargers (Borderless)","","496","R","Near Mint Foil","0.29","0.27","1.5200","0.2100","1","0","0.2300",""
"7207366","Magic","Commander: The Lord of the Rings: Tales of Middle-earth","Shelob, Dread Weaver","","29","R","Near Mint","0.67","0.65","1.8100","0.5000","0","0","0.5300",""
"7529768","Magic","Commander: The Lord of the Rings: Tales of Middle-earth","Sorcerous Squall (Borderless)","","504","R","Near Mint","0.70","0.63","1.8100","0.5000","0","0","0.5400",""
"7438084","Magic","Commander: The Lord of the Rings: Tales of Middle-earth","Sorcerous Squall (Borderless)","","504","R","Near Mint Foil","0.56","0.54","1.7600","0.4500","0","0","0.4700",""
"7207686","Magic","Commander: The Lord of the Rings: Tales of Middle-earth","Swan Song","","197","R","Near Mint","9.53","10.48","8.5700","7.5800","0","0","8.4600",""
"7228469","Magic","Commander: The Lord of the Rings: Tales of Middle-earth","Taunt from the Rampart","","71","R","Near Mint","2.64","2.73","3.5600","2.2500","0","0","2.3200",""
"7447346","Magic","Commander: The Lord of the Rings: Tales of Middle-earth","The Gaffer (Showcase Scrolls)","","414","R","Near Mint","13.71","14.05","14.0500","14.0500","0","0","14.0800",""
"7203766","Magic","Commander: The Lord of the Rings: Tales of Middle-earth","Thrill of Possibility","","229","C","Near Mint","0.15","","1.3800","0.0700","1","0","0.1500",""
"7208646","Magic","Commander: The Lord of the Rings: Tales of Middle-earth","Whispersilk Cloak","","292","U","Near Mint","2.10","2.17","3.3500","2.0400","0","0","1.9800",""
"7438139","Magic","Commander: The Lord of the Rings: Tales of Middle-earth","Witch-king, Sky Scourge (Borderless)","","511","M","Near Mint Foil","1.44","1.51","2.3000","0.9900","1","0","1.0800",""
"7531097","Magic","Commander: The Lost Caverns of Ixalan","Austere Command","","126","R","Near Mint","0.31","","1.5600","0.2500","0","0","0.2600",""
"7538782","Magic","Commander: The Lost Caverns of Ixalan","Evolution Sage","","240","U","Near Mint","1.76","1.75","2.9800","1.6700","1","0","1.6800",""
"7540752","Magic","Commander: The Lost Caverns of Ixalan","Karn's Bastion","","339","R","Near Mint","1.36","","2.6100","1.3000","0","0","1.3100",""
"7546062","Magic","Commander: The Lost Caverns of Ixalan","Ripples of Potential (Extended Art)","","45","R","Near Mint","8.41","8.47","8.0000","8.0000","0","0","8.2100",""
"7536612","Magic","Commander: The Lost Caverns of Ixalan","Rishkar's Expertise","","254","R","Near Mint","1.46","1.43","2.6700","1.3600","0","0","1.3800",""
"7545502","Magic","Commander: The Lost Caverns of Ixalan","The Indomitable (Extended Art)","","43","R","Near Mint","5.15","5.21","5.1400","5.1400","0","0","5.1400",""
"7554622","Magic","Commander: The Lost Caverns of Ixalan","Xavier Sal, Infested Captain (Extended Art)","","33","R","Near Mint","0.72","0.72","1.8900","0.5800","1","0","0.6200",""
"7393405","Magic","Commander: Wilds of Eldraine","Eidolon of Blossoms","","124","R","Heavily Played","","","4.8500","3.5400","1","0","3.5400",""
"7407571","Magic","Commander: Wilds of Eldraine","Misleading Signpost","","11","R","Near Mint","11.68","12.97","11.2200","9.9100","0","0","10.7900",""
"7393067","Magic","Commander: Wilds of Eldraine","Starfield Mystic","","76","R","Near Mint","0.45","0.69","1.6900","0.3800","1","0","0.3900",""
"7389356","Magic","Commander: Wilds of Eldraine","Throne of Eldraine (Extended Art)","","40","R","Near Mint Foil","25.57","32.52","29.2500","24.0000","0","0","24.4600",""
"7399047","Magic","Commander: Wilds of Eldraine","Unfinished Business (Extended Art)","","44","R","Near Mint","1.24","1.11","2.2100","0.9000","0","0","0.9700",""
"4601870","Magic","Commander: Zendikar Rising","Anowon, the Ruin Thief (Extended Art)","","7","M","Near Mint Foil","1.81","1.15","2.4600","1.1500","1","0","1.2800",""
"4580470","Magic","Commander: Zendikar Rising","Arcane Signet","","106","C","Near Mint","0.49","0.40","1.7100","0.4000","0","0","0.4200",""
"4581065","Magic","Commander: Zendikar Rising","Blackblade Reforged","","107","R","Near Mint","2.40","2.00","3.3100","2.0000","0","0","2.0800",""
"4589600","Magic","Commander: Zendikar Rising","Far Wanderings","","66","C","Near Mint","0.30","0.25","1.5400","0.2300","1","0","0.2400",""
"4589215","Magic","Commander: Zendikar Rising","Hour of Revelation","","17","R","Near Mint","0.64","","1.9000","0.5900","0","0","0.6000",""
"4589775","Magic","Commander: Zendikar Rising","Kodama's Reach","","73","C","Near Mint","1.41","","2.7100","1.4000","1","0","1.4000",""
"4587895","Magic","Commander: Zendikar Rising","Kor Cartographer","","18","C","Near Mint","0.15","","1.4100","0.1000","1","0","0.1500",""
"4587425","Magic","Commander: Zendikar Rising","Mina and Denn, Wildborn","","94","R","Near Mint","1.02","0.75","2.0600","0.7500","0","0","0.8100",""
"4581205","Magic","Commander: Zendikar Rising","Notion Thief","","96","R","Near Mint","0.96","1.05","2.2800","0.7200","0","0","0.7700",""
"4586330","Magic","Commander: Zendikar Rising","Return of the Wildspeaker","","79","R","Near Mint","0.88","","2.0600","0.7500","0","0","0.7800",""
"4580600","Magic","Commander: Zendikar Rising","Sol Ring","","120","U","Near Mint","1.33","1.38","2.3600","1.0500","1","0","1.1000",""
"4588825","Magic","Commander: Zendikar Rising","Springbloom Druid","","83","C","Near Mint","0.45","0.39","1.5900","0.2800","1","0","0.3100",""
"4590015","Magic","Commander: Zendikar Rising","Treacherous Terrain","","105","U","Near Mint","0.12","","1.4100","0.1000","1","0","0.1500",""
"255345","Magic","Conflux","Ancient Ziggurat","","141","U","Near Mint","2.72","2.41","4.0400","2.7300","0","0","2.7300",""
"255363","Magic","Conflux","Manaforce Mace","","139","U","Near Mint","0.18","","1.3800","0.0500","1","0","0.1500",""
"362666","Magic","Conflux","Path to Exile","","15","U","Heavily Played","0.99","","2.3000","0.9900","1","0","0.9900",""
"255478","Magic","Conflux","Reliquary Tower","","143","U","Near Mint","2.52","","3.3200","2.0100","0","0","2.1100",""
"1187279","Magic","Conspiracy","Basandra, Battle Seraph","","184","R","Near Mint","2.08","","2.5600","1.2500","0","0","1.4000",""
"1187534","Magic","Conspiracy","Deathrender","","197","R","Near Mint Foil","9.85","","9.5700","8.5800","0","0","9.2100",""
"1186408","Magic","Conspiracy","Drakestown Forgotten","","27","R","Near Mint","0.28","","1.4700","0.1600","1","0","0.1800",""
"1187589","Magic","Conspiracy","Elephant Guide","","162","U","Near Mint","0.16","","1.4100","0.1000","1","0","0.1500",""
"1188775","Magic","Conspiracy","Sakura-Tribe Elder","","177","C","Near Mint","0.47","0.45","1.6000","0.2900","2","0","0.3300",""
"1187088","Magic","Conspiracy","Selvala, Explorer Returned","","51","R","Near Mint","0.38","0.38","1.5800","0.2700","1","0","0.2900",""
"1188185","Magic","Conspiracy","Tragic Slip","","128","C","Near Mint","0.22","0.20","1.5000","0.1900","1","0","0.2000",""
"1186559","Magic","Conspiracy","Treasonous Ogre","","36","U","Near Mint","12.93","12.90","12.9000","12.9000","0","0","12.9000",""
"1187905","Magic","Conspiracy","Vedalken Orrery","","206","R","Near Mint","7.12","9.29","7.9800","6.6800","0","0","7.9800",""
"3192567","Magic","Conspiracy: Take the Crown","Arcane Savant","","27","R","Near Mint","0.17","","1.4000","0.0900","1","0","0.1500",""
"3194675","Magic","Conspiracy: Take the Crown","Beast Within","","174","U","Near Mint","0.97","0.99","1.9900","0.6800","1","0","0.7400",""
"3194835","Magic","Conspiracy: Take the Crown","Covenant of Minds","","105","R","Near Mint","0.27","","1.3500","0.0400","1","0","0.1500",""
"3193075","Magic","Conspiracy: Take the Crown","Daretti, Ingenious Iconoclast","","74","M","Near Mint","4.92","7.20","5.0300","3.7200","0","0","4.3200",""
"3193551","Magic","Conspiracy: Take the Crown","Dragonlair Spider","","201","R","Near Mint","0.79","","2.0200","0.7100","0","0","0.7300",""
"3195015","Magic","Conspiracy: Take the Crown","Faith's Reward","","84","R","Near Mint","1.17","","2.4000","1.0900","0","0","1.1100",""
"3192647","Magic","Conspiracy: Take the Crown","Hallowed Burial","","91","R","Near Mint","0.43","","1.5100","0.2000","0","0","0.2500",""
"3195285","Magic","Conspiracy: Take the Crown","Harvester of Souls","","138","R","Near Mint","0.78","0.92","2.0500","0.7400","0","0","0.7500",""
"3195695","Magic","Conspiracy: Take the Crown","Pariah","","95","R","Near Mint","1.54","1.53","2.2200","0.9100","0","0","1.0400",""
"3765705","Magic","Core Set 2019","Ajani's Influence","","282","R","Near Mint","0.23","0.16","1.4700","0.1300","0","0","0.1500",""
"3765324","Magic","Core Set 2019","Amulet of Safekeeping","","226","R","Near Mint","0.19","0.19","1.4100","0.1000","0","0","0.1500",""
"3766291","Magic","Core Set 2019","Arcades, the Strategist","","212","M","Near Mint","2.34","2.36","3.2000","1.8900","0","0","1.9800",""
"3766226","Magic","Core Set 2019","Banefire","","130","R","Near Mint Foil","4.28","","4.5000","3.1900","0","0","3.7400",""
"3765334","Magic","Core Set 2019","Cleansing Nova","","9","R","Near Mint","0.44","0.43","1.5600","0.2500","0","0","0.2900",""
"3761343","Magic","Core Set 2019","Colossal Majesty","","173","U","Near Mint","0.71","","1.9500","0.6400","0","0","0.6400",""
"3762548","Magic","Core Set 2019","Crucible of Worlds","","229","M","Near Mint","29.66","32.90","27.0000","26.0000","0","0","27.1700",""
"3762549","Magic","Core Set 2019","Crucible of Worlds","","229","M","Lightly Played","30.01","31.32","27.9600","26.6500","0","0","27.6600",""
"3761563","Magic","Core Set 2019","Desecrated Tomb","","230","R","Near Mint","1.11","1.08","2.2500","0.9400","0","0","0.9800",""
"3766351","Magic","Core Set 2019","Dragon's Hoard","","232","R","Near Mint","0.70","0.70","1.7100","0.4000","0","0","0.4600",""
"3766256","Magic","Core Set 2019","Dryad Greenseeker","","178","U","Near Mint","0.11","","1.3700","0.0600","1","0","0.1500",""
"3766166","Magic","Core Set 2019","Fraying Omnipotence","","97","R","Near Mint","0.56","0.56","1.7200","0.4100","0","0","0.4400",""
"3760547","Magic","Core Set 2019","Gigantosaurus","","185","R","Near Mint","1.81","1.81","2.5000","1.1900","0","0","1.3100",""
"3765625","Magic","Core Set 2019","Goblin Trashmaster","","144","R","Near Mint","5.34","6.03","5.3100","4.0000","0","0","4.6700",""
"3761513","Magic","Core Set 2019","Guttersnipe","","145","U","Near Mint","0.18","","1.4700","0.1600","0","0","0.1500",""
"3762313","Magic","Core Set 2019","Lathliss, Dragon Queen","","149","R","Near Mint","1.86","1.89","2.0700","0.7600","0","0","0.9800",""
"3766056","Magic","Core Set 2019","Leonin Warleader","","23","R","Near Mint","4.16","4.11","4.6900","3.3800","0","0","3.7500",""
"3766481","Magic","Core Set 2019","Liliana's Contract","","107","R","Near Mint","2.67","3.09","3.2100","1.9000","0","0","2.0500",""
"3766621","Magic","Core Set 2019","Make a Stand","","26","U","Near Mint","0.10","","1.3800","0.0700","1","0","0.1500",""
"3761453","Magic","Core Set 2019","Mentor of the Meek","","27","R","Near Mint","0.20","","1.4700","0.1600","1","0","0.1600",""
"3765374","Magic","Core Set 2019","Metamorphic Alteration","","60","R","Near Mint","0.26","","1.4100","0.1000","0","0","0.1500",""
"3765384","Magic","Core Set 2019","Mistcaller","","62","R","Near Mint","0.31","","1.5300","0.2200","1","0","0.2400",""
"3766491","Magic","Core Set 2019","Mystic Archaeologist","","63","R","Near Mint","0.11","","1.3600","0.0500","1","0","0.1500",""
"3767141","Magic","Core Set 2019","Naturalize","","190","C","Near Mint","0.11","","1.3300","0.0200","2","0","0.1500",""
"3760217","Magic","Core Set 2019","Patient Rebuilding","","67","R","Near Mint","0.45","","1.5600","0.2500","0","0","0.2900",""
"3760222","Magic","Core Set 2019","Patient Rebuilding","","67","R","Near Mint Foil","0.99","","2.2500","0.9400","0","0","0.9500",""
"3765635","Magic","Core Set 2019","Phylactery Lich","","113","R","Near Mint","0.17","0.17","1.4000","0.0900","0","0","0.1500",""
"3765645","Magic","Core Set 2019","Poison-Tip Archer","","220","U","Near Mint","0.30","0.30","1.3200","0.0100","0","0","0.1500",""
"3767156","Magic","Core Set 2019","Psychic Corrosion","","68","U","Near Mint","4.52","5.29","4.9500","3.6400","0","0","4.1500",""
"3761583","Magic","Core Set 2019","Reliquary Tower","","254","U","Near Mint","2.26","2.99","3.3100","2.0000","0","0","2.0500",""
"3761658","Magic","Core Set 2019","Riddlemaster Sphinx","","287","R","Near Mint","0.12","","1.3200","0.0100","1","0","0.1500",""
"3766281","Magic","Core Set 2019","Runic Armasaur","","200","R","Near Mint","1.33","1.34","2.1100","0.8000","0","0","0.9100",""
"3765304","Magic","Core Set 2019","Sai, Master Thopterist","","69","R","Near Mint","0.48","0.60","1.5600","0.2500","1","0","0.2900",""
"3765424","Magic","Core Set 2019","Sarkhan's Unsealing","","155","R","Near Mint","0.65","","1.8600","0.5500","0","0","0.5700",""
"3761443","Magic","Core Set 2019","Skyscanner","","245","C","Near Mint","0.09","","1.3600","0.0500","1","0","0.1500",""
"3765444","Magic","Core Set 2019","Valiant Knight","","42","R","Near Mint","0.28","","1.5100","0.2000","0","0","0.1700",""
"3761553","Magic","Core Set 2019","Vivien's Invocation","","209","R","Near Mint","0.14","0.04","1.3500","0.0400","0","0","0.1500",""
"3760277","Magic","Core Set 2019","Wall of Mist","","83","C","Near Mint","0.05","0.05","1.3200","0.0100","1","0","0.1500",""
"3760627","Magic","Core Set 2019","Wall of Vines","","210","C","Near Mint","0.06","","1.3200","0.0100","1","0","0.1500",""
"4091908","Magic","Core Set 2020","Atemsis, All-Seeing","","46","R","Near Mint","0.26","0.26","1.4100","0.1000","0","0","0.1500",""
"4096259","Magic","Core Set 2020","Bishop of Wings","","8","R","Near Mint","3.07","3.14","3.5000","2.0000","1","0","2.6300",""
"4090108","Magic","Core Set 2020","Corpse Knight","","206","U","Near Mint","0.65","0.66","1.8200","0.5100","0","0","0.5400",""
"4092689","Magic","Core Set 2020","Disenchant","","14","C","Near Mint","0.09","","1.3600","0.0500","1","0","0.1500",""
"4096034","Magic","Core Set 2020","Dungeon Geists","","57","R","Near Mint","0.09","0.08","1.3500","0.0400","1","0","0.1500",""
"4106810","Magic","Core Set 2020","Evolving Wilds","","246","C","Near Mint","0.10","0.09","1.3600","0.0500","1","0","0.1500",""
"4095554","Magic","Core Set 2020","Leyline of Anticipation","","64","R","Near Mint","2.40","3.99","3.3100","2.0000","0","0","2.0800",""
"4101870","Magic","Core Set 2020","Manifold Key","","230","U","Near Mint","1.05","1.51","2.0300","0.7200","0","0","0.7900",""
"4096229","Magic","Core Set 2020","Moldervine Reclamation","","214","U","Near Mint","0.35","0.34","1.5900","0.2800","0","0","0.2900",""
"4096329","Magic","Core Set 2020","Planar Cleansing","","33","R","Near Mint","0.17","0.16","1.4100","0.1000","0","0","0.1500",""
"4094559","Magic","Core Set 2020","Rule of Law","","35","U","Near Mint","0.38","","1.6400","0.3300","0","0","0.3400",""
"4110800","Magic","Core Set 2020","Tale's End","","77","R","Near Mint","1.69","2.53","2.0600","0.7500","0","0","0.9400",""
"4099149","Magic","Core Set 2020","Temple of Malady","","254","R","Near Mint","0.15","0.16","1.4500","0.1400","0","0","0.1500",""
"4102740","Magic","Core Set 2020","Vilis, Broker of Blood","","122","R","Near Mint","8.91","9.98","8.5600","7.2600","0","0","8.0500",""
"4096189","Magic","Core Set 2020","Yarok, the Desecrated","","220","M","Near Mint","3.16","3.52","3.8100","2.5000","0","0","2.8300",""
"4458836","Magic","Core Set 2021","Animal Sanctuary","","242","R","Near Mint","2.23","3.88","2.3100","1.0000","0","0","1.2400",""
"4436385","Magic","Core Set 2021","Azusa, Lost but Seeking","","173","R","Near Mint","10.81","10.88","11.0000","11.0000","0","0","11.0000",""
"4439425","Magic","Core Set 2021","Baneslayer Angel","","6","M","Near Mint","2.14","2.27","2.9500","1.6400","0","0","1.7400",""
"4461616","Magic","Core Set 2021","Barrin, Tolarian Archmage","","45","R","Near Mint","0.20","0.15","1.4100","0.1000","0","0","0.1500",""
"4443872","Magic","Core Set 2021","Basri Ket","","7","M","Near Mint","0.74","0.69","1.9600","0.6500","0","0","0.6700",""
"4444092","Magic","Core Set 2021","Basri's Lieutenant","","9","R","Near Mint","0.20","0.16","1.4700","0.1600","0","0","0.1700",""
"4444202","Magic","Core Set 2021","Basri's Lieutenant (Showcase)","","288","R","Near Mint","0.22","0.20","1.4400","0.1300","0","0","0.1500",""
"4458396","Magic","Core Set 2021","Battle-Rattle Shaman","","130","U","Near Mint","0.05","","1.3200","0.0100","1","0","0.1500",""
"4471345","Magic","Core Set 2021","Blossoming Sands","","244","L","Near Mint","0.09","0.08","1.3700","0.0600","1","0","0.1500",""
"4471350","Magic","Core Set 2021","Blossoming Sands","","244","L","Near Mint Foil","0.24","0.24","1.4100","0.1000","1","0","0.1500",""
"4442592","Magic","Core Set 2021","Bolt Hound","","131","U","Near Mint","0.16","0.16","1.4400","0.1300","0","0","0.1500",""
"4456356","Magic","Core Set 2021","Brash Taunter","","133","R","Near Mint","0.64","0.74","1.8100","0.5000","0","0","0.5300",""
"4450986","Magic","Core Set 2021","Chandra, Heart of Fire","","135","M","Near Mint","0.18","0.18","1.4100","0.1000","0","0","0.1500",""
"4451096","Magic","Core Set 2021","Chandra's Incinerator","","136","R","Near Mint","1.79","","2.8500","1.5400","0","0","1.5900",""
"4451101","Magic","Core Set 2021","Chandra's Incinerator","","136","R","Near Mint Foil","2.26","","3.4100","2.1000","0","0","2.1300",""
"4443047","Magic","Core Set 2021","Chandra's Incinerator (Showcase)","","302","R","Near Mint","1.95","3.29","2.3100","1.0000","0","0","1.1900",""
"4452466","Magic","Core Set 2021","Conspicuous Snoop","","139","R","Near Mint","2.65","2.99","2.9100","1.6000","0","0","1.8100",""
"4444972","Magic","Core Set 2021","Containment Priest","","13","R","Near Mint","0.51","0.69","1.6300","0.3200","0","0","0.3500",""
"4444977","Magic","Core Set 2021","Containment Priest","","13","R","Near Mint Foil","0.58","","1.7100","0.4000","0","0","0.4400",""
"4439055","Magic","Core Set 2021","Containment Priest (Alternate Art)","","314","R","Near Mint","0.51","0.69","1.6900","0.3800","0","0","0.4000",""
"4439060","Magic","Core Set 2021","Containment Priest (Alternate Art)","","314","R","Near Mint Foil","1.26","1.24","2.2100","0.9000","0","0","0.9700",""
"4446622","Magic","Core Set 2021","Cultivate","","177","U","Near Mint","0.52","","1.7500","0.4400","0","0","0.4500",""
"4449013","Magic","Core Set 2021","Cultivate (Alternate Art)","","317","R","Near Mint Foil","4.22","3.74","5.0000","5.0000","0","0","5.0000",""
"4463656","Magic","Core Set 2021","Demonic Embrace","","95","R","Near Mint","0.24","","1.4600","0.1500","0","0","0.1700",""
"4457846","Magic","Core Set 2021","Discontinuity","","48","M","Near Mint","0.54","0.53","1.7000","0.3900","0","0","0.4200",""
"4435669","Magic","Core Set 2021","Double Vision","","142","R","Near Mint","0.34","0.21","1.5200","0.2100","0","0","0.2400",""
"4448788","Magic","Core Set 2021","Fabled Passage","","246","R","Near Mint","4.79","4.94","5.0400","5.0400","0","0","5.0500",""
"4454576","Magic","Core Set 2021","Feline Sovereign","","180","R","Near Mint","0.49","0.49","1.7000","0.3900","0","0","0.4100",""
"4454581","Magic","Core Set 2021","Feline Sovereign","","180","R","Near Mint Foil","0.95","","2.1500","0.8400","0","0","0.8600",""
"4436525","Magic","Core Set 2021","Fierce Empath","","181","U","Near Mint","0.14","","1.4100","0.1000","3","0","0.1500",""
"4442477","Magic","Core Set 2021","Fungal Rebirth","","182","U","Near Mint","0.12","0.10","1.4100","0.1000","4","0","0.1500",""
"4441432","Magic","Core Set 2021","Gadrak, the Crown-Scourge","","146","R","Near Mint","1.07","0.25","1.5200","0.2100","0","0","0.3800",""
"4452916","Magic","Core Set 2021","Garruk, Unleashed","","183","M","Near Mint","0.63","0.63","1.7000","0.3900","0","0","0.4400",""
"4454026","Magic","Core Set 2021","Garruk, Unleashed (Borderless)","","284","M","Near Mint","1.26","1.33","2.2100","0.9000","0","0","0.9700",""
"4453686","Magic","Core Set 2021","Garruk's Harbinger","","185","R","Near Mint","0.11","0.11","1.3900","0.0800","1","0","0.1500",""
"4454356","Magic","Core Set 2021","Garruk's Harbinger (Showcase)","","307","R","Near Mint","0.15","0.12","1.3700","0.0600","1","0","0.1500",""
"4453796","Magic","Core Set 2021","Garruk's Uprising","","186","U","Near Mint","0.55","0.55","1.7900","0.4800","0","0","0.4900",""
"4454466","Magic","Core Set 2021","Garruk's Uprising (Showcase)","","308","U","Near Mint","0.47","0.47","1.5400","0.2300","0","0","0.2800",""
"4463486","Magic","Core Set 2021","Ghostly Pilferer","","52","R","Near Mint","1.05","","2.2100","0.9000","0","0","0.9300",""
"4458066","Magic","Core Set 2021","Glorious Anthem","","21","R","Near Mint","0.25","0.23","1.4900","0.1800","0","0","0.1900",""
"4457016","Magic","Core Set 2021","Goremand","","101","U","Near Mint","0.03","0.02","1.3200","0.0100","2","0","0.1500",""
"4457021","Magic","Core Set 2021","Goremand","","101","U","Near Mint Foil","0.33","","1.4500","0.1400","1","0","0.1800",""
"4448128","Magic","Core Set 2021","Heroic Intervention","","188","R","Near Mint","11.20","","10.5000","9.1900","0","0","10.8000",""
"4459636","Magic","Core Set 2021","Hooded Blightfang","","104","R","Near Mint","0.42","0.50","1.5500","0.2400","0","0","0.2700",""
"4448238","Magic","Core Set 2021","Idol of Endurance","","23","R","Near Mint","0.13","0.05","1.3200","0.0100","0","0","0.1500",""
"4451866","Magic","Core Set 2021","Invigorating Surge","","190","U","Near Mint","0.25","0.21","1.5200","0.2100","0","0","0.2200",""
"4446848","Magic","Core Set 2021","Jolrael, Mwonvuli Recluse","","191","R","Near Mint","0.13","0.10","1.3900","0.0800","1","0","0.1500",""
"4457236","Magic","Core Set 2021","Kaervek, the Spiteful","","106","R","Near Mint","0.25","0.24","1.5300","0.2200","0","0","0.2300",""
"4460296","Magic","Core Set 2021","Kitesail Freebooter","","107","U","Near Mint","0.11","0.10","1.3900","0.0800","3","0","0.1500",""
"4450546","Magic","Core Set 2021","Light of Promise","","25","U","Near Mint","0.39","","1.6000","0.2900","0","0","0.3100",""
"4455446","Magic","Core Set 2021","Liliana's Standard Bearer","","110","R","Near Mint","0.14","","1.3900","0.0800","0","0","0.1500",""
"4435544","Magic","Core Set 2021","Mangara, the Diplomat","","27","M","Near Mint","0.89","0.92","1.9100","0.6000","2","0","0.6600",""
"4446292","Magic","Core Set 2021","Massacre Wurm","","114","M","Near Mint","2.00","3.49","2.8300","1.5200","0","0","1.6200",""
"4445852","Magic","Core Set 2021","Mazemind Tome","","232","R","Near Mint","0.30","0.25","1.4100","0.1000","0","0","0.1500",""
"4447468","Magic","Core Set 2021","Mountain (Showcase)","","312","L","Near Mint","0.63","0.55","1.6000","0.2900","0","0","0.3500",""
"4457736","Magic","Core Set 2021","Niambi, Esteemed Speaker","","222","R","Near Mint","0.22","0.19","1.4100","0.1000","1","0","0.1500",""
"4460406","Magic","Core Set 2021","Nine Lives","","28","R","Near Mint","0.57","","1.7500","0.4400","0","0","0.4700",""
"4441542","Magic","Core Set 2021","Pack Leader","","29","R","Near Mint","0.29","0.29","1.5600","0.2500","0","0","0.2600",""
"4459747","Magic","Core Set 2021","Palladium Myr","","234","U","Lightly Played","0.64","","1.8800","0.5700","0","0","0.5800",""
"4439535","Magic","Core Set 2021","Peer into the Abyss","","117","R","Near Mint","2.18","2.80","2.9800","1.6700","0","0","1.7700",""
"4441677","Magic","Core Set 2021","Primal Might","","197","R","Near Mint","0.20","","1.4500","0.1400","0","0","0.1500",""
"4447128","Magic","Core Set 2021","Pursued Whale","","60","R","Near Mint","0.12","0.08","1.3400","0.0300","3","0","0.1500",""
"4460076","Magic","Core Set 2021","Radha, Heart of Keld","","224","R","Near Mint","0.44","0.56","1.6100","0.3000","0","0","0.3300",""
"4445082","Magic","Core Set 2021","Radiant Fountain","","248","C","Near Mint","0.21","0.18","1.4700","0.1600","0","0","0.1700",""
"4472555","Magic","Core Set 2021","Return to Nature","","200","C","Near Mint","0.10","","1.4000","0.0900","1","0","0.1500",""
"4445192","Magic","Core Set 2021","Revitalize","","31","C","Near Mint","0.09","","1.3400","0.0300","1","0","0.1500",""
"4471675","Magic","Core Set 2021","Rugged Highlands","","249","L","Near Mint","0.09","","1.3400","0.0300","2","0","0.1500",""
"4436825","Magic","Core Set 2021","Runed Halo","","32","R","Near Mint","0.17","0.05","1.3600","0.0500","1","0","0.1500",""
"4460956","Magic","Core Set 2021","Sanctum of Fruitful Harvest","","203","U","Near Mint","0.48","0.39","1.6600","0.3500","0","0","0.3700",""
"4461286","Magic","Core Set 2021","Sanctum of Stone Fangs","","120","U","Near Mint","0.89","1.14","1.9500","0.6400","0","0","0.6800",""
"4459856","Magic","Core Set 2021","Scavenging Ooze","","204","R","Near Mint","0.18","0.24","1.4100","0.1000","0","0","0.1500",""
"4459966","Magic","Core Set 2021","Scavenging Ooze (Alternate Art)","","318","R","Near Mint","0.58","0.69","1.6800","0.3700","0","0","0.4100",""
"4471235","Magic","Core Set 2021","Scoured Barrens","","250","L","Near Mint","0.09","0.07","1.3600","0.0500","3","0","0.1500",""
"4447268","Magic","Core Set 2021","See the Truth","","69","R","Near Mint","0.50","0.69","1.5100","0.2000","0","0","0.2600",""
"4448458","Magic","Core Set 2021","Selfless Savior","","36","U","Near Mint","0.25","","1.5000","0.1900","0","0","0.2000",""
"4460516","Magic","Core Set 2021","Shacklegeist","","70","R","Near Mint","0.14","0.08","1.3200","0.0100","1","0","0.1500",""
"4438395","Magic","Core Set 2021","Sparkhunter Masticore","","240","R","Near Mint","0.10","0.10","1.3200","0.0100","0","0","0.1500",""
"4458726","Magic","Core Set 2021","Speaker of the Heavens","","38","R","Near Mint","0.69","0.63","1.6500","0.3400","0","0","0.4100",""
"4457456","Magic","Core Set 2021","Sporeweb Weaver","","208","R","Near Mint","0.53","","1.8100","0.5000","0","0","0.5000",""
"4450876","Magic","Core Set 2021","Stormwing Entity","","73","R","Near Mint","0.18","","1.4100","0.1000","0","0","0.1500",""
"4457126","Magic","Core Set 2021","Subira, Tulzidi Caravanner","","162","R","Near Mint","0.16","0.17","1.3900","0.0800","2","0","0.1500",""
"4457131","Magic","Core Set 2021","Subira, Tulzidi Caravanner","","162","R","Near Mint Foil","0.37","","1.4500","0.1400","1","0","0.1900",""
"4456106","Magic","Core Set 2021","Swamp (Showcase)","","311","L","Near Mint","0.75","0.62","1.6500","0.2500","1","0","0.3500",""
"4439165","Magic","Core Set 2021","Teferi's Ageless Insight","","76","R","Near Mint","1.87","2.18","2.6100","1.3000","0","0","1.4200",""
"4439315","Magic","Core Set 2021","Teferi's Ageless Insight (Showcase)","","294","R","Near Mint","1.74","2.47","2.6600","1.3500","0","0","1.4300",""
"4438835","Magic","Core Set 2021","Teferi's Tutelage","","78","U","Near Mint","0.30","","1.5800","0.2700","0","0","0.2800",""
"4447578","Magic","Core Set 2021","Temple of Epiphany","","252","R","Near Mint","0.25","0.20","1.4100","0.1000","0","0","0.1500",""
"4447798","Magic","Core Set 2021","Temple of Mystery","","254","R","Near Mint","0.14","","1.3800","0.0700","0","0","0.1500",""
"4447908","Magic","Core Set 2021","Temple of Silence","","255","R","Near Mint","0.23","","1.4500","0.1400","0","0","0.1600",""
"4447913","Magic","Core Set 2021","Temple of Silence","","255","R","Near Mint Foil","0.36","","1.5000","0.1900","0","0","0.2200",""
"4448018","Magic","Core Set 2021","Temple of Triumph","","256","R","Near Mint","0.26","","1.4100","0.1000","0","0","0.1500",""
"4474217","Magic","Core Set 2021","Thornwood Falls","","257","L","Near Mint","0.09","","1.3500","0.0400","3","0","0.1500",""
"4472995","Magic","Core Set 2021","Thrashing Brontodon","","209","U","Near Mint","0.08","0.04","1.3500","0.0400","1","0","0.1500",""
"4470135","Magic","Core Set 2021","Thrill of Possibility","","165","C","Near Mint","0.07","0.07","1.3600","0.0500","1","0","0.1500",""
"4436635","Magic","Core Set 2021","Tormod's Crypt","","241","U","Near Mint","0.30","0.30","1.5500","0.2400","0","0","0.2600",""
"4473997","Magic","Core Set 2021","Tranquil Cove","","258","L","Near Mint","0.06","","1.3500","0.0400","2","0","0.1500",""
"4449666","Magic","Core Set 2021","Transmogrify","","167","R","Near Mint","0.22","0.19","1.4100","0.1000","0","0","0.1500",""
"4439905","Magic","Core Set 2021","Vito, Thorn of the Dusk Rose","","127","R","Near Mint","6.93","7.43","7.5500","7.5500","0","0","7.5500",""
"4451646","Magic","Core Set 2021","Volcanic Salvo","","172","R","Near Mint","0.12","0.10","1.3300","0.0200","1","0","0.1500",""
"4454936","Magic","Core Set 2021","Wildwood Scourge","","214","U","Near Mint","0.09","0.08","1.3500","0.0400","2","0","0.1500",""
"4474107","Magic","Core Set 2021","Wind-Scarred Crag","","259","L","Near Mint","0.08","","1.3500","0.0400","3","0","0.1500",""
"764516","Magic","Dark Ascension","Curse of Misfortunes","","56","R","Near Mint","0.69","","1.8600","0.5500","0","0","0.5800",""
"764535","Magic","Dark Ascension","Executioner's Hood","","148","C","Near Mint","0.09","0.03","1.3400","0.0300","1","0","0.1500",""
"760611","Magic","Dark Ascension","Lingering Souls","","12","U","Near Mint","0.20","","1.4100","0.1000","0","0","0.1500",""
"764503","Magic","Dark Ascension","Niblis of the Breath","","44","U","Near Mint","0.08","","1.3500","0.0400","1","0","0.1500",""
"760256","Magic","Dark Ascension","Thalia, Guardian of Thraben","","24","R","Near Mint","0.61","","1.8300","0.5200","1","0","0.5400",""
"760654","Magic","Dark Ascension","Thought Scour","","52","C","Lightly Played","0.34","","1.6100","0.3000","0","0","0.3100",""
"23700","Magic","Darksteel","Darksteel Forge","","110","R","Near Mint","36.42","","39.1900","36.2000","0","0","36.2700",""
"23679","Magic","Darksteel","Death Cloud","","40","R","Near Mint","1.99","","2.9600","1.6500","1","0","1.7200",""
"23672","Magic","Darksteel","Heartseeker","","124","R","Near Mint","1.43","","2.3100","1.0000","0","0","1.0900",""
"23762","Magic","Darksteel","Infested Roothold","","76","U","Near Mint","0.23","","1.4400","0.1300","1","0","0.1500",""
"23671","Magic","Darksteel","Memnarch","","129","R","Near Mint","5.12","5.36","5.0900","5.0900","0","0","5.1100",""
"25429","Magic","Dissension","Azorius Signet","","159","C","Near Mint","0.47","0.32","1.5300","0.2200","0","0","0.3100",""
"374996","Magic","Dissension","Azorius Signet","","159","C","Lightly Played","0.27","0.25","1.5100","0.2000","0","0","0.2100",""
"25469","Magic","Dissension","Ghost Quarter","","173","U","Near Mint","2.89","3.44","3.0900","1.7000","1","0","1.9400",""
"375040","Magic","Dissension","Grand Arbiter Augustin IV","","112","R","Lightly Played","13.72","","15.6400","15.6400","0","0","15.6400",""
"375044","Magic","Dissension","Hallowed Fountain","","174","R","Lightly Played","14.29","","14.2300","14.2300","0","0","13.8700",""
"25493","Magic","Dissension","Magewright's Stone","","162","U","Near Mint","7.09","8.40","7.5300","6.5400","0","0","6.8100",""
"25533","Magic","Dissension","Rakdos Signet","","165","C","Near Mint","0.86","","2.0100","0.7000","1","0","0.7300",""
"3614179","Magic","Dominaria","Benalish Marshal","","6","R","Near Mint","0.38","","1.5700","0.2600","0","0","0.1500",""
"3614759","Magic","Dominaria","Blackblade Reforged","","211","R","Near Mint","2.41","2.35","3.3100","2.0000","0","0","2.0800",""
"3635609","Magic","Dominaria","Cabal Stronghold","","238","R","Near Mint","11.27","12.64","12.5900","11.4900","0","0","10.5400",""
"3613844","Magic","Dominaria","Chandra, Bold Pyromancer","","275","M","Near Mint Foil","3.64","","4.2200","2.9100","0","0","3.2800",""
"3614769","Magic","Dominaria","Damping Sphere","","213","U","Near Mint","0.36","0.49","1.5100","0.2000","0","0","0.2300",""
"3636158","Magic","Dominaria","Elfhame Druid","","159","U","Near Mint","0.07","","1.3400","0.0300","1","0","0.1500",""
"3614219","Magic","Dominaria","Evra, Halcyon Witness","","16","R","Near Mint","0.19","0.19","1.4100","0.1000","0","0","0.1500",""
"3614229","Magic","Dominaria","Fall of the Thran","","18","R","Near Mint","0.27","","1.5100","0.2000","0","0","0.2200",""
"3635075","Magic","Dominaria","Gilded Lotus","","215","R","Near Mint","1.44","2.37","1.9600","0.6500","0","0","0.7700",""
"3613949","Magic","Dominaria","Haphazard Bombardment","","131","R","Near Mint","0.08","","1.3200","0.0100","1","0","0.1500",""
"3614809","Magic","Dominaria","Helm of the Host","","217","R","Near Mint","9.91","9.81","8.7400","8.7400","0","0","9.3200",""
"3613469","Magic","Dominaria","Hinterland Harbor","","240","R","Near Mint","0.39","0.42","1.5600","0.2500","0","0","0.2800",""
"3613639","Magic","Dominaria","Jhoira, Weatherlight Captain","","197","M","Near Mint","2.18","","2.9000","1.5900","0","0","1.7100",""
"3614559","Magic","Dominaria","Kamahl's Druidic Vow","","166","R","Near Mint","0.41","0.42","1.6100","0.3000","0","0","0.3200",""
"3614859","Magic","Dominaria","Karn, Scion of Urza","","1","M","Near Mint","3.60","3.45","3.9600","2.6500","0","0","3.0600",""
"3614509","Magic","Dominaria","Karn's Temporal Sundering","","55","R","Near Mint","1.47","1.42","2.3100","1.0000","0","0","1.0900",""
"3613879","Magic","Dominaria","Kazarov, Sengir Pureblood","","96","R","Near Mint","0.23","0.14","1.3800","0.0700","0","0","0.1500",""
"3637225","Magic","Dominaria","Knight of New Benalia","","24","C","Near Mint","0.05","0.01","1.3200","0.0100","1","0","0.1500",""
"3614309","Magic","Dominaria","Kwende, Pride of Femeref","","25","U","Near Mint","0.08","","1.3200","0.0100","1","0","0.1500",""
"3614579","Magic","Dominaria","Llanowar Elves","","168","C","Near Mint","0.24","","1.5000","0.1900","0","0","0.2000",""
"3634812","Magic","Dominaria","Memorial to Glory","","244","U","Near Mint","0.11","","1.3200","0.0100","0","0","0.1500",""
"3614519","Magic","Dominaria","Merfolk Trickster","","56","U","Near Mint","0.24","","1.4600","0.1500","2","0","0.1700",""
"3624714","Magic","Dominaria","Opt","","60","C","Near Mint","0.10","","1.3900","0.0800","1","0","0.1500",""
"3614619","Magic","Dominaria","Precognition Field","","61","R","Near Mint","0.21","0.20","1.4000","0.0900","1","0","0.1500",""
"3613749","Magic","Dominaria","Slimefoot, the Stowaway","","205","U","Near Mint","0.14","","1.3900","0.0800","1","0","0.1500",""
"3613669","Magic","Dominaria","Sorcerer's Wand","","231","U","Near Mint","0.12","","1.3300","0.0200","1","0","0.1500",""
"3613489","Magic","Dominaria","Sulfur Falls","","247","R","Near Mint","0.41","0.41","1.5800","0.2400","0","0","0.3000",""
"3637175","Magic","Dominaria","The Mending of Dominaria","","173","R","Near Mint","0.24","","1.4700","0.1600","0","0","0.1800",""
"3614259","Magic","Dominaria","Torgaar, Famine Incarnate","","108","R","Near Mint","0.25","","1.4000","0.0900","0","0","0.1500",""
"3635453","Magic","Dominaria","Unwind","","72","C","Near Mint","1.03","","1.9100","0.6000","0","0","0.7100",""
"3614129","Magic","Dominaria","Verix Bladewing","","149","M","Near Mint","0.44","0.32","1.5200","0.2100","1","0","0.2600",""
"3613499","Magic","Dominaria","Woodland Cemetery","","248","R","Near Mint","0.67","0.97","1.8500","0.5400","0","0","0.5600",""
"3637665","Magic","Dominaria","Yargle, Glutton of Urborg","","113","U","Near Mint","0.10","","1.3600","0.0500","1","0","0.1500",""
"3624724","Magic","Dominaria","Zahid, Djinn of the Lamp","","76","R","Near Mint","0.10","","1.3200","0.0100","1","0","0.1500",""
"6803026","Magic","Dominaria Remastered","Absorb","","186","R","Near Mint","0.37","0.38","1.5900","0.2800","0","0","0.3000",""
"6803031","Magic","Dominaria Remastered","Absorb","","186","R","Near Mint Foil","0.45","0.41","1.6100","0.3000","0","0","0.3300",""
"6814056","Magic","Dominaria Remastered","Absorb (Borderless)","","443","R","Near Mint","0.40","0.38","1.5400","0.2300","0","0","0.2600",""
"6814061","Magic","Dominaria Remastered","Absorb (Borderless)","","443","R","Near Mint Foil","0.56","0.33","1.6400","0.3300","0","0","0.3700",""
"6810251","Magic","Dominaria Remastered","Absorb (Retro Frame)","","354","R","Near Mint","0.26","0.24","1.4600","0.1500","0","0","0.1700",""
"6655285","Magic","Dominaria Remastered","Arboria (Borderless)","","438","R","Near Mint","0.23","0.19","1.4000","0.0900","0","0","0.1500",""
"6803656","Magic","Dominaria Remastered","Arcades Sabboth","","187","R","Near Mint","0.19","","1.3900","0.0800","0","0","0.1500",""
"6654943","Magic","Dominaria Remastered","Birds of Paradise (Retro Frame)","","336","R","Near Mint","9.56","11.98","9.2800","8.2900","0","0","8.9300",""
"6807821","Magic","Dominaria Remastered","Body Snatcher","","75","R","Near Mint","0.19","","1.4100","0.1000","0","0","0.1500",""
"6803576","Magic","Dominaria Remastered","Call of the Herd","","153","U","Near Mint","0.10","0.06","1.3300","0.0200","1","0","0.1500",""
"6787865","Magic","Dominaria Remastered","Clifftop Retreat","","241","R","Near Mint","0.59","0.55","1.6300","0.3200","1","0","0.3700",""
"6797664","Magic","Dominaria Remastered","Clifftop Retreat (Retro Frame)","","393","R","Near Mint","1.07","0.92","1.5400","0.2300","0","0","0.4000",""
"6805461","Magic","Dominaria Remastered","Counterspell","","45","C","Near Mint Foil","1.90","2.19","2.7600","1.4500","0","0","1.5400",""
"6909447","Magic","Dominaria Remastered","Crawlspace (Retro Frame)","","375","R","Near Mint","4.54","4.98","5.0000","5.0000","0","0","5.0000",""
"6909452","Magic","Dominaria Remastered","Crawlspace (Retro Frame)","","375","R","Near Mint Foil","4.96","5.14","5.0000","5.0000","0","0","5.0100",""
"6791536","Magic","Dominaria Remastered","Crop Rotation","","154","U","Near Mint","5.05","4.97","5.0200","5.0200","0","0","5.0200",""
"6789045","Magic","Dominaria Remastered","Crosis's Catacombs","","242","U","Near Mint","0.23","0.22","1.4800","0.1700","0","0","0.1800",""
"6836291","Magic","Dominaria Remastered","Damping Sphere","","219","U","Near Mint","0.49","0.38","1.5800","0.2700","0","0","0.2600",""
"6788695","Magic","Dominaria Remastered","Darigaaz's Caldera","","243","U","Near Mint","0.24","0.20","1.4400","0.1300","0","0","0.1500",""
"6814196","Magic","Dominaria Remastered","Decimate (Borderless)","","444","R","Near Mint Foil","1.13","1.30","2.0600","0.7500","0","0","0.8300",""
"6844186","Magic","Dominaria Remastered","Drifting Meadow","","245","C","Near Mint","0.09","0.09","1.3600","0.0500","1","0","0.1500",""
"6788775","Magic","Dominaria Remastered","Dromar's Cavern","","246","U","Near Mint","0.20","","1.4200","0.1100","1","0","0.1500",""
"6800594","Magic","Dominaria Remastered","Elvish Spirit Guide","","157","U","Near Mint","1.26","1.38","2.0600","0.7500","0","0","0.8500",""
"6799354","Magic","Dominaria Remastered","Enlightened Tutor (Borderless)","","412","R","Near Mint","30.68","30.90","29.9900","29.9900","0","0","29.5300",""
"6795216","Magic","Dominaria Remastered","Exploration","","159","R","Near Mint","29.22","33.47","28.9900","28.9900","0","0","28.6100",""
"6795221","Magic","Dominaria Remastered","Exploration","","159","R","Near Mint Foil","30.41","35.99","29.4700","29.4700","0","0","29.7800",""
"6864926","Magic","Dominaria Remastered","Gamble (Borderless)","","433","R","Near Mint","10.45","11.95","11.1100","8.6200","0","0","9.6000",""
"6859816","Magic","Dominaria Remastered","Gemstone Mine (Borderless)","","455","R","Near Mint","1.16","1.54","1.7700","0.4600","0","0","0.6000",""
"6802781","Magic","Dominaria Remastered","Glory","","7","R","Near Mint","0.33","0.30","1.5500","0.2400","0","0","0.2600",""
"6799164","Magic","Dominaria Remastered","Grim Lavamancer (Retro Frame)","","324","R","Near Mint","0.58","0.50","1.5000","0.1900","1","0","0.2700",""
"6799169","Magic","Dominaria Remastered","Grim Lavamancer (Retro Frame)","","324","R","Near Mint Foil","0.49","0.41","1.6000","0.2900","0","0","0.3300",""
"6813266","Magic","Dominaria Remastered","Hermetic Study","","53","C","Near Mint","0.04","","1.3400","0.0300","1","0","0.1500",""
"6788055","Magic","Dominaria Remastered","Hinterland Harbor","","248","R","Near Mint","0.51","0.49","1.6900","0.3800","0","0","0.4100",""
"6788060","Magic","Dominaria Remastered","Hinterland Harbor","","248","R","Near Mint Foil","1.02","1.28","2.0100","0.7000","0","0","0.7600",""
"6793766","Magic","Dominaria Remastered","Hunting Grounds (Borderless)","","445","M","Near Mint","1.53","1.51","2.2600","0.9500","0","0","1.0700",""
"6797744","Magic","Dominaria Remastered","Isolated Chapel (Retro Frame)","","397","R","Near Mint","0.91","0.83","1.8800","0.5700","0","0","0.6400",""
"6797749","Magic","Dominaria Remastered","Isolated Chapel (Retro Frame)","","397","R","Near Mint Foil","2.05","2.01","2.6600","1.3500","0","0","1.4900",""
"6655345","Magic","Dominaria Remastered","Jester's Cap (Borderless)","","449","R","Near Mint","0.27","","1.4600","0.1500","0","0","0.1700",""
"6655115","Magic","Dominaria Remastered","Jester's Cap (Retro Frame)","","381","R","Near Mint","0.19","0.12","1.4500","0.1400","0","0","0.1500",""
"6792446","Magic","Dominaria Remastered","Last Chance (Retro Frame)","","325","M","Near Mint","1.81","1.86","2.3000","0.9900","0","0","1.1500",""
"6792016","Magic","Dominaria Remastered","Legacy Weapon (Retro Frame)","","383","M","Near Mint","0.30","0.29","1.4300","0.1200","0","0","0.1600",""
"6810716","Magic","Dominaria Remastered","Lieutenant Kirtar (Retro Frame)","","265","R","Near Mint","0.12","0.11","1.3800","0.0700","0","0","0.1500",""
"6800834","Magic","Dominaria Remastered","Lotus Blossom","","230","R","Near Mint","0.34","0.33","1.5500","0.2400","0","0","0.2600",""
"6801454","Magic","Dominaria Remastered","Lotus Blossom (Borderless)","","451","R","Near Mint","0.49","0.48","1.5500","0.2400","0","0","0.2900",""
"6801459","Magic","Dominaria Remastered","Lotus Blossom (Borderless)","","451","R","Near Mint Foil","1.23","","2.1600","0.8500","0","0","0.9300",""
"6801374","Magic","Dominaria Remastered","Lotus Blossom (Retro Frame)","","384","R","Near Mint","0.36","0.27","1.5100","0.2000","0","0","0.2300",""
"6790145","Magic","Dominaria Remastered","Lyra Dawnbringer (Borderless)","","413","M","Near Mint","7.80","7.80","6.8900","5.9000","0","0","6.8500",""
"6800679","Magic","Dominaria Remastered","Maze of Ith","","250","R","Near Mint Foil","7.66","7.75","7.5200","6.5300","0","0","7.1000",""
"6843416","Magic","Dominaria Remastered","Millikin","","231","U","Near Mint","0.16","0.15","1.4000","0.0900","1","0","0.1500",""
"6843421","Magic","Dominaria Remastered","Millikin","","231","U","Near Mint Foil","0.39","0.25","1.5000","0.1900","0","0","0.2300",""
"6845214","Magic","Dominaria Remastered","Mind Stone","","232","C","Near Mint","0.22","0.22","1.4800","0.1700","1","0","0.1800",""
"6804876","Magic","Dominaria Remastered","Mindslicer","","91","R","Near Mint Foil","0.60","0.54","1.8100","0.5000","0","0","0.5200",""
"6836231","Magic","Dominaria Remastered","Mindslicer (Retro Frame)","","305","R","Near Mint Foil","0.59","0.59","1.5400","0.2300","1","0","0.3000",""
"6847036","Magic","Dominaria Remastered","Mishra's Factory","","251","U","Near Mint","0.10","","1.3800","0.0700","1","0","0.1500",""
"6847041","Magic","Dominaria Remastered","Mishra's Factory","","251","U","Near Mint Foil","0.18","0.17","1.4100","0.1000","1","0","0.1500",""
"6858196","Magic","Dominaria Remastered","Mishra's Factory (Retro Frame)","","399","U","Near Mint","0.37","0.35","1.4300","0.1200","0","0","0.1700",""
"6814311","Magic","Dominaria Remastered","Mystic Remora","","59","R","Near Mint","10.06","10.00","9.7700","8.7700","0","0","9.4600",""
"6818701","Magic","Dominaria Remastered","Mystic Remora (Borderless)","","420","R","Near Mint","9.61","10.09","9.5300","9.5300","0","0","9.0200",""
"6790976","Magic","Dominaria Remastered","Nature's Lore","","170","U","Near Mint","2.21","2.21","3.1100","1.8000","0","0","1.8800",""
"6789290","Magic","Dominaria Remastered","Nut Collector (Retro Frame)","","347","M","Near Mint Foil","1.70","","2.7300","1.4200","0","0","1.4800",""
"6789370","Magic","Dominaria Remastered","Oversold Cemetery","","96","R","Near Mint Foil","1.07","","2.2000","0.8900","0","0","0.9300",""
"6798254","Magic","Dominaria Remastered","Oversold Cemetery (Borderless)","","428","R","Near Mint","1.56","1.52","","","0","0","0.9500",""
"6798174","Magic","Dominaria Remastered","Oversold Cemetery (Retro Frame)","","309","R","Near Mint","0.78","0.81","1.9700","0.6600","0","0","0.6800",""
"6804701","Magic","Dominaria Remastered","Phantom Nishoba","","193","R","Near Mint","0.20","0.20","1.4200","0.1100","0","0","0.1500",""
"6803111","Magic","Dominaria Remastered","Polluted Mire","","253","C","Near Mint","0.11","0.11","1.3800","0.0700","1","0","0.1500",""
"6850441","Magic","Dominaria Remastered","Remote Isle","","254","C","Near Mint","0.14","0.14","1.4100","0.1000","1","0","0.1500",""
"6807036","Magic","Dominaria Remastered","Renewed Faith","","23","C","Near Mint","0.07","0.02","1.3200","0.0100","1","0","0.1500",""
"6800439","Magic","Dominaria Remastered","Rith, the Awakener","","198","R","Near Mint Foil","0.21","0.18","1.4900","0.1800","0","0","0.1900",""
"6800914","Magic","Dominaria Remastered","Rith, the Awakener (Retro Frame)","","366","R","Near Mint","0.16","0.16","1.3900","0.0800","1","0","0.1500",""
"6788885","Magic","Dominaria Remastered","Rith's Grove","","255","U","Near Mint","0.26","0.24","1.4800","0.1700","0","0","0.1900",""
"6842206","Magic","Dominaria Remastered","Saproling Symbiosis (Retro Frame)","","348","R","Near Mint","0.41","0.46","1.6500","0.3400","0","0","0.3500",""
"6842211","Magic","Dominaria Remastered","Saproling Symbiosis (Retro Frame)","","348","R","Near Mint Foil","0.42","","1.5700","0.2600","0","0","0.2900",""
"6788375","Magic","Dominaria Remastered","Serra Avatar (Retro Frame)","","272","M","Near Mint","0.36","","1.5600","0.2500","0","0","0.2700",""
"6795541","Magic","Dominaria Remastered","Sevinne's Reclamation (Retro Frame)","","273","R","Near Mint Foil","9.03","13.04","8.0700","7.0800","0","0","8.0500",""
"6794496","Magic","Dominaria Remastered","Shivan Dragon","","135","R","Near Mint","0.17","0.08","1.3500","0.0400","1","0","0.1500",""
"6861106","Magic","Dominaria Remastered","Siege-Gang Commander (Retro Frame)","","330","R","Near Mint Foil","0.39","","1.5100","0.2000","0","0","0.2400",""
"6807391","Magic","Dominaria Remastered","Slippery Karst","","256","C","Near Mint","0.08","0.08","1.3600","0.0500","2","0","0.1500",""
"6807396","Magic","Dominaria Remastered","Slippery Karst","","256","C","Near Mint Foil","0.16","0.15","1.4000","0.0900","1","0","0.1500",""
"6851496","Magic","Dominaria Remastered","Smoldering Crater","","257","C","Near Mint","0.10","0.10","1.3900","0.0800","2","0","0.1500",""
"6654757","Magic","Dominaria Remastered","Sneak Attack (Retro Frame)","","331","M","Near Mint","6.14","7.92","6.1800","6.1800","0","0","6.1800",""
"6805206","Magic","Dominaria Remastered","Sol'kanar the Swamp King","","200","R","Near Mint Foil","0.23","","1.3900","0.0800","0","0","0.1500",""
"6805566","Magic","Dominaria Remastered","Spinal Embrace","","201","R","Near Mint","0.09","","1.3500","0.0400","1","0","0.1500",""
"6805571","Magic","Dominaria Remastered","Spinal Embrace","","201","R","Near Mint Foil","0.14","","1.3600","0.0500","1","0","0.1500",""
"6813346","Magic","Dominaria Remastered","Spinal Embrace (Retro Frame)","","369","R","Near Mint","0.18","0.05","1.3300","0.0200","1","0","0.1500",""
"6803901","Magic","Dominaria Remastered","Squirrel Nest","","177","U","Near Mint","0.12","0.11","1.4000","0.0900","0","0","0.1500",""
"6790896","Magic","Dominaria Remastered","Stroke of Genius","","67","R","Near Mint","0.29","0.26","1.5300","0.2200","0","0","0.2300",""
"6790901","Magic","Dominaria Remastered","Stroke of Genius","","67","R","Near Mint Foil","0.39","0.36","1.5600","0.2500","1","0","0.2800",""
"6798844","Magic","Dominaria Remastered","Stroke of Genius (Retro Frame)","","293","R","Near Mint","0.28","","1.4900","0.1800","1","0","0.2000",""
"6788300","Magic","Dominaria Remastered","Sulfur Falls","","258","R","Near Mint Foil","1.14","1.51","2.1400","0.8300","0","0","0.8900",""
"6797829","Magic","Dominaria Remastered","Sulfur Falls (Retro Frame)","","400","R","Near Mint Foil","1.98","2.73","2.3100","1.0000","0","0","1.2000",""
"6849006","Magic","Dominaria Remastered","Sulfuric Vortex","","144","R","Near Mint","1.04","1.03","2.0300","0.7200","0","0","0.7800",""
"6862021","Magic","Dominaria Remastered","Sulfuric Vortex (Retro Frame)","","332","R","Near Mint","0.73","0.81","1.9100","0.6000","0","0","0.6300",""
"6653877","Magic","Dominaria Remastered","Swords to Plowshares","","31","U","Near Mint","1.02","","","","0","0","0.9600",""
"6654517","Magic","Dominaria Remastered","Swords to Plowshares (Retro Frame)","","275","U","Near Mint","1.44","1.48","2.2500","0.9400","0","0","1.0400",""
"6852461","Magic","Dominaria Remastered","Terminal Moraine","","259","C","Near Mint Foil","0.16","","1.3900","0.0800","1","0","0.1500",""
"6806946","Magic","Dominaria Remastered","Terravore","","181","U","Near Mint","0.27","0.29","1.5100","0.2000","0","0","0.1900",""
"6797549","Magic","Dominaria Remastered","Test of Endurance (Retro Frame)","","276","M","Near Mint","2.51","2.73","3.2100","1.9000","0","0","2.4800",""
"6850721","Magic","Dominaria Remastered","Tormod's Crypt","","235","U","Near Mint","0.35","0.36","1.5600","0.2500","0","0","0.2700",""
"6866677","Magic","Dominaria Remastered","Tormod's Crypt (Retro Frame)","","388","U","Near Mint","0.61","","1.7600","0.4500","0","0","0.4800",""
"6866682","Magic","Dominaria Remastered","Tormod's Crypt (Retro Frame)","","388","U","Near Mint Foil","3.25","","4.4600","3.1500","0","0","3.2000",""
"6788965","Magic","Dominaria Remastered","Treva's Ruins","","260","U","Near Mint","0.21","0.20","1.4200","0.1100","0","0","0.1500",""
"6788970","Magic","Dominaria Remastered","Treva's Ruins","","260","U","Near Mint Foil","0.27","0.22","1.3500","0.0400","0","0","0.1500",""
"6871642","Magic","Dominaria Remastered","Triskelion (Borderless)","","452","R","Near Mint","0.30","0.30","1.4700","0.1600","0","0","0.1900",""
"6852076","Magic","Dominaria Remastered","Umbilicus","","237","R","Near Mint","0.21","0.20","1.4300","0.1200","1","0","0.1500",""
"6788030","Magic","Dominaria Remastered","Urza, Lord High Artificer (Borderless)","","423","M","Near Mint Foil","16.40","16.38","16.3800","16.3800","0","0","16.3900",""
"6787945","Magic","Dominaria Remastered","Urza, Lord High Artificer (Retro Frame)","","296","M","Near Mint","11.89","12.47","12.0000","10.7300","0","0","11.4500",""
"6786443","Magic","Dominaria Remastered","Urza's Incubator","","239","M","Near Mint Foil","19.27","25.94","15.2400","15.2400","1","0","17.2600",""
"6816556","Magic","Dominaria Remastered","Vexing Sphinx","","73","R","Near Mint","0.11","","1.3600","0.0500","0","0","0.1500",""
"6855336","Magic","Dominaria Remastered","Wall of Junk","","240","U","Near Mint","0.22","0.22","1.5100","0.2000","1","0","0.2000",""
"6809336","Magic","Dominaria Remastered","Windborn Muse","","36","R","Near Mint Foil","0.39","","1.6200","0.2700","0","0","0.2900",""
"6813156","Magic","Dominaria Remastered","Windborn Muse (Borderless)","","415","R","Near Mint","0.88","0.96","1.9100","0.6000","0","0","0.6600",""
"6788455","Magic","Dominaria Remastered","Woodland Cemetery","","261","R","Near Mint","0.83","0.74","1.8600","0.5500","0","0","0.6100",""
"6801079","Magic","Dominaria Remastered","Worldly Tutor (Borderless)","","442","R","Near Mint Foil","27.49","32.98","26.8900","24.9000","0","0","25.6700",""
"6809546","Magic","Dominaria Remastered","Wrath of God","","37","R","Near Mint","2.31","","3.0800","1.7700","0","0","1.8800",""
"6809551","Magic","Dominaria Remastered","Wrath of God","","37","R","Near Mint Foil","2.69","2.89","3.3000","1.9900","0","0","2.1300",""
"6813686","Magic","Dominaria Remastered","Wrath of God (Borderless)","","416","R","Near Mint","2.65","3.35","2.5600","1.2500","0","0","1.5300",""
"6812371","Magic","Dominaria Remastered","Wrath of God (Retro Frame)","","279","R","Near Mint","2.46","2.46","3.0800","1.7700","0","0","1.9100",""
"5776835","Magic","Dominaria United","Academy Loremaster","","40","R","Near Mint","0.14","0.10","1.3500","0.0400","1","0","0.1500",""
"5776840","Magic","Dominaria United","Academy Loremaster","","40","R","Near Mint Foil","0.20","","1.3600","0.0500","2","0","0.1500",""
"5742721","Magic","Dominaria United","Adarkar Wastes","","243","R","Near Mint","0.52","0.49","1.6200","0.3100","0","0","0.3500",""
"5742801","Magic","Dominaria United","Adarkar Wastes (Borderless)","","377","R","Near Mint","1.37","1.38","2.4900","1.1800","0","0","1.2200",""
"5774385","Magic","Dominaria United","Aether Channeler","","42","R","Near Mint","0.22","0.16","1.4700","0.1600","0","0","0.1700",""
"5742561","Magic","Dominaria United","Ajani, Sleeper Agent (375)","","375","M","Near Mint","2.08","2.16","2.3100","1.0000","0","0","1.2200",""
"5768670","Magic","Dominaria United","Anointed Peacekeeper","","2","R","Near Mint","0.26","0.15","1.4100","0.1000","1","0","0.1500",""
"5743661","Magic","Dominaria United","Archangel of Wrath","","3","R","Near Mint","0.18","0.18","1.4100","0.1000","0","0","0.1500",""
"5745791","Magic","Dominaria United","Astor, Bearer of Blades","","194","R","Near Mint","0.46","0.46","1.5600","0.2500","0","0","0.2900",""
"5761362","Magic","Dominaria United","Blight Pile","","82","U","Near Mint","0.05","0.01","1.3200","0.0100","0","0","0.1500",""
"5743131","Magic","Dominaria United","Braids, Arisen Nightmare","","84","R","Near Mint","3.15","3.50","3.4100","2.1000","0","0","2.6300",""
"5743216","Magic","Dominaria United","Braids, Arisen Nightmare (Showcase)","","288","R","Near Mint Foil","4.46","5.26","5.0000","3.0100","0","0","4.0800",""
"5775063","Magic","Dominaria United","Braids's Frightful Return","","85","U","Near Mint","0.06","0.04","1.3200","0.0100","1","0","0.1500",""
"5748881","Magic","Dominaria United","Briar Hydra (286)","","286","R","Near Mint","0.16","0.07","1.4100","0.1000","1","0","0.1500",""
"5745071","Magic","Dominaria United","Caves of Koilos","","244","R","Near Mint","0.71","0.98","1.8000","0.4900","0","0","0.5300",""
"5745156","Magic","Dominaria United","Caves of Koilos (Borderless)","","378","R","Near Mint Foil","4.18","4.86","4.2900","2.9800","0","0","3.5800",""
"5748721","Magic","Dominaria United","Chaotic Transformation","","117","R","Near Mint","0.12","0.10","1.3800","0.0700","4","0","0.1500",""
"5748726","Magic","Dominaria United","Chaotic Transformation","","117","R","Near Mint Foil","0.20","0.09","1.4000","0.0900","1","0","0.1500",""
"5778275","Magic","Dominaria United","Contaminated Aquifer","","245","L","Near Mint","0.19","0.09","1.4100","0.1000","0","0","0.1500",""
"5778280","Magic","Dominaria United","Contaminated Aquifer","","245","L","Near Mint Foil","0.34","0.34","1.5100","0.2000","1","0","0.2300",""
"5760703","Magic","Dominaria United","Cult Conscript","","88","U","Near Mint","0.13","0.10","1.3900","0.0800","2","0","0.1500",""
"5749301","Magic","Dominaria United","Cut Down","","89","U","Near Mint","0.37","0.32","1.5000","0.1500","0","0","0.2300",""
"5767200","Magic","Dominaria United","Danitha, Benalia's Hope","","15","R","Near Mint","0.48","0.47","1.7300","0.4200","0","0","0.4300",""
"5768301","Magic","Dominaria United","Danitha, Benalia's Hope (Showcase)","","287","R","Near Mint","0.25","0.20","1.4100","0.1000","0","0","0.1500",""
"5744111","Magic","Dominaria United","Defiler of Dreams","","46","R","Near Mint","0.29","0.32","1.5500","0.2400","0","0","0.2500",""
"5760413","Magic","Dominaria United","Defiler of Faith","","16","R","Near Mint","0.27","0.25","1.5300","0.2200","0","0","0.2300",""
"5760418","Magic","Dominaria United","Defiler of Faith","","16","R","Near Mint Foil","0.40","0.44","1.4600","0.1500","0","0","0.2000",""
"5766452","Magic","Dominaria United","Defiler of Flesh","","90","R","Near Mint","0.32","0.30","1.5500","0.2400","0","0","0.2600",""
"5776263","Magic","Dominaria United","Defiler of Instinct","","119","R","Near Mint","0.27","0.25","1.5200","0.2100","0","0","0.2200",""
"5746561","Magic","Dominaria United","Defiler of Vigor","","160","R","Near Mint","1.51","2.13","2.2100","0.9000","0","0","1.0200",""
"5764982","Magic","Dominaria United","Defiler of Vigor (Extended Art)","","412","R","Near Mint Foil","2.16","2.32","3.4700","2.1600","0","0","2.1600",""
"5782630","Magic","Dominaria United","Destroy Evil","","17","C","Near Mint","0.22","0.12","1.3700","0.0600","0","0","0.1500",""
"5769155","Magic","Dominaria United","Drag to the Bottom","","91","R","Near Mint","0.07","0.07","1.3300","0.0200","2","0","0.1500",""
"5768051","Magic","Dominaria United","Elas il-Kor, Sadistic Pilgrim","","198","U","Near Mint","1.71","2.16","2.3100","1.0000","0","0","1.1500",""
"5776583","Magic","Dominaria United","Ertai Resurrected","","199","R","Near Mint","0.59","0.58","1.8100","0.5000","0","0","0.5200",""
"5778115","Magic","Dominaria United","Geothermal Bog","","247","L","Near Mint","0.14","0.13","1.4100","0.1000","5","0","0.1500",""
"5748481","Magic","Dominaria United","Golden Argosy","","230","R","Near Mint","0.51","0.49","1.7100","0.4000","0","0","0.4200",""
"5743371","Magic","Dominaria United","Guardian of New Benalia","","19","R","Near Mint","0.16","0.15","1.3900","0.0800","0","0","0.1500",""
"5769070","Magic","Dominaria United","Haughty Djinn","","52","R","Near Mint","0.31","0.32","1.5500","0.2400","0","0","0.2500",""
"5778915","Magic","Dominaria United","Haunted Mire","","248","L","Near Mint","0.13","0.11","1.4100","0.1000","0","0","0.1500",""
"5778920","Magic","Dominaria United","Haunted Mire","","248","L","Near Mint Foil","0.30","0.22","1.5000","0.1900","0","0","0.2100",""
"5746361","Magic","Dominaria United","Herd Migration","","165","R","Near Mint","0.09","0.05","1.3200","0.0100","0","0","0.1500",""
"5746366","Magic","Dominaria United","Herd Migration","","165","R","Near Mint Foil","0.17","0.14","1.3600","0.0500","1","0","0.1500",""
"5760783","Magic","Dominaria United","Hero's Heirloom","","231","U","Near Mint","0.12","0.12","1.3400","0.0300","0","0","0.1500",""
"5778435","Magic","Dominaria United","Idyllic Beachfront","","249","L","Near Mint","0.12","0.14","1.3800","0.0700","2","0","0.1500",""
"5778440","Magic","Dominaria United","Idyllic Beachfront","","249","L","Near Mint Foil","0.22","","1.3700","0.0600","0","0","0.1500",""
"5766929","Magic","Dominaria United","Ivy, Gleeful Spellthief","","201","R","Near Mint","0.36","0.39","1.5100","0.2000","0","0","0.2300",""
"5775328","Magic","Dominaria United","Ivy, Gleeful Spellthief (Showcase)","","300","R","Near Mint","0.18","0.18","1.4000","0.0900","0","0","0.1500",""
"5775334","Magic","Dominaria United","Ivy, Gleeful Spellthief (Showcase)","","300","R","Lightly Played Foil","0.33","","1.5300","0.2200","1","0","0.2400",""
"5727104","Magic","Dominaria United","Jaya, Fiery Negotiator","","133","M","Near Mint","0.38","0.42","1.5900","0.2800","0","0","0.3000",""
"5727189","Magic","Dominaria United","Jaya, Fiery Negotiator (Borderless)","","374","M","Near Mint Foil","0.79","0.78","1.8100","0.5000","0","0","0.5600",""
"5744351","Magic","Dominaria United","Jhoira, Ageless Innovator","","202","R","Near Mint","0.19","0.18","1.3900","0.0800","0","0","0.1500",""
"5744911","Magic","Dominaria United","Jhoira, Ageless Innovator (Showcase)","","301","R","Near Mint","0.20","0.14","1.3600","0.0500","0","0","0.1500",""
"5776915","Magic","Dominaria United","Jodah, the Unifier","","203","M","Near Mint","2.56","3.00","3.3000","1.9900","0","0","2.1000",""
"5776920","Magic","Dominaria United","Jodah, the Unifier","","203","M","Near Mint Foil","2.63","3.02","3.5100","2.2000","0","0","2.2900",""
"5770915","Magic","Dominaria United","Jodah, the Unifier (Showcase)","","302","M","Near Mint","1.58","1.86","2.4900","1.0000","0","0","1.1100",""
"5772115","Magic","Dominaria United","Jodah, the Unifier (Textured Foil)","","343","M","Near Mint Foil","5.21","5.40","5.3800","5.3800","0","0","5.3800",""
"5759933","Magic","Dominaria United","Karn, Living Legacy","","1","M","Near Mint","1.08","1.08","2.0800","0.7700","0","0","0.8300",""
"5759938","Magic","Dominaria United","Karn, Living Legacy","","1","M","Near Mint Foil","1.16","1.49","2.4400","0.9500","0","0","0.9900",""
"5760018","Magic","Dominaria United","Karn, Living Legacy (Borderless)","","372","M","Near Mint Foil","1.27","1.32","2.3100","1.0000","0","0","1.0500",""
"5745391","Magic","Dominaria United","Karplusan Forest","","250","R","Near Mint","0.59","0.58","1.7600","0.4500","0","0","0.4800",""
"5745471","Magic","Dominaria United","Karplusan Forest (Borderless)","","379","R","Near Mint","1.40","1.40","2.3000","0.9900","0","0","1.0700",""
"5758773","Magic","Dominaria United","Keldon Flamesage","","135","R","Near Mint","0.12","0.05","1.3200","0.0100","3","0","0.1500",""
"5767416","Magic","Dominaria United","King Darien XLVIII","","204","R","Near Mint","0.35","0.35","1.5900","0.2800","0","0","0.2900",""
"5770995","Magic","Dominaria United","King Darien XLVIII (Showcase)","","303","R","Near Mint","0.19","0.18","1.4000","0.0900","1","0","0.1500",""
"5779315","Magic","Dominaria United","Knight of Dusk's Shadow","","96","U","Near Mint","0.20","0.04","1.4000","0.0900","0","0","0.1500",""
"5772455","Magic","Dominaria United","Leaf-Crowned Visionary","","167","R","Near Mint","1.93","1.89","2.7400","1.4300","0","0","1.5200",""
"5768750","Magic","Dominaria United","Leyline Binding","","24","R","Near Mint","0.45","0.37","1.5500","0.2400","0","0","0.2800",""
"5768755","Magic","Dominaria United","Leyline Binding","","24","R","Near Mint Foil","0.74","0.49","1.8100","0.5000","0","0","0.5500",""
"5741335","Magic","Dominaria United","Liliana of the Veil","","97","M","Near Mint Foil","5.76","6.79","6.1100","4.7200","0","0","6.0800",""
"5763217","Magic","Dominaria United","Llanowar Greenwidow","","169","R","Near Mint","0.20","0.18","1.4100","0.1000","0","0","0.1500",""
"5726664","Magic","Dominaria United","Llanowar Loamspeaker","","170","R","Near Mint","0.19","0.12","1.4100","0.1000","0","0","0.1500",""
"5774983","Magic","Dominaria United","Love Song of Night and Day","","25","U","Near Mint","0.11","0.07","1.3600","0.0500","1","0","0.1500",""
"5774988","Magic","Dominaria United","Love Song of Night and Day","","25","U","Near Mint Foil","0.18","0.14","1.4000","0.0900","1","0","0.1500",""
"5773635","Magic","Dominaria United","Meria, Scholar of Antiquity","","206","R","Near Mint","0.30","0.24","1.4500","0.1400","0","0","0.1700",""
"5773715","Magic","Dominaria United","Meria, Scholar of Antiquity (Showcase)","","305","R","Near Mint","0.12","0.11","1.3300","0.0200","3","0","0.1500",""
"5778595","Magic","Dominaria United","Molten Tributary","","251","L","Near Mint","0.41","0.30","1.6100","0.3000","0","0","0.3200",""
"5749861","Magic","Dominaria United","Nemata, Primeval Warden","","209","R","Near Mint","0.59","0.63","1.7500","0.4400","0","0","0.4700",""
"5750226","Magic","Dominaria United","Nemata, Primeval Warden (Showcase)","","308","R","Near Mint","0.18","0.19","1.4100","0.1000","0","0","0.1500",""
"5743581","Magic","Dominaria United","Nishoba Brawler","","174","U","Near Mint","0.07","0.04","1.3400","0.0300","11","0","0.1500",""
"5743586","Magic","Dominaria United","Nishoba Brawler","","174","U","Near Mint Foil","0.15","0.14","1.3300","0.0200","2","0","0.1500",""
"5760333","Magic","Dominaria United","Phoenix Chick","","140","U","Near Mint","0.14","0.15","1.4100","0.1000","0","0","0.1500",""
"5774903","Magic","Dominaria United","Phyrexian Missionary","","27","U","Near Mint","0.08","0.04","1.3500","0.0400","2","0","0.1500",""
"5761202","Magic","Dominaria United","Pilfer","","102","U","Near Mint","0.04","0.03","1.3200","0.0100","1","0","0.1500",""
"5759643","Magic","Dominaria United","Plaza of Heroes","","252","R","Near Mint","6.82","7.46","6.2500","5.0000","0","0","6.1500",""
"5759644","Magic","Dominaria United","Plaza of Heroes","","252","R","Lightly Played","6.76","7.29","6.6700","6.6700","0","0","6.7100",""
"5759648","Magic","Dominaria United","Plaza of Heroes","","252","R","Near Mint Foil","6.75","9.11","6.7500","6.7500","0","0","6.9100",""
"5776048","Magic","Dominaria United","Prayer of Binding","","28","U","Near Mint","0.05","0.01","1.3200","0.0100","7","0","0.1500",""
"5769650","Magic","Dominaria United","Quirion Beastcaller","","175","R","Near Mint","0.18","0.15","1.4000","0.0900","0","0","0.1500",""
"5745631","Magic","Dominaria United","Radha's Firebrand","","141","R","Near Mint","0.09","0.04","1.3400","0.0300","2","0","0.1500",""
"5745636","Magic","Dominaria United","Radha's Firebrand","","141","R","Near Mint Foil","0.13","0.09","1.3600","0.0500","1","0","0.1500",""
"5778755","Magic","Dominaria United","Radiant Grove","","253","L","Near Mint","0.14","0.10","1.4000","0.0900","3","0","0.1500",""
"5749176","Magic","Dominaria United","Ragefire Hellkite","","285","R","Near Mint","0.10","0.05","1.3200","0.0100","0","0","0.1500",""
"5762457","Magic","Dominaria United","Ratadrabik of Urborg","","213","R","Near Mint","0.99","1.18","2.0500","0.7400","0","0","0.7900",""
"5762462","Magic","Dominaria United","Ratadrabik of Urborg","","213","R","Near Mint Foil","1.03","1.23","2.2000","0.8900","0","0","0.9400",""
"5762537","Magic","Dominaria United","Ratadrabik of Urborg (Showcase)","","312","R","Near Mint","0.51","0.58","1.7300","0.4200","0","0","0.4200",""
"5772325","Magic","Dominaria United","Ratadrabik of Urborg (Textured Foil)","","353","R","Near Mint Foil","2.63","2.36","3.3700","2.0600","0","0","2.1700",""
"5774661","Magic","Dominaria United","Relic of Legends","","236","U","Near Mint","2.15","2.15","2.4800","1.1700","0","0","1.3700",""
"5772140","Magic","Dominaria United","Rith, Liberated Primeval","","214","M","Near Mint","2.21","3.21","2.7000","1.1900","0","0","1.3900",""
"5773110","Magic","Dominaria United","Rith, Liberated Primeval (Showcase)","","313","M","Near Mint","0.74","0.69","1.9400","0.6300","0","0","0.6500",""
"5769890","Magic","Dominaria United","Rivaz of the Claw","","215","R","Near Mint","0.94","1.09","1.8100","0.5000","0","0","0.7200",""
"5769895","Magic","Dominaria United","Rivaz of the Claw","","215","R","Near Mint Foil","1.54","1.27","2.2700","0.9600","0","0","1.0800",""
"5771235","Magic","Dominaria United","Rivaz of the Claw (Showcase)","","314","R","Near Mint","0.35","","1.5600","0.2500","0","0","0.2700",""
"5763972","Magic","Dominaria United","Rundvelt Hordemaster","","142","R","Near Mint","1.27","1.44","2.2400","0.7500","0","0","0.8500",""
"5763977","Magic","Dominaria United","Rundvelt Hordemaster","","142","R","Near Mint Foil","1.77","1.83","2.4000","1.0900","0","0","1.2300",""
"5777795","Magic","Dominaria United","Sacred Peaks","","254","L","Near Mint","0.17","0.16","1.4100","0.1000","0","0","0.1500",""
"5768539","Magic","Dominaria United","Serra Paragon","","32","M","Lightly Played","2.73","3.36","3.8100","2.5000","0","0","2.5500",""
"5748161","Magic","Dominaria United","Serra Redeemer","","282","R","Near Mint","0.19","0.16","1.4300","0.1200","0","0","0.1500",""
"5776183","Magic","Dominaria United","Shadow-Rite Priest","","106","R","Near Mint","0.19","0.14","1.3600","0.0500","0","0","0.1500",""
"5776188","Magic","Dominaria United","Shadow-Rite Priest","","106","R","Near Mint Foil","0.27","","1.4600","0.1500","1","0","0.1700",""
"5758693","Magic","Dominaria United","Shanna, Purifying Blade","","218","M","Near Mint","0.30","0.32","1.4100","0.1000","0","0","0.1500",""
"5727024","Magic","Dominaria United","Shivan Devastator","","143","M","Near Mint","2.34","3.99","3.0100","1.7000","0","0","1.8400",""
"5745231","Magic","Dominaria United","Shivan Reef","","255","R","Near Mint","0.42","0.46","1.6300","0.3200","0","0","0.3400",""
"5745311","Magic","Dominaria United","Shivan Reef (Borderless)","","380","R","Near Mint","1.98","2.98","2.0800","0.7700","0","0","1.0000",""
"5767110","Magic","Dominaria United","Silver Scrutiny","","65","R","Near Mint","0.17","0.17","1.4100","0.1000","3","0","0.1500",""
"5777875","Magic","Dominaria United","Silverback Elder","","177","M","Near Mint","4.86","5.46","5.0100","3.7000","0","0","4.2800",""
"5744511","Magic","Dominaria United","Sol'Kanar the Tainted","","219","M","Near Mint","0.24","0.24","1.3800","0.0700","0","0","0.1500",""
"5744831","Magic","Dominaria United","Sol'Kanar the Tainted (Showcase)","","318","M","Near Mint","0.17","0.18","1.3200","0.0100","0","0","0.1500",""
"5744591","Magic","Dominaria United","Soul of Windgrace","","220","M","Near Mint","0.30","0.30","1.4100","0.1000","0","0","0.1500",""
"5764492","Magic","Dominaria United","Soul of Windgrace (Showcase)","","319","M","Near Mint","0.36","0.29","1.5600","0.2500","0","0","0.2700",""
"5758133","Magic","Dominaria United","Sphinx of Clear Skies","","67","M","Near Mint","0.20","0.19","1.4100","0.1000","1","0","0.1500",""
"5741626","Magic","Dominaria United","Squee, Dubious Monarch","","146","R","Near Mint","0.25","0.22","1.5000","0.1900","0","0","0.2000",""
"5741761","Magic","Dominaria United","Squee, Dubious Monarch (Showcase)","","291","R","Near Mint","0.24","0.25","1.4900","0.1800","0","0","0.1900",""
"5741766","Magic","Dominaria United","Squee, Dubious Monarch (Showcase)","","291","R","Near Mint Foil","0.31","0.30","1.4800","0.1700","0","0","0.2000",""
"5770090","Magic","Dominaria United","Stenn, Paranoid Partisan","","221","R","Near Mint","0.22","0.24","1.4900","0.1800","0","0","0.1900",""
"5762037","Magic","Dominaria United","Stronghold Arena","","110","R","Near Mint","0.09","0.08","1.3600","0.0500","5","0","0.1500",""
"5742881","Magic","Dominaria United","Sulfurous Springs","","256","R","Near Mint","0.70","0.52","1.8300","0.5200","0","0","0.5600",""
"5742961","Magic","Dominaria United","Sulfurous Springs (Borderless)","","381","R","Near Mint","2.05","2.24","2.7500","1.4400","0","0","1.5600",""
"5742966","Magic","Dominaria United","Sulfurous Springs (Borderless)","","381","R","Near Mint Foil","3.89","3.89","4.9600","3.6500","0","0","3.7700",""
"5777555","Magic","Dominaria United","Sunlit Marsh","","257","L","Near Mint","0.20","0.17","1.4100","0.1000","0","0","0.1500",""
"5777560","Magic","Dominaria United","Sunlit Marsh","","257","L","Near Mint Foil","0.41","0.20","1.5000","0.1900","1","0","0.2300",""
"5769730","Magic","Dominaria United","Tail Swipe","","182","U","Near Mint","0.21","0.20","1.4400","0.1300","0","0","0.1500",""
"5769735","Magic","Dominaria United","Tail Swipe","","182","U","Near Mint Foil","0.36","0.30","1.5500","0.2400","1","0","0.2600",""
"5779155","Magic","Dominaria United","Tangled Islet","","258","L","Near Mint","0.16","0.12","1.4100","0.1000","0","0","0.1500",""
"5769810","Magic","Dominaria United","Tear Asunder","","183","U","Near Mint","0.24","0.24","1.4200","0.1100","0","0","0.1500",""
"5726464","Magic","Dominaria United","Temporal Firestorm","","147","R","Near Mint","0.09","0.07","1.3200","0.0100","5","0","0.1500",""
"5726469","Magic","Dominaria United","Temporal Firestorm","","147","R","Near Mint Foil","0.15","","1.3600","0.0500","1","0","0.1500",""
"5776663","Magic","Dominaria United","The Cruelty of Gix","","87","R","Near Mint","1.09","1.17","2.0600","0.7500","0","0","0.8200",""
"5776668","Magic","Dominaria United","The Cruelty of Gix","","87","R","Near Mint Foil","1.24","1.26","2.2900","0.9800","0","0","1.0300",""
"5773795","Magic","Dominaria United","The Elder Dragon War","","121","R","Near Mint","0.27","0.29","1.4500","0.1400","0","0","0.1700",""
"5743501","Magic","Dominaria United","The Phasing of Zhalfir","","59","R","Near Mint","0.19","0.20","1.4100","0.1000","0","0","0.1500",""
"5742051","Magic","Dominaria United","The Raven Man","","103","R","Near Mint","0.34","0.31","1.6000","0.2900","0","0","0.3000",""
"5742131","Magic","Dominaria United","The Raven Man (Showcase)","","289","R","Near Mint","0.27","0.24","1.4700","0.1600","0","0","0.1800",""
"5771075","Magic","Dominaria United","The Weatherseed Treaty","","188","U","Near Mint","0.18","0.20","1.4100","0.1000","0","0","0.1500",""
"5771080","Magic","Dominaria United","The Weatherseed Treaty","","188","U","Near Mint Foil","0.39","0.21","1.5300","0.2200","2","0","0.2500",""
"5743051","Magic","Dominaria United","The World Spell","","189","M","Near Mint","0.46","0.46","1.5500","0.2400","1","0","0.2800",""
"5743056","Magic","Dominaria United","The World Spell","","189","M","Near Mint Foil","0.67","0.53","1.7600","0.4500","1","0","0.4900",""
"5772585","Magic","Dominaria United","Thran Portal","","259","R","Near Mint","0.43","0.46","1.6100","0.3000","0","0","0.3300",""
"5772590","Magic","Dominaria United","Thran Portal","","259","R","Near Mint Foil","0.90","0.57","1.8000","0.4900","0","0","0.5700",""
"5756579","Magic","Dominaria United","Threats Undetected","","185","R","Near Mint","0.23","0.23","1.4400","0.1300","0","0","0.1500",""
"5761762","Magic","Dominaria United","Twinferno","","149","U","Near Mint","0.16","0.17","1.4100","0.1000","1","0","0.1500",""
"5748561","Magic","Dominaria United","Tyrannical Pitlord","","284","R","Near Mint","0.12","0.05","1.3300","0.0200","0","0","0.1500",""
"5762217","Magic","Dominaria United","Urborg Lhurgoyf","","186","R","Near Mint","0.16","0.16","1.4100","0.1000","2","0","0.1500",""
"5776423","Magic","Dominaria United","Urza Assembles the Titans","","37","R","Near Mint","0.21","0.19","1.4500","0.1400","4","0","0.1500",""
"5772035","Magic","Dominaria United","Valiant Veteran","","38","R","Near Mint","0.24","0.24","1.4400","0.1300","0","0","0.1500",""
"5771635","Magic","Dominaria United","Vesuvan Duplimancy","","73","M","Near Mint","3.10","3.63","3.7500","2.3600","0","0","2.7300",""
"5771636","Magic","Dominaria United","Vesuvan Duplimancy","","73","M","Lightly Played","2.81","4.06","3.5400","2.2300","0","0","2.3500",""
"5772980","Magic","Dominaria United","Vodalian Hexcatcher","","75","R","Near Mint","2.38","2.50","2.6100","1.3000","0","0","1.5200",""
"5764292","Magic","Dominaria United","Vodalian Mindsinger","","76","R","Near Mint","0.10","0.06","1.3200","0.0100","5","0","0.1500",""
"5764297","Magic","Dominaria United","Vodalian Mindsinger","","76","R","Near Mint Foil","0.14","","1.3700","0.0600","1","0","0.1500",""
"5761122","Magic","Dominaria United","Walking Bulwark","","241","U","Near Mint","0.12","0.06","1.3600","0.0500","0","0","0.1500",""
"5762377","Magic","Dominaria United","Weatherlight Compleated","","242","M","Near Mint","0.58","0.46","1.7900","0.4800","0","0","0.5000",""
"5764092","Magic","Dominaria United","Wingmantle Chaplain","","39","U","Near Mint","0.10","0.05","1.3700","0.0600","3","0","0.1500",""
"5778995","Magic","Dominaria United","Wooded Ridgeline","","260","L","Near Mint","0.13","0.09","1.3900","0.0800","0","0","0.1500",""
"5744191","Magic","Dominaria United","Yavimaya Coast","","261","R","Near Mint","0.35","0.35","1.4600","0.1500","0","0","0.1900",""
"5744271","Magic","Dominaria United","Yavimaya Coast (Borderless)","","382","R","Near Mint","1.16","1.06","2.2000","0.8900","0","0","0.9400",""
"5744276","Magic","Dominaria United","Yavimaya Coast (Borderless)","","382","R","Near Mint Foil","2.95","2.99","4.2600","2.9500","0","0","2.9500",""
"5744991","Magic","Dominaria United","Zur, Eternal Schemer (Showcase)","","327","M","Near Mint","1.77","1.79","2.1600","0.8500","0","0","1.0600",""
"4505150","Magic","Double Masters","Academy Ruins","","309","R","Near Mint","10.58","10.49","7.2500","6.0000","2","0","8.9200",""
"4520160","Magic","Double Masters","Argivian Restoration","","42","C","Near Mint","0.08","","1.3600","0.0500","1","0","0.1500",""
"4515530","Magic","Double Masters","Ash Barrens","","310","U","Near Mint","0.17","0.12","1.4100","0.1000","1","0","0.1500",""
"4501933","Magic","Double Masters","Austere Command","","7","R","Near Mint","4.07","2.49","1.8100","0.5000","1","0","2.2900",""
"4511314","Magic","Double Masters","Avacyn, Angel of Hope","","8","M","Near Mint","26.33","32.00","25.2900","24.0900","0","0","24.7600",""
"4510429","Magic","Double Masters","Basalt Monolith","","232","U","Near Mint","4.16","4.49","4.0500","2.5500","0","0","3.4500",""
"4507003","Magic","Double Masters","Basilisk Collar","","233","R","Near Mint","4.60","8.02","4.4500","2.9500","1","0","3.8100",""
"4517610","Magic","Double Masters","Buried Ruin","","312","U","Near Mint","0.99","","1.7100","0.4000","0","0","0.5200",""
"4499819","Magic","Double Masters","Conjurer's Closet","","243","R","Near Mint","4.12","5.99","4.6000","3.2900","0","0","3.7100",""
"4503970","Magic","Double Masters","Council's Judgment (Borderless)","","336","R","Near Mint Foil","2.08","2.50","3.1100","1.8000","0","0","1.8600",""
"4502372","Magic","Double Masters","Cyclonic Rift","","47","R","Near Mint","29.66","35.56","25.8700","25.8700","2","0","26.1200",""
"4508977","Magic","Double Masters","Endless Atlas","","251","R","Near Mint","2.12","2.89","2.7500","1.4400","0","0","1.5800",""
"4508572","Magic","Double Masters","Ethersworn Canonist","","14","R","Near Mint","5.70","5.72","5.1100","3.8000","0","0","4.7500",""
"4523905","Magic","Double Masters","Everflowing Chalice","","254","C","Near Mint","0.31","0.25","1.5500","0.2400","1","0","0.2500",""
"4499719","Magic","Double Masters","Expedition Map","","255","C","Near Mint","1.49","1.54","2.1500","0.8400","0","0","0.9800",""
"4507493","Magic","Double Masters","Force of Will","","51","M","Near Mint","61.84","","61.8500","60.5600","0","0","60.9400",""
"4499919","Magic","Double Masters","Glimmervoid","","319","R","Near Mint","4.23","4.39","4.3100","3.0000","1","0","3.6000",""
"4508018","Magic","Double Masters","Heartbeat of Spring","","171","R","Near Mint","4.44","4.49","4.2600","2.9500","1","0","3.7000",""
"4509577","Magic","Double Masters","Ichor Wellspring","","261","C","Near Mint","0.38","0.41","1.5900","0.2800","0","0","0.3000",""
"4507858","Magic","Double Masters","Jhoira, Weatherlight Captain","","203","R","Near Mint","3.39","2.63","3.2900","1.9800","1","0","2.7000",""
"4523355","Magic","Double Masters","Jhoira's Familiar","","265","U","Near Mint","1.57","1.60","2.1600","0.8500","1","0","0.9900",""
"4510117","Magic","Double Masters","Lightning Greaves","","267","U","Near Mint Foil","4.70","4.79","5.0100","5.0100","0","0","5.0100",""
"4510379","Magic","Double Masters","Mana Reflection","","175","R","Near Mint","2.50","2.60","3.1000","1.7900","0","0","1.9300",""
"4506352","Magic","Double Masters","Master Transmuter","","58","R","Near Mint","2.95","","4.2600","2.9500","0","0","2.9500",""
"4511404","Magic","Double Masters","Maze of Ith","","322","R","Near Mint","8.89","9.49","7.9600","6.9700","0","0","7.9300",""
"4502038","Magic","Double Masters","Noble Hierarch","","177","R","Near Mint Foil","10.54","11.10","8.9900","8.0000","0","0","9.2700",""
"4523055","Magic","Double Masters","O-Naginata","","278","U","Near Mint","0.55","","1.8100","0.5000","0","0","0.5100",""
"4502722","Magic","Double Masters","Path to Exile","","25","U","Near Mint","1.08","1.07","2.2100","0.9000","1","0","0.9400",""
"4502727","Magic","Double Masters","Path to Exile","","25","U","Near Mint Foil","1.35","1.47","2.2800","0.9700","1","0","1.0500",""
"4521355","Magic","Double Masters","Pongify","","62","U","Near Mint","2.38","2.78","3.3500","2.0400","0","0","2.1100",""
"4521360","Magic","Double Masters","Pongify","","62","U","Near Mint Foil","2.60","","3.7400","2.4300","0","0","2.4600",""
"4509127","Magic","Double Masters","Shamanic Revelation","","179","R","Near Mint","0.89","0.91","1.9900","0.6800","1","0","0.7200",""
"4511041","Magic","Double Masters","Stoneforge Mystic (Borderless)","","337","R","Near Mint","51.90","","43.6400","42.7500","0","0","45.6200",""
"4501781","Magic","Double Masters","Stonehewer Giant","","32","R","Near Mint","6.82","10.40","7.0500","7.0500","0","0","7.0500",""
"4506218","Magic","Double Masters","Sword of Fire and Ice","","297","M","Lightly Played","42.76","42.99","40.9900","38.0000","0","0","39.4300",""
"4513665","Magic","Double Masters","Sword of Light and Shadow","","298","M","Near Mint","11.54","13.27","10.8900","5.9000","0","0","8.7200",""
"4500069","Magic","Double Masters","Sword of War and Peace","","300","M","Near Mint","7.42","","7.9900","7.9900","0","0","7.9900",""
"4512519","Magic","Double Masters","Thoughtseize (Borderless)","","344","R","Near Mint","19.36","24.19","22.3900","18.4000","0","0","22.3900",""
"4509477","Magic","Double Masters","Time Sieve","","223","R","Near Mint","8.94","9.52","7.6000","6.6100","0","0","8.3200",""
"4512654","Magic","Double Masters","Wound Reflection","","113","R","Near Mint","7.70","10.07","7.2500","5.9400","0","0","6.8200",""
"4504000","Magic","Double Masters","Wrath of God","","39","R","Near Mint","4.58","10.55","3.7000","2.3900","0","0","3.4900",""
"5703147","Magic","Double Masters 2022","Aether Vial (Borderless)","","391","R","Near Mint Foil","4.64","5.98","4.9600","3.6500","0","0","4.1400",""
"5697388","Magic","Double Masters 2022","Anguished Unmaking","","170","R","Near Mint","2.25","2.81","3.1300","1.7500","0","0","1.8500",""
"5699023","Magic","Double Masters 2022","As Foretold","","38","M","Near Mint","1.40","2.25","2.0000","0.6900","0","0","0.8300",""
"5707300","Magic","Double Masters 2022","Assassin's Trophy","","175","R","Near Mint","3.30","3.32","3.8000","2.4900","0","0","2.9000",""
"5710599","Magic","Double Masters 2022","Atarka's Command","","176","R","Near Mint","1.17","1.59","1.8100","0.5000","0","0","0.6300",""
"5691178","Magic","Double Masters 2022","Atla Palani, Nest Tender","","177","R","Near Mint","1.29","1.73","1.9100","0.6000","0","0","0.7400",""
"5710549","Magic","Double Masters 2022","Bloodforged Battle-Axe","","299","R","Near Mint","1.24","1.49","2.0300","0.7200","0","0","0.8200",""
"5688743","Magic","Double Masters 2022","Bloom Tender","","138","R","Near Mint","23.26","29.75","22.6700","21.2800","0","0","21.8700",""
"5700470","Magic","Double Masters 2022","Conqueror's Flail","","302","R","Near Mint","4.26","4.52","3.9300","2.6200","0","0","3.4400",""
"5693282","Magic","Double Masters 2022","Consecrated Sphinx","","43","M","Near Mint","37.22","44.79","30.9500","30.9500","1","0","32.8300",""
"5699633","Magic","Double Masters 2022","Creakwood Liege","","197","R","Near Mint","1.53","1.82","2.3000","0.9900","0","0","1.1000",""
"5710799","Magic","Double Masters 2022","Crucible of Worlds","","303","M","Near Mint","28.09","39.33","26.9900","26.0000","0","0","26.6300",""
"5705808","Magic","Double Masters 2022","Darksteel Plate","","304","R","Near Mint","4.60","4.51","5.0000","3.6900","1","0","4.0600",""
"5703907","Magic","Double Masters 2022","Doran, the Siege Tower","","201","R","Near Mint","2.59","2.80","3.2300","1.9200","0","0","2.0500",""
"5705150","Magic","Double Masters 2022","Dragonlord Silumgar","","203","M","Near Mint","3.09","3.86","3.3100","2.0000","0","0","2.5400",""
"5700545","Magic","Double Masters 2022","Drogskol Reaver","","205","R","Near Mint","2.10","2.00","2.2600","0.9500","0","0","1.1800",""
"5696738","Magic","Double Masters 2022","Dromoka's Command","","206","R","Near Mint","0.27","0.24","1.4600","0.1500","0","0","0.1700",""
"5711149","Magic","Double Masters 2022","Elsha of the Infinite","","208","R","Near Mint","0.63","0.99","1.5600","0.2500","0","0","0.3300",""
"5709099","Magic","Double Masters 2022","Emiel the Blessed","","10","M","Near Mint","6.45","7.36","5.7700","4.2700","0","0","5.3600",""
"5701440","Magic","Double Masters 2022","Emrakul, the Aeons Torn","","1","M","Near Mint","18.29","18.66","17.4800","14.9900","0","0","17.3900",""
"5699888","Magic","Double Masters 2022","Eternal Witness (Borderless)","","368","U","Near Mint","1.99","2.49","2.3100","1.0000","0","0","1.1900",""
"5703612","Magic","Double Masters 2022","Forbidden Orchard","","323","R","Near Mint","7.57","9.20","6.9600","5.4500","0","0","6.5100",""
"5702175","Magic","Double Masters 2022","Force of Negation","","50","R","Near Mint","47.86","63.99","44.9800","43.9900","0","0","45.1500",""
"5710099","Magic","Double Masters 2022","Gifts Ungiven (Borderless)","","347","R","Near Mint","6.51","7.12","6.5100","6.5100","0","0","6.6700",""
"5694867","Magic","Double Masters 2022","Grand Arbiter Augustin IV","","221","R","Near Mint","15.63","17.00","13.2800","12.0100","0","0","13.8200",""
"5694942","Magic","Double Masters 2022","Grand Arbiter Augustin IV (Borderless)","","379","R","Near Mint","13.76","","14.3800","13.3900","0","0","13.3800",""
"5703187","Magic","Double Masters 2022","Impervious Greatwurm","","152","R","Near Mint","5.11","6.67","4.5100","3.2000","0","0","4.1400",""
"5711524","Magic","Double Masters 2022","Intet, the Dreamer","","229","R","Near Mint","0.54","0.48","1.7300","0.4200","0","0","0.4400",""
"5711799","Magic","Double Masters 2022","Judith, the Scourge Diva","","234","R","Near Mint","0.23","0.20","1.4300","0.1200","0","0","0.1500",""
"5705020","Magic","Double Masters 2022","Kambal, Consul of Allocation","","237","R","Near Mint","10.78","10.57","8.0000","6.6900","0","0","8.7300",""
"5707695","Magic","Double Masters 2022","Leonin Arbiter","","16","R","Near Mint","0.41","0.39","1.6100","0.3000","0","0","0.3200",""
"5707700","Magic","Double Masters 2022","Leonin Arbiter","","16","R","Near Mint Foil","0.73","","1.8100","0.5000","0","0","0.5500",""
"5692393","Magic","Double Masters 2022","Lord of Extinction","","244","M","Near Mint","3.27","5.99","2.6100","1.3000","0","0","2.2900",""
"5691553","Magic","Double Masters 2022","Mana Vault (Borderless)","","394","M","Near Mint","90.31","92.12","85.3100","84.0000","0","0","85.8900",""
"5692718","Magic","Double Masters 2022","Master Biomancer","","250","R","Near Mint","1.32","1.31","1.8400","0.5300","0","0","0.6900",""
"5706615","Magic","Double Masters 2022","Mayael's Aria","","253","R","Near Mint","2.09","1.92","3.0000","1.6900","0","0","1.7700",""
"5692028","Magic","Double Masters 2022","Mizzix of the Izmagnus","","257","M","Near Mint","0.70","1.19","1.6100","0.3000","0","0","0.3800",""
"5709699","Magic","Double Masters 2022","Monastery Mentor","","21","M","Near Mint","1.71","1.82","2.4500","1.1400","0","0","1.2500",""
"5699708","Magic","Double Masters 2022","Necrotic Ooze","","83","R","Near Mint","2.95","3.05","2.1600","0.8500","0","0","1.9600",""
"5698213","Magic","Double Masters 2022","Oracle of Mul Daya (Borderless)","","370","R","Near Mint","9.79","9.96","9.4000","7.8900","0","0","8.7400",""
"5704437","Magic","Double Masters 2022","Panharmonicon","","310","R","Near Mint","4.51","6.68","4.3100","3.0000","0","0","3.7300",""
"5691628","Magic","Double Masters 2022","Phyrexian Altar","","311","R","Near Mint","57.36","64.82","53.2700","52.0000","0","0","53.6100",""
"5691733","Magic","Double Masters 2022","Phyrexian Altar (Borderless)","","396","R","Near Mint Foil","71.55","75.96","69.9900","68.7700","0","0","69.6000",""
"5689143","Magic","Double Masters 2022","Phyrexian Tyranny","","262","R","Near Mint","0.86","0.87","2.0100","0.7000","0","0","0.7300",""
"5689148","Magic","Double Masters 2022","Phyrexian Tyranny","","262","R","Near Mint Foil","1.16","","2.1100","0.8000","0","0","0.8700",""
"5711399","Magic","Double Masters 2022","Pithing Needle (Borderless)","","397","R","Near Mint","0.94","1.24","1.9100","0.6000","0","0","0.6600",""
"5703337","Magic","Double Masters 2022","Pull from Tomorrow","","62","R","Near Mint","0.41","0.39","1.5300","0.2200","1","0","0.2600",""
"5689838","Magic","Double Masters 2022","Rampant Growth","","155","C","Near Mint","0.87","0.96","1.6400","0.3300","1","0","0.4400",""
"5689193","Magic","Double Masters 2022","Sensei's Divining Top","","314","R","Near Mint","33.11","40.02","30.9800","30.9800","0","0","31.6200",""
"5694717","Magic","Double Masters 2022","Simic Growth Chamber (Borderless)","","412","U","Near Mint","3.22","2.99","3.5600","2.2500","0","0","2.7400",""
"5709999","Magic","Double Masters 2022","Smothering Tithe","","31","R","Near Mint","37.06","41.71","33.9900","32.7000","0","0","34.0100",""
"5710154","Magic","Double Masters 2022","Spell Pierce (Borderless)","","350","C","Near Mint Foil","0.80","0.97","1.8600","0.5500","0","0","0.6000",""
"5713688","Magic","Double Masters 2022","Supernatural Stamina","","93","C","Near Mint","0.13","","1.4000","0.0900","0","0","0.1500",""
"5696188","Magic","Double Masters 2022","Supreme Verdict","","280","R","Near Mint","2.24","2.99","2.8100","1.5000","0","0","1.6500",""
"5696268","Magic","Double Masters 2022","Supreme Verdict (Borderless)","","388","R","Near Mint Foil","3.35","2.99","4.2500","2.9400","0","0","3.1500",""
"5701890","Magic","Double Masters 2022","Surgical Extraction","","94","R","Near Mint","2.13","8.83","2.7100","1.4000","0","0","1.5500",""
"5688393","Magic","Double Masters 2022","Teferi's Protection","","32","R","Near Mint","47.86","49.42","44.9900","40.0000","0","0","42.5000",""
"5695537","Magic","Double Masters 2022","Thistledown Liege","","285","R","Near Mint","0.51","0.47","1.7100","0.3600","0","0","0.3900",""
"5701640","Magic","Double Masters 2022","Thraximundar","","287","R","Near Mint","0.84","0.80","1.7700","0.4600","0","0","0.5400",""
"5696588","Magic","Double Masters 2022","Thrumming Stone","","315","R","Near Mint","15.06","16.78","14.3100","13.0000","0","0","14.6900",""
"5708079","Magic","Double Masters 2022","Twinflame","","129","R","Near Mint","5.40","6.81","5.3100","4.0000","0","0","4.7000",""
"5705995","Magic","Double Masters 2022","Unburial Rites","","95","U","Near Mint Foil","0.24","","1.4500","0.1400","0","0","0.1600",""
"5690388","Magic","Double Masters 2022","Unearth","","96","C","Near Mint","0.44","0.44","1.7200","0.4100","0","0","0.4200",""
"5704277","Magic","Double Masters 2022","Varina, Lich Queen","","291","R","Near Mint","3.05","3.60","3.3500","2.0400","0","0","2.5400",""
"5692543","Magic","Double Masters 2022","Vedalken Orrery","","317","R","Near Mint","7.67","8.51","7.4900","6.0000","0","0","6.8300",""
"5688443","Magic","Double Masters 2022","Weathered Wayfarer","","34","R","Near Mint","1.65","1.97","2.3100","1.0000","0","0","1.1300",""
"5704930","Magic","Double Masters 2022","Wilt-Leaf Liege","","294","R","Near Mint","0.57","0.41","1.7100","0.4000","1","0","0.4400",""
"5691068","Magic","Double Masters 2022","Wrenn and Six (Textured Foil)","","574","M","Near Mint Foil","36.48","35.08","30.9900","30.9900","0","0","32.6400",""
"1076585","Magic","Dragon's Maze","Blood Scrivener","","22","R","Near Mint","0.18","0.30","1.4600","0.1500","1","0","0.1600",""
"1077102","Magic","Dragon's Maze","Pyrewild Shaman","","36","R","Near Mint","0.12","0.15","1.3400","0.0300","1","0","0.1500",""
"1077257","Magic","Dragon's Maze","Riot Control","","6","C","Near Mint","0.27","0.25","1.4600","0.1500","0","0","0.1600",""
"1076584","Magic","Dragon's Maze","Zhur-Taa Ancient","","119","R","Near Mint","0.31","","1.5700","0.2600","1","0","0.2700",""
"2737207","Magic","Dragons of Tarkir","Anafenza, Kin-Tree Spirit","","2","R","Near Mint","0.19","","1.4400","0.1300","0","0","0.1500",""
"2736952","Magic","Dragons of Tarkir","Arashin Foremost","","3","R","Near Mint","0.25","","1.4800","0.1700","0","0","0.1900",""
"2737227","Magic","Dragons of Tarkir","Crater Elemental","","132","R","Near Mint","0.13","","1.4000","0.0900","0","0","0.1500",""
"2736019","Magic","Dragons of Tarkir","Dragon Tempest","","136","R","Lightly Played","2.94","","3.9300","2.6200","0","0","2.6800",""
"2737217","Magic","Dragons of Tarkir","Dragonlord's Prerogative","","52","R","Near Mint","0.19","","1.3700","0.0600","1","0","0.1500",""
"2742064","Magic","Dragons of Tarkir","Dromoka Monument","","238","U","Near Mint","0.18","","1.3500","0.0400","1","0","0.1500",""
"2743689","Magic","Dragons of Tarkir","Gate Smasher","","239","U","Near Mint","0.15","","1.3600","0.0500","1","0","0.1500",""
"2742939","Magic","Dragons of Tarkir","Gleam of Authority","","19","R","Near Mint","0.37","","1.4900","0.1800","0","0","0.2200",""
"2736348","Magic","Dragons of Tarkir","Harbinger of the Hunt","","223","R","Near Mint","0.28","0.28","1.4100","0.1000","1","0","0.1500",""
"2742094","Magic","Dragons of Tarkir","Herdchaser Dragon","","190","U","Near Mint","0.15","","1.4100","0.1000","1","0","0.1500",""
"2743709","Magic","Dragons of Tarkir","Impact Tremors","","140","C","Near Mint","1.75","","2.5600","1.2500","0","0","1.3500",""
"2741824","Magic","Dragons of Tarkir","Ire Shaman","","141","R","Near Mint","0.16","","1.4100","0.1000","1","0","0.1500",""
"2737197","Magic","Dragons of Tarkir","Mirror Mockery","","62","R","Near Mint","0.40","","1.5100","0.1700","0","0","0.2400",""
"2744129","Magic","Dragons of Tarkir","Naturalize","","193","C","Near Mint","0.06","","1.3300","0.0200","1","0","0.1500",""
"2744130","Magic","Dragons of Tarkir","Naturalize","","193","C","Lightly Played","0.04","","1.3300","0.0200","1","0","0.1500",""
"2743209","Magic","Dragons of Tarkir","Negate","","65","C","Near Mint","0.13","","1.4300","0.1200","1","0","0.1500",""
"2744069","Magic","Dragons of Tarkir","Press the Advantage","","196","U","Near Mint","0.04","","1.3200","0.0100","0","0","0.1500",""
"2743249","Magic","Dragons of Tarkir","Profaner of the Dead","","70","R","Near Mint","0.27","0.25","1.4600","0.1500","0","0","0.1700",""
"2736288","Magic","Dragons of Tarkir","Radiant Purge","","31","R","Near Mint","0.23","","1.4200","0.1100","0","0","0.1500",""
"2737063","Magic","Dragons of Tarkir","Savage Ventmaw","","231","U","Lightly Played","0.60","0.73","1.8900","0.5800","0","0","0.5800",""
"2736038","Magic","Dragons of Tarkir","Stratus Dancer","","80","R","Near Mint","0.28","","1.4500","0.1400","1","0","0.1700",""
"500309","Magic","Duel Decks: Ajani vs. Nicol Bolas","Essence Warden","","3","C","Near Mint","2.57","","3.5600","2.2500","1","0","2.3100",""
"1267918","Magic","Duel Decks: Anthology","Gush","","27","C","Near Mint","2.56","","3.8200","2.5100","1","0","2.5100",""
"1267177","Magic","Duel Decks: Anthology","Mutilate","","55","R","Near Mint","1.70","","2.9900","1.6800","0","0","1.6800",""
"1265801","Magic","Duel Decks: Anthology","Secluded Steppe","","25","C","Near Mint","0.39","","1.4400","0.1300","1","0","0.1800",""
"1267321","Magic","Duel Decks: Anthology","Sign in Blood","","49","C","Near Mint","0.84","","2.0700","0.7600","2","0","0.7800",""
"3080436","Magic","Duel Decks: Blessed vs. Cursed","Captain of the Mists","","24","R","Near Mint","0.13","","1.3900","0.0800","2","0","0.1500",""
"3081581","Magic","Duel Decks: Blessed vs. Cursed","Havengul Runebinder","","44","R","Near Mint","0.18","","1.3900","0.0800","1","0","0.1500",""
"3081311","Magic","Duel Decks: Blessed vs. Cursed","Sever the Bloodline","","63","R","Near Mint","0.17","","1.3600","0.0500","1","0","0.1500",""
"2733381","Magic","Duel Decks: Elspeth vs. Kiora","Secluded Steppe","","29","C","Near Mint","0.09","0.14","1.4000","0.0900","1","0","0.1500",""
"397048","Magic","Duel Decks: Elspeth vs. Tezzeret","Abolish","","29","U","Near Mint","0.55","","1.8000","0.4900","1","0","0.5000",""
"403217","Magic","Duel Decks: Elspeth vs. Tezzeret","Elixir of Immortality","","62","U","Moderately Played","0.59","","1.8400","0.5300","1","0","0.5400",""
"400017","Magic","Duel Decks: Elspeth vs. Tezzeret","Tezzeret the Seeker","","39","M","Near Mint Foil","21.35","","28.9400","28.9400","0","0","21.4200",""
"405677","Magic","Duel Decks: Elspeth vs. Tezzeret","Trinket Mage","","49","C","Lightly Played","0.47","","1.6500","0.3200","0","0","0.3500",""
"3624633","Magic","Duel Decks: Elves vs. Inventors","Darksteel Citadel","","65","U","Near Mint","1.01","","2.2700","0.9600","0","0","0.9700",""
"3618769","Magic","Duel Decks: Elves vs. Inventors","Goblin Welder","","35","M","Near Mint Foil","10.63","","11.9900","11.0000","0","0","12.4000",""
"3618874","Magic","Duel Decks: Elves vs. Inventors","Jagged-Scar Archers","","13","U","Near Mint","0.30","","1.5600","0.2500","0","0","0.2600",""
"3624648","Magic","Duel Decks: Elves vs. Inventors","Seat of the Synod","","69","C","Near Mint","0.95","","2.0300","0.7200","0","0","0.7700",""
"3624603","Magic","Duel Decks: Elves vs. Inventors","Tranquil Thicket","","29","C","Near Mint","0.30","0.25","1.4200","0.1100","1","0","0.1500",""
"1132115","Magic","Duel Decks: Heroes vs. Monsters","Destructive Revelry","","66","U","Near Mint","0.28","","1.4600","0.1500","1","0","0.1800",""
"1041813","Magic","Duel Decks: Izzet vs. Golgari","Golgari Signet","","66","C","Near Mint","0.38","","1.5300","0.2200","1","0","0.2500",""
"1041833","Magic","Duel Decks: Izzet vs. Golgari","Reassembling Skeleton","","50","U","Near Mint","0.16","0.20","1.4600","0.1500","1","0","0.1500",""
"1170283","Magic","Duel Decks: Jace vs. Vraska","Halimar Depths","","36","C","Moderately Played","0.44","","1.6600","0.3500","1","0","0.3700",""
"1170284","Magic","Duel Decks: Jace vs. Vraska","Halimar Depths","","36","C","Heavily Played","0.48","","1.7100","0.4000","0","0","0.4200",""
"1170471","Magic","Duel Decks: Jace vs. Vraska","Night's Whisper","","68","U","Near Mint","0.96","","1.7900","0.4800","1","0","0.5800",""
"1170546","Magic","Duel Decks: Jace vs. Vraska","River Boa","","49","U","Near Mint","0.26","","1.4500","0.1400","1","0","0.1600",""
"468056","Magic","Duel Decks: Knights vs. Dragons","Kinsbaile Cavalier","","17","R","Near Mint","10.19","","8.9700","7.9800","1","0","9.5800",""
"3528506","Magic","Duel Decks: Merfolk vs. Goblins","Goblin Diplomats","","42","R","Near Mint","0.41","","1.6100","0.3000","1","0","0.3200",""
"3528317","Magic","Duel Decks: Merfolk vs. Goblins","Harbinger of the Tides","","7","R","Near Mint","0.26","","1.5100","0.2000","0","0","0.2100",""
"3528322","Magic","Duel Decks: Merfolk vs. Goblins","Master of the Pearl Trident","","9","R","Near Mint","0.51","","1.5700","0.2600","1","0","0.3100",""
"3528337","Magic","Duel Decks: Merfolk vs. Goblins","Merrow Reejerey","","13","U","Near Mint","0.41","0.25","1.4100","0.1000","1","0","0.1700",""
"3528397","Magic","Duel Decks: Merfolk vs. Goblins","Mind Spring","","14","R","Near Mint","0.25","","1.4600","0.1500","0","0","0.1700",""
"3528422","Magic","Duel Decks: Merfolk vs. Goblins","Misdirection","","15","R","Near Mint","8.13","","8.5000","7.1900","0","0","8.5000",""
"3528558","Magic","Duel Decks: Merfolk vs. Goblins","Warren Instigator","","32","M","Near Mint Foil","10.62","","10.9900","10.0000","0","0","10.3100",""
"3322761","Magic","Duel Decks: Mind vs. Might","The Unspeakable","","13","R","Near Mint","0.15","0.20","1.4200","0.1100","0","0","0.1500",""
"3197999","Magic","Duel Decks: Nissa vs. Ob Nixilis","Pestilence Demon","","56","R","Near Mint","0.58","","1.8000","0.4900","1","0","0.5100",""
"397629","Magic","Duel Decks: Phyrexia vs. the Coalition","Gerrard Capashen","","46","R","Near Mint","0.61","","1.6600","0.3500","1","0","0.4000",""
"1254686","Magic","Duel Decks: Speed vs. Cunning","Fleshbag Marauder","","8","U","Near Mint","0.14","","1.4600","0.1500","0","0","0.1500",""
"1254752","Magic","Duel Decks: Speed vs. Cunning","Fury of the Horde","","30","R","Lightly Played","3.49","","4.2900","2.9800","0","0","3.2400",""
"1254651","Magic","Duel Decks: Speed vs. Cunning","Krenko, Mob Boss","","15","R","Near Mint","1.22","","2.2100","0.9000","0","0","0.9600",""
"2949349","Magic","Duel Decks: Zendikar vs. Eldrazi","Butcher of Malakir","","47","R","Lightly Played","0.32","","1.5600","0.2500","0","0","0.2600",""
"2949553","Magic","Duel Decks: Zendikar vs. Eldrazi","Consume the Meek","","49","R","Near Mint","0.21","","1.4500","0.1400","0","0","0.1500",""
"2949363","Magic","Duel Decks: Zendikar vs. Eldrazi","Kabira Vindicator","","4","U","Near Mint","0.11","","1.4100","0.1000","1","0","0.1500",""
"2949623","Magic","Duel Decks: Zendikar vs. Eldrazi","Mind Stone","","65","U","Near Mint","0.22","0.20","1.5100","0.2000","1","0","0.2000",""
"8159654","Magic","Duskmourn: House of Horror","Enduring Innocence (Extended Art)","","368","R","Near Mint","5.62","8.19","5.2900","5.2900","0","0","5.4600",""
"8201283","Magic","Duskmourn: House of Horror","Enduring Vitality (Extended Art)","","381","R","Near Mint Foil","6.61","6.74","6.8400","5.3300","0","0","5.9700",""
"8166554","Magic","Duskmourn: House of Horror","Ghost Vacuum","","248","R","Near Mint","2.05","2.28","2.3100","1.0000","0","0","0.8500",""
"8166584","Magic","Duskmourn: House of Horror","Ghost Vacuum","","248","R","Near Mint Foil","4.06","3.24","4.5600","3.2500","0","0","3.6500",""
"8160904","Magic","Duskmourn: House of Horror","Hauntwoods Shrieker (Borderless)","","349","M","Near Mint Foil","1.97","1.96","2.3100","1.0000","0","0","1.1900",""
"8201804","Magic","Duskmourn: House of Horror","Kona, Rescue Beastie (0299)","","299","R","Near Mint Foil","2.86","3.15","2.5100","1.2000","0","0","1.5300",""
"8015643","Magic","Duskmourn: House of Horror","Leyline of Hope","","18","R","Near Mint","0.42","0.29","1.5600","0.2500","0","0","0.2800",""
"8200773","Magic","Duskmourn: House of Horror","Marvin, Murderous Mimic (Showcase)","","367","R","Near Mint","5.02","6.04","5.0200","5.0200","0","0","5.0200",""
"8164071","Magic","Duskmourn: House of Horror","Mirror Room // Fractured Realm","","67","M","Near Mint","1.62","2.10","2.4900","1.1800","0","0","1.2700",""
"8089528","Magic","Duskmourn: House of Horror","The Wandering Rescuer","","41","M","Near Mint","1.37","1.34","2.3600","1.0500","0","0","1.1100",""
"8180613","Magic","Duskmourn: House of Horror","Unstoppable Slasher (Showcase)","","312","R","Near Mint","2.78","2.58","3.4600","2.1500","0","0","2.2500",""
"8218183","Magic","Duskmourn: House of Horror","Walk-In Closet // Forgotten Cellar (Borderless)","","341","M","Near Mint Foil","15.45","17.81","12.9600","11.1100","1","0","13.4500",""
"8812237","Magic","Edge of Eternities","Adagia, Windswept Bastion","","250","M","Near Mint","6.23","5.44","6.5000","5.5100","0","0","5.9300",""
"8821338","Magic","Edge of Eternities","All-Fates Scroll","","234","U","Near Mint","0.11","0.08","1.3200","0.0100","0","0","0.1500",""
"8821343","Magic","Edge of Eternities","All-Fates Scroll","","234","U","Near Mint Foil","0.27","0.23","1.4000","0.0900","0","0","0.1500",""
"8820323","Magic","Edge of Eternities","All-Fates Stalker","","3","U","Near Mint","0.07","0.05","1.3200","0.0100","0","0","0.1500",""
"8808880","Magic","Edge of Eternities","Alpharael, Dreaming Acolyte","","212","U","Near Mint","0.06","0.03","1.3200","0.0100","0","0","0.1500",""
"8808885","Magic","Edge of Eternities","Alpharael, Dreaming Acolyte","","212","U","Near Mint Foil","0.13","0.04","1.3400","0.0300","0","0","0.1500",""
"8820848","Magic","Edge of Eternities","Alpharael, Stonechosen","","87","M","Near Mint","0.35","0.35","1.4300","0.1200","0","0","0.1600",""
"8814412","Magic","Edge of Eternities","Annul","","46","U","Near Mint","0.12","0.10","1.3800","0.0700","0","0","0.1500",""
"8800705","Magic","Edge of Eternities","Anticausal Vestige","","1","R","Near Mint","2.00","2.54","2.2100","0.9000","0","0","1.1300",""
"8800765","Magic","Edge of Eternities","Archenemy's Charm","","88","R","Near Mint","1.20","1.25","2.0300","0.7200","0","0","0.8200",""
"8800795","Magic","Edge of Eternities","Archenemy's Charm","","88","R","Near Mint Foil","1.90","0.90","2.2100","0.9000","0","0","1.1000",""
"8803800","Magic","Edge of Eternities","Archenemy's Charm (Borderless)","","307","R","Near Mint","3.28","4.27","2.6500","1.3400","0","0","2.3100",""
"8800825","Magic","Edge of Eternities","Astelli Reclaimer","","4","R","Near Mint","0.28","0.26","1.4000","0.0900","0","0","0.1500",""
"8825767","Magic","Edge of Eternities","Atmospheric Greenhouse","","171","U","Near Mint","0.04","0.03","1.3200","0.0100","0","0","0.1500",""
"8835517","Magic","Edge of Eternities","Atomic Microsizer","","47","U","Near Mint","0.05","0.02","1.3200","0.0100","0","0","0.1500",""
"8835522","Magic","Edge of Eternities","Atomic Microsizer","","47","U","Near Mint Foil","0.16","0.06","1.3200","0.0100","0","0","0.1500",""
"8838986","Magic","Edge of Eternities","Auxiliary Boosters","","5","C","Near Mint","0.01","0.01","1.3200","0.0100","0","0","0.1500",""
"8838991","Magic","Edge of Eternities","Auxiliary Boosters","","5","C","Near Mint Foil","0.05","0.02","1.3200","0.0100","0","0","0.1500",""
"8800885","Magic","Edge of Eternities","Banishing Light","","6","C","Near Mint","0.04","0.01","1.3200","0.0100","0","0","0.1500",""
"8843136","Magic","Edge of Eternities","Beamsaw Prospector","","89","C","Near Mint","0.05","0.01","1.3200","0.0100","0","0","0.1500",""
"8843141","Magic","Edge of Eternities","Beamsaw Prospector","","89","C","Near Mint Foil","0.05","0.04","1.3200","0.0100","0","0","0.1500",""
"8826864","Magic","Edge of Eternities","Beyond the Quiet","","7","R","Near Mint","0.19","0.11","1.3800","0.0700","0","0","0.1500",""
"8827204","Magic","Edge of Eternities","Beyond the Quiet (Borderless)","","303","R","Near Mint","1.28","1.57","2.3000","0.9900","0","0","1.0500",""
"8820628","Magic","Edge of Eternities","Bioengineered Future","","172","R","Near Mint","0.19","0.17","1.3600","0.0500","0","0","0.1500",""
"8821228","Magic","Edge of Eternities","Biomechan Engineer","","213","U","Near Mint","0.03","0.03","1.3200","0.0100","0","0","0.1500",""
"8821233","Magic","Edge of Eternities","Biomechan Engineer","","213","U","Near Mint Foil","0.12","0.07","1.3300","0.0200","0","0","0.1500",""
"8838686","Magic","Edge of Eternities","Biosynthic Burst","","173","C","Near Mint","0.09","0.01","1.3200","0.0100","0","0","0.1500",""
"8800945","Magic","Edge of Eternities","Biotech Specialist","","214","R","Near Mint","0.21","0.17","1.4100","0.1000","0","0","0.1500",""
"8843201","Magic","Edge of Eternities","Blade of the Swarm","","90","U","Near Mint","0.03","0.02","1.3200","0.0100","0","0","0.1500",""
"8838866","Magic","Edge of Eternities","Blooming Stinger","","174","C","Near Mint","0.04","0.01","1.3200","0.0100","0","0","0.1500",""
"8838871","Magic","Edge of Eternities","Blooming Stinger","","174","C","Near Mint Foil","0.07","0.04","1.3200","0.0100","0","0","0.1500",""
"8839466","Magic","Edge of Eternities","Bombard","","129","C","Near Mint","0.03","0.01","1.3200","0.0100","0","0","0.1500",""
"8839471","Magic","Edge of Eternities","Bombard","","129","C","Near Mint Foil","0.02","0.01","1.3200","0.0100","0","0","0.1500",""
"8786078","Magic","Edge of Eternities","Breeding Pool","","251","R","Near Mint","6.88","6.55","6.9800","5.9900","0","0","6.4400",""
"8803680","Magic","Edge of Eternities","Breeding Pool (Borderless)","","278","R","Near Mint","9.18","10.00","8.1300","8.1300","0","0","8.1400",""
"8839046","Magic","Edge of Eternities","Brightspear Zealot","","8","C","Near Mint","0.04","0.01","1.3200","0.0100","0","0","0.1500",""
"8839051","Magic","Edge of Eternities","Brightspear Zealot","","8","C","Near Mint Foil","0.05","0.03","1.3200","0.0100","0","0","0.1500",""
"8839226","Magic","Edge of Eternities","Broodguard Elite","","175","U","Near Mint","0.11","0.05","1.3300","0.0200","0","0","0.1500",""
"8808032","Magic","Edge of Eternities","Bygone Colossus","","235","U","Near Mint","0.20","0.08","1.3700","0.0600","0","0","0.1500",""
"8808037","Magic","Edge of Eternities","Bygone Colossus","","235","U","Near Mint Foil","0.33","0.45","1.4600","0.1500","0","0","0.1900",""
"8835577","Magic","Edge of Eternities","Cerebral Download","","48","U","Near Mint","0.07","0.04","1.3200","0.0100","0","0","0.1500",""
"8835582","Magic","Edge of Eternities","Cerebral Download","","48","U","Near Mint Foil","0.10","0.03","1.3400","0.0300","0","0","0.1500",""
"8821163","Magic","Edge of Eternities","Chorale of the Void","","91","R","Near Mint","0.17","0.15","1.4100","0.1000","0","0","0.1500",""
"8801005","Magic","Edge of Eternities","Chrome Companion","","236","C","Near Mint","0.05","0.01","1.3200","0.0100","0","0","0.1500",""
"8801035","Magic","Edge of Eternities","Chrome Companion","","236","C","Near Mint Foil","0.11","0.04","1.3400","0.0300","0","0","0.1500",""
"8825827","Magic","Edge of Eternities","Close Encounter","","176","U","Near Mint","0.06","0.05","1.3200","0.0100","0","0","0.1500",""
"8838026","Magic","Edge of Eternities","Cloudsculpt Technician","","49","C","Near Mint","0.02","0.01","1.3200","0.0100","0","0","0.1500",""
"8838031","Magic","Edge of Eternities","Cloudsculpt Technician","","49","C","Near Mint Foil","0.04","0.03","1.3200","0.0100","0","0","0.1500",""
"8835637","Magic","Edge of Eternities","Codecracker Hound","","50","U","Near Mint","0.04","0.03","1.3200","0.0100","0","0","0.1500",""
"8843261","Magic","Edge of Eternities","Comet Crawler","","92","C","Near Mint","0.03","0.01","1.3200","0.0100","0","0","0.1500",""
"8843266","Magic","Edge of Eternities","Comet Crawler","","92","C","Near Mint Foil","0.11","0.01","1.3200","0.0100","0","0","0.1500",""
"8803500","Magic","Edge of Eternities","Command Bridge","","252","C","Near Mint","0.08","0.01","1.3200","0.0100","0","0","0.1500",""
"8803505","Magic","Edge of Eternities","Command Bridge","","252","C","Near Mint Foil","0.20","0.17","1.4000","0.0900","0","0","0.1500",""
"8814492","Magic","Edge of Eternities","Consult the Star Charts","","51","R","Near Mint","3.65","3.70","3.9000","2.5900","0","0","3.1600",""
"8801065","Magic","Edge of Eternities","Cosmogoyf","","215","R","Near Mint","0.24","0.23","1.4000","0.0900","0","0","0.1500",""
"8812297","Magic","Edge of Eternities","Cosmogrand Zenith","","9","M","Near Mint","8.45","7.31","8.3900","6.4000","0","0","7.8000",""
"8825105","Magic","Edge of Eternities","Cryogen Relic","","52","C","Near Mint","0.12","","1.3500","0.0400","0","0","0.1500",""
"8825110","Magic","Edge of Eternities","Cryogen Relic","","52","C","Near Mint Foil","0.87","1.79","1.4100","0.1000","0","0","0.2500",""
"8838086","Magic","Edge of Eternities","Cryoshatter","","53","C","Near Mint","0.03","0.01","1.3200","0.0100","0","0","0.1500",""
"8838091","Magic","Edge of Eternities","Cryoshatter","","53","C","Near Mint Foil","0.08","0.08","1.3200","0.0100","0","0","0.1500",""
"8825576","Magic","Edge of Eternities","Cut Propulsion","","130","U","Near Mint","0.08","0.04","1.3200","0.0100","0","0","0.1500",""
"8825581","Magic","Edge of Eternities","Cut Propulsion","","130","U","Near Mint Foil","0.12","0.05","1.3200","0.0100","0","0","0.1500",""
"8843681","Magic","Edge of Eternities","Dark Endurance","","93","C","Near Mint","0.06","0.01","1.3200","0.0100","0","0","0.1500",""
"8843686","Magic","Edge of Eternities","Dark Endurance","","93","C","Near Mint Foil","0.06","0.01","1.3200","0.0100","0","0","0.1500",""
"8827804","Magic","Edge of Eternities","Dauntless Scrapbot","","237","U","Near Mint","0.12","0.04","1.3900","0.0800","0","0","0.1500",""
"8812177","Magic","Edge of Eternities","Dawnsire, Sunstar Dreadnought","","238","M","Near Mint","6.25","6.28","5.9900","5.9900","0","0","6.1900",""
"8839106","Magic","Edge of Eternities","Dawnstrike Vanguard","","10","U","Near Mint","0.04","0.03","1.3200","0.0100","0","0","0.1500",""
"8839706","Magic","Edge of Eternities","Debris Field Crusher","","131","U","Near Mint","0.02","0.02","1.3200","0.0100","0","0","0.1500",""
"8803195","Magic","Edge of Eternities","Decode Transmissions","","94","C","Near Mint","0.07","0.01","1.3200","0.0100","0","0","0.1500",""
"8803200","Magic","Edge of Eternities","Decode Transmissions","","94","C","Near Mint Foil","0.12","0.05","1.3300","0.0200","0","0","0.1500",""
"8844161","Magic","Edge of Eternities","Depressurize","","95","C","Near Mint","0.02","0.01","1.3200","0.0100","0","0","0.1500",""
"8844166","Magic","Edge of Eternities","Depressurize","","95","C","Near Mint Foil","0.05","0.04","1.3300","0.0200","0","0","0.1500",""
"8827059","Magic","Edge of Eternities","Desculpting Blast","","54","U","Near Mint","0.07","0.07","1.3200","0.0100","0","0","0.1500",""
"8840246","Magic","Edge of Eternities","Devastating Onslaught","","132","M","Near Mint","3.34","2.25","3.5600","2.2500","0","0","2.7900",""
"8845690","Magic","Edge of Eternities","Devastating Onslaught (Borderless)","","308","M","Near Mint Foil","7.73","7.97","5.9900","4.6800","0","0","6.1900",""
"8839346","Magic","Edge of Eternities","Diplomatic Relations","","177","C","Near Mint","0.03","0.01","1.3200","0.0100","0","0","0.1500",""
"8839351","Magic","Edge of Eternities","Diplomatic Relations","","177","C","Near Mint Foil","0.03","0.01","1.3200","0.0100","0","0","0.1500",""
"8838146","Magic","Edge of Eternities","Divert Disaster","","55","C","Near Mint","0.06","0.01","1.3200","0.0100","0","0","0.1500",""
"8838151","Magic","Edge of Eternities","Divert Disaster","","55","C","Near Mint Foil","0.12","0.08","1.3400","0.0300","0","0","0.1500",""
"8839286","Magic","Edge of Eternities","Dockworker Drone","","11","C","Near Mint","0.04","0.01","1.3200","0.0100","0","0","0.1500",""
"8840426","Magic","Edge of Eternities","Drill Too Deep","","133","C","Near Mint","0.02","0.01","1.3200","0.0100","0","0","0.1500",""
"8840431","Magic","Edge of Eternities","Drill Too Deep","","133","C","Near Mint Foil","0.07","0.02","1.3200","0.0100","0","0","0.1500",""
"8827744","Magic","Edge of Eternities","Drix Fatemaker","","178","C","Near Mint","0.06","0.01","1.3200","0.0100","0","0","0.1500",""
"8827749","Magic","Edge of Eternities","Drix Fatemaker","","178","C","Near Mint Foil","0.10","0.05","1.3200","0.0100","0","0","0.1500",""
"8839406","Magic","Edge of Eternities","Dual-Sun Adepts","","12","U","Near Mint","0.04","0.04","1.3200","0.0100","0","0","0.1500",""
"8839411","Magic","Edge of Eternities","Dual-Sun Adepts","","12","U","Near Mint Foil","0.08","0.05","1.3200","0.0100","0","0","0.1500",""
"8833676","Magic","Edge of Eternities","Dual-Sun Technique","","13","U","Near Mint","0.11","0.06","1.3200","0.0100","0","0","0.1500",""
"8833681","Magic","Edge of Eternities","Dual-Sun Technique","","13","U","Near Mint Foil","0.16","0.15","1.3900","0.0800","0","0","0.1500",""
"8830756","Magic","Edge of Eternities","Dubious Delicacy","","96","U","Near Mint","0.06","","1.3200","0.0100","0","0","0.1500",""
"8830761","Magic","Edge of Eternities","Dubious Delicacy","","96","U","Near Mint Foil","0.11","","1.3500","0.0400","0","0","0.1500",""
"8826007","Magic","Edge of Eternities","Dyadrine, Synthesis Amalgam","","216","R","Near Mint","0.18","0.13","1.3200","0.0100","0","0","0.1500",""
"8826072","Magic","Edge of Eternities","Dyadrine, Synthesis Amalgam (Borderless)","","298","R","Near Mint Foil","0.58","0.73","1.5100","0.2000","0","0","0.2800",""
"8831216","Magic","Edge of Eternities","Edge Rover","","179","U","Near Mint","0.04","0.04","1.3300","0.0200","0","0","0.1500",""
"8831221","Magic","Edge of Eternities","Edge Rover","","179","U","Near Mint Foil","0.17","0.08","1.3400","0.0300","0","0","0.1500",""
"8801125","Magic","Edge of Eternities","Elegy Acolyte","","97","R","Near Mint","0.62","0.61","1.8000","0.4900","0","0","0.5200",""
"8801155","Magic","Edge of Eternities","Elegy Acolyte","","97","R","Near Mint Foil","1.03","1.03","2.0100","0.7000","0","0","0.7700",""
"8800145","Magic","Edge of Eternities","Embrace Oblivion","","98","C","Near Mint","0.06","0.01","1.3200","0.0100","0","0","0.1500",""
"8800150","Magic","Edge of Eternities","Embrace Oblivion","","98","C","Near Mint Foil","0.13","0.04","1.3200","0.0100","0","0","0.1500",""
"8802625","Magic","Edge of Eternities","Emergency Eject","","14","U","Near Mint","0.14","0.08","1.3400","0.0300","0","0","0.1500",""
"8802895","Magic","Edge of Eternities","Emissary Escort","","56","R","Near Mint","0.10","0.08","1.3300","0.0200","0","0","0.1500",""
"8830816","Magic","Edge of Eternities","Entropic Battlecruiser","","99","R","Near Mint","0.26","0.09","1.3900","0.0800","0","0","0.1500",""
"8830821","Magic","Edge of Eternities","Entropic Battlecruiser","","99","R","Near Mint Foil","0.45","0.50","1.6500","0.3400","0","0","0.3600",""
"8839586","Magic","Edge of Eternities","Eumidian Terrabotanist","","180","U","Near Mint","0.13","0.05","1.3200","0.0100","0","0","0.1500",""
"8839591","Magic","Edge of Eternities","Eumidian Terrabotanist","","180","U","Near Mint Foil","0.17","0.13","1.3400","0.0300","0","0","0.1500",""
"8804520","Magic","Edge of Eternities","Eusocial Engineering","","181","U","Near Mint","0.12","0.05","1.3400","0.0300","0","0","0.1500",""
"8822413","Magic","Edge of Eternities","Evendo, Waking Haven","","253","M","Near Mint","15.75","15.44","15.8500","15.8500","0","0","15.9900",""
"8822473","Magic","Edge of Eternities","Evendo, Waking Haven (Borderless)","","279","M","Near Mint","20.41","22.35","17.5000","17.5000","0","0","18.3700",""
"8801185","Magic","Edge of Eternities","Exalted Sunborn","","15","M","Near Mint","12.75","12.43","12.5900","12.5900","0","0","12.6800",""
"8802855","Magic","Edge of Eternities","Exalted Sunborn (Showcase)","","358","M","Near Mint Foil","51.71","59.06","47.9800","46.9900","0","0","48.4100",""
"8839526","Magic","Edge of Eternities","Exosuit Savior","","16","C","Near Mint","0.03","0.01","1.3200","0.0100","0","0","0.1500",""
"8839531","Magic","Edge of Eternities","Exosuit Savior","","16","C","Near Mint Foil","0.04","0.03","1.3200","0.0100","0","0","0.1500",""
"8801245","Magic","Edge of Eternities","Extinguisher Battleship","","242","R","Near Mint","0.40","0.41","1.6700","0.3600","0","0","0.3600",""
"8844402","Magic","Edge of Eternities","Faller's Faithful","","100","U","Near Mint","0.06","0.06","1.3200","0.0100","0","0","0.1500",""
"8844407","Magic","Edge of Eternities","Faller's Faithful","","100","U","Near Mint Foil","0.19","0.06","1.3600","0.0500","0","0","0.1500",""
"8820738","Magic","Edge of Eternities","Famished Worldsire","","182","M","Near Mint","3.41","3.71","3.7400","2.4300","0","0","2.9900",""
"8820743","Magic","Edge of Eternities","Famished Worldsire","","182","M","Near Mint Foil","4.25","4.33","4.9400","3.5900","0","0","3.9400",""
"8821398","Magic","Edge of Eternities","Fell Gravship","","101","U","Near Mint","0.91","0.03","1.3200","0.0100","0","0","0.1900",""
"8821403","Magic","Edge of Eternities","Fell Gravship","","101","U","Near Mint Foil","0.17","0.05","1.3400","0.0300","0","0","0.1500",""
"8839646","Magic","Edge of Eternities","Flight-Deck Coordinator","","17","C","Near Mint","0.07","0.01","1.3200","0.0100","0","0","0.1500",""
"8839651","Magic","Edge of Eternities","Flight-Deck Coordinator","","17","C","Near Mint Foil","0.03","0.02","1.3200","0.0100","0","0","0.1500",""
"8827264","Magic","Edge of Eternities","Focus Fire","","18","C","Near Mint","0.06","0.01","1.3200","0.0100","0","0","0.1500",""
"8827269","Magic","Edge of Eternities","Focus Fire","","18","C","Near Mint Foil","0.06","0.05","1.3200","0.0100","0","0","0.1500",""
"8786618","Magic","Edge of Eternities","Forest (0266) (Borderless)","","266","L","Near Mint","0.97","1.01","1.4100","0.1000","0","0","0.3800",""
"8786623","Magic","Edge of Eternities","Forest (0266) (Borderless)","","266","L","Near Mint Foil","1.01","1.01","1.4500","0.1400","0","0","0.3100",""
"8807192","Magic","Edge of Eternities","Forest (0275)","","275","L","Near Mint","0.08","0.08","1.3300","0.0200","0","0","0.1500",""
"8807197","Magic","Edge of Eternities","Forest (0275)","","275","L","Near Mint Foil","0.20","","1.3600","0.0500","0","0","0.1500",""
"8807252","Magic","Edge of Eternities","Forest (0276)","","276","L","Near Mint","0.08","0.07","1.3200","0.0100","0","0","0.1500",""
"8807257","Magic","Edge of Eternities","Forest (0276)","","276","L","Near Mint Foil","0.14","","1.3200","0.0100","0","0","0.1500",""
"8804580","Magic","Edge of Eternities","Frenzied Baloth","","183","R","Near Mint","2.26","2.26","2.9100","1.6000","0","0","1.5900",""
"8840546","Magic","Edge of Eternities","Frontline War-Rager","","134","C","Near Mint","0.04","0.01","1.3200","0.0100","0","0","0.1500",""
"8840551","Magic","Edge of Eternities","Frontline War-Rager","","134","C","Near Mint Foil","0.03","0.02","1.3200","0.0100","0","0","0.1500",""
"8830876","Magic","Edge of Eternities","Full Bore","","135","U","Near Mint","0.10","0.07","1.3200","0.0100","0","0","0.1500",""
"8830881","Magic","Edge of Eternities","Full Bore","","135","U","Near Mint Foil","0.13","0.13","1.3400","0.0300","0","0","0.1500",""
"8820913","Magic","Edge of Eternities","Fungal Colossus","","184","C","Near Mint","0.03","0.01","1.3200","0.0100","0","0","0.1500",""
"8820918","Magic","Edge of Eternities","Fungal Colossus","","184","C","Near Mint Foil","0.10","0.01","1.3200","0.0100","0","0","0.1500",""
"8801305","Magic","Edge of Eternities","Galactic Wayfarer","","185","C","Near Mint","0.03","0.01","1.3200","0.0100","0","0","0.1500",""
"8801335","Magic","Edge of Eternities","Galactic Wayfarer","","185","C","Near Mint Foil","0.03","0.01","1.3200","0.0100","0","0","0.1500",""
"8814602","Magic","Edge of Eternities","Galvanizing Sawship","","136","U","Near Mint","0.03","0.02","1.3200","0.0100","0","0","0.1500",""
"8814607","Magic","Edge of Eternities","Galvanizing Sawship","","136","U","Near Mint Foil","0.09","0.04","1.3200","0.0100","0","0","0.1500",""
"8839946","Magic","Edge of Eternities","Gene Pollinator","","186","C","Near Mint","0.06","0.01","1.3200","0.0100","0","0","0.1500",""
"8839951","Magic","Edge of Eternities","Gene Pollinator","","186","C","Near Mint Foil","0.22","0.15","1.3500","0.0400","0","0","0.1500",""
"8804961","Magic","Edge of Eternities","Genemorph Imago","","217","R","Near Mint","0.28","0.23","1.3700","0.0600","0","0","0.1500",""
"8805446","Magic","Edge of Eternities","Genemorph Imago (Borderless)","","299","R","Near Mint","0.62","0.68","1.5300","0.2200","0","0","0.3000",""
"8840066","Magic","Edge of Eternities","Germinating Wurm","","187","C","Near Mint","0.03","0.01","1.3200","0.0100","0","0","0.1500",""
"8840071","Magic","Edge of Eternities","Germinating Wurm","","187","C","Near Mint Foil","0.07","0.01","1.3200","0.0100","0","0","0.1500",""
"8836640","Magic","Edge of Eternities","Gigastorm Titan","","57","U","Near Mint","0.03","0.02","1.3200","0.0100","0","0","0.1500",""
"8836059","Magic","Edge of Eternities","Glacier Godmaw","","188","U","Near Mint","0.16","0.09","1.3300","0.0200","0","0","0.1500",""
"8786138","Magic","Edge of Eternities","Godless Shrine","","254","R","Near Mint","5.99","5.99","5.9900","5.9900","0","0","5.8300",""
"8803740","Magic","Edge of Eternities","Godless Shrine (Borderless)","","280","R","Near Mint","7.99","","7.8900","7.8900","0","0","8.3400",""
"8803745","Magic","Edge of Eternities","Godless Shrine (Borderless)","","280","R","Near Mint Foil","10.66","10.87","10.0000","10.0000","0","0","10.3300",""
"8844464","Magic","Edge of Eternities","Gravblade Heavy","","102","C","Near Mint","0.03","0.01","1.3200","0.0100","0","0","0.1500",""
"8844469","Magic","Edge of Eternities","Gravblade Heavy","","102","C","Near Mint Foil","0.05","0.01","1.3200","0.0100","0","0","0.1500",""
"8844525","Magic","Edge of Eternities","Gravkill","","103","C","Near Mint","0.08","0.01","1.3200","0.0100","0","0","0.1500",""
"8844530","Magic","Edge of Eternities","Gravkill","","103","C","Near Mint Foil","0.05","0.04","1.3200","0.0100","0","0","0.1500",""
"8844705","Magic","Edge of Eternities","Gravpack Monoist","","104","C","Near Mint","0.02","0.01","1.3200","0.0100","0","0","0.1500",""
"8844710","Magic","Edge of Eternities","Gravpack Monoist","","104","C","Near Mint Foil","0.02","0.01","1.3200","0.0100","0","0","0.1500",""
"8831436","Magic","Edge of Eternities","Haliya, Ascendant Cadet","","218","U","Near Mint","0.13","0.05","1.3200","0.0100","0","0","0.1500",""
"8801365","Magic","Edge of Eternities","Haliya, Guided by Light","","19","R","Near Mint","2.39","2.37","3.3100","2.0000","0","0","2.0800",""
"8801395","Magic","Edge of Eternities","Haliya, Guided by Light","","19","R","Near Mint Foil","2.98","3.99","3.7000","2.3900","0","0","2.5100",""
"8802745","Magic","Edge of Eternities","Haliya, Guided by Light (Borderless)","","289","R","Near Mint","4.16","5.45","4.8600","3.5500","0","0","3.8800",""
"8833796","Magic","Edge of Eternities","Hardlight Containment","","20","R","Near Mint","0.12","0.10","1.3200","0.0100","0","0","0.1500",""
"8785698","Magic","Edge of Eternities","Harmonious Grovestrider","","189","U","Near Mint","0.06","0.05","1.3200","0.0100","0","0","0.1500",""
"8785703","Magic","Edge of Eternities","Harmonious Grovestrider","","189","U","Near Mint Foil","0.10","0.06","1.3200","0.0100","0","0","0.1500",""
"8821033","Magic","Edge of Eternities","Hemosymbic Mite","","190","U","Near Mint","0.09","0.07","1.3200","0.0100","0","0","0.1500",""
"8821038","Magic","Edge of Eternities","Hemosymbic Mite","","190","U","Near Mint Foil","0.21","0.17","1.3800","0.0700","0","0","0.1500",""
"8833736","Magic","Edge of Eternities","Honor","","21","U","Near Mint","0.13","0.08","1.3500","0.0400","0","0","0.1500",""
"8827324","Magic","Edge of Eternities","Honored Knight-Captain","","22","U","Near Mint","0.06","0.05","1.3200","0.0100","0","0","0.1500",""
"8827329","Magic","Edge of Eternities","Honored Knight-Captain","","22","U","Near Mint Foil","0.14","0.05","1.3300","0.0200","0","0","0.1500",""
"8811997","Magic","Edge of Eternities","Hullcarver","","105","C","Near Mint","0.05","0.01","1.3200","0.0100","0","0","0.1500",""
"8825391","Magic","Edge of Eternities","Hylderblade","","106","U","Near Mint","0.10","0.04","1.3200","0.0100","0","0","0.1500",""
"8835999","Magic","Edge of Eternities","Hymn of the Faller","","107","U","Near Mint","0.14","","1.3200","0.0100","0","0","0.1500",""
"8840126","Magic","Edge of Eternities","Icecave Crasher","","191","C","Near Mint","0.03","0.01","1.3200","0.0100","0","0","0.1500",""
"8840131","Magic","Edge of Eternities","Icecave Crasher","","191","C","Near Mint Foil","0.02","0.01","1.3200","0.0100","0","0","0.1500",""
"8836119","Magic","Edge of Eternities","Icetill Explorer","","192","R","Near Mint","13.43","13.44","13.4900","12.5000","0","0","13.0100",""
"8812117","Magic","Edge of Eternities","Illvoi Galeblade","","58","C","Near Mint","0.05","","1.3200","0.0100","0","0","0.1500",""
"8812122","Magic","Edge of Eternities","Illvoi Galeblade","","58","C","Near Mint Foil","0.11","0.11","1.3300","0.0200","0","0","0.1500",""
"8838206","Magic","Edge of Eternities","Illvoi Infiltrator","","59","U","Near Mint","0.05","0.03","1.3200","0.0100","0","0","0.1500",""
"8838266","Magic","Edge of Eternities","Illvoi Light Jammer","","60","C","Near Mint","0.05","0.01","1.3200","0.0100","0","0","0.1500",""
"8838271","Magic","Edge of Eternities","Illvoi Light Jammer","","60","C","Near Mint Foil","0.04","0.04","1.3200","0.0100","0","0","0.1500",""
"8838326","Magic","Edge of Eternities","Illvoi Operative","","61","C","Near Mint","0.03","0.01","1.3200","0.0100","0","0","0.1500",""
"8838331","Magic","Edge of Eternities","Illvoi Operative","","61","C","Near Mint Foil","0.07","0.03","1.3200","0.0100","0","0","0.1500",""
"8805081","Magic","Edge of Eternities","Infinite Guideline Station","","219","R","Near Mint","0.21","0.15","1.4000","0.0900","0","0","0.1500",""
"8803255","Magic","Edge of Eternities","Insatiable Skittermaw","","108","C","Near Mint","0.05","0.01","1.3200","0.0100","0","0","0.1500",""
"8803260","Magic","Edge of Eternities","Insatiable Skittermaw","","108","C","Near Mint Foil","0.06","0.02","1.3200","0.0100","0","0","0.1500",""
"8839766","Magic","Edge of Eternities","Interceptor Mechan","","220","U","Near Mint","0.07","0.05","1.3200","0.0100","0","0","0.1500",""
"8839771","Magic","Edge of Eternities","Interceptor Mechan","","220","U","Near Mint Foil","0.14","0.08","1.3200","0.0100","0","0","0.1500",""
"8840366","Magic","Edge of Eternities","Intrepid Tenderfoot","","193","C","Near Mint","0.02","0.01","1.3200","0.0100","0","0","0.1500",""
"8840371","Magic","Edge of Eternities","Intrepid Tenderfoot","","193","C","Near Mint Foil","0.03","0.02","1.3200","0.0100","0","0","0.1500",""
"8830996","Magic","Edge of Eternities","Invasive Maneuvers","","137","U","Near Mint","0.03","0.01","1.3200","0.0100","0","0","0.1500",""
"8786438","Magic","Edge of Eternities","Island (0263) (Borderless)","","263","L","Near Mint","1.13","1.68","1.7900","0.4800","0","0","0.6100",""
"8806832","Magic","Edge of Eternities","Island (0269)","","269","L","Near Mint","0.09","0.07","1.3400","0.0300","0","0","0.1500",""
"8806837","Magic","Edge of Eternities","Island (0269)","","269","L","Near Mint Foil","0.19","","1.3600","0.0500","0","0","0.1500",""
"8806892","Magic","Edge of Eternities","Island (0270)","","270","L","Near Mint","0.07","0.06","1.3200","0.0100","0","0","0.1500",""
"8806897","Magic","Edge of Eternities","Island (0270)","","270","L","Near Mint Foil","0.15","","1.3200","0.0100","0","0","0.1500",""
"8801425","Magic","Edge of Eternities","Kav Landseeker","","138","C","Near Mint","0.01","0.01","1.3200","0.0100","0","0","0.1500",""
"8801455","Magic","Edge of Eternities","Kav Landseeker","","138","C","Near Mint Foil","0.04","0.02","1.3200","0.0100","0","0","0.1500",""
"8825636","Magic","Edge of Eternities","Kavaron Harrier","","139","U","Near Mint","0.05","0.04","1.3200","0.0100","0","0","0.1500",""
"8808950","Magic","Edge of Eternities","Kavaron, Memorial World","","255","M","Near Mint","0.80","1.03","1.9000","0.5900","0","0","0.6400",""
"8840726","Magic","Edge of Eternities","Kavaron Skywarden","","140","C","Near Mint","0.02","0.01","1.3200","0.0100","0","0","0.1500",""
"8840731","Magic","Edge of Eternities","Kavaron Skywarden","","140","C","Near Mint Foil","0.04","0.01","1.3200","0.0100","0","0","0.1500",""
"8840846","Magic","Edge of Eternities","Kavaron Turbodrone","","141","C","Near Mint","0.01","0.01","1.3200","0.0100","0","0","0.1500",""
"8840851","Magic","Edge of Eternities","Kavaron Turbodrone","","141","C","Near Mint Foil","0.08","0.04","1.3200","0.0100","0","0","0.1500",""
"8839826","Magic","Edge of Eternities","Knight Luminary","","23","C","Near Mint","0.02","0.01","1.3200","0.0100","0","0","0.1500",""
"8839831","Magic","Edge of Eternities","Knight Luminary","","23","C","Near Mint Foil","0.08","0.02","1.3200","0.0100","0","0","0.1500",""
"8836259","Magic","Edge of Eternities","Larval Scoutlander","","194","U","Near Mint","0.08","0.05","1.3200","0.0100","0","0","0.1500",""
"8836264","Magic","Edge of Eternities","Larval Scoutlander","","194","U","Near Mint Foil","0.22","0.20","1.3700","0.0600","0","0","0.1500",""
"8836319","Magic","Edge of Eternities","Lashwhip Predator","","195","U","Near Mint","0.04","0.04","1.3200","0.0100","0","0","0.1500",""
"8825452","Magic","Edge of Eternities","Lightless Evangel","","109","U","Near Mint","0.09","0.05","1.3200","0.0100","0","0","0.1500",""
"8839886","Magic","Edge of Eternities","Lightstall Inquisitor","","24","R","Near Mint","0.24","0.22","1.4400","0.0900","0","0","0.1500",""
"8839891","Magic","Edge of Eternities","Lightstall Inquisitor","","24","R","Near Mint Foil","0.55","0.54","1.6200","0.3100","0","0","0.3500",""
"8841146","Magic","Edge of Eternities","Lithobraking","","142","U","Near Mint","0.03","0.03","1.3200","0.0100","0","0","0.1500",""
"8840606","Magic","Edge of Eternities","Loading Zone","","196","R","Near Mint","1.73","0.66","1.9700","0.6600","0","0","1.0300",""
"8838386","Magic","Edge of Eternities","Lost In Space","","62","C","Near Mint","0.05","0.01","1.3200","0.0100","0","0","0.1500",""
"8838391","Magic","Edge of Eternities","Lost In Space","","62","C","Near Mint Foil","0.05","0.02","1.3200","0.0100","0","0","0.1500",""
"8826764","Magic","Edge of Eternities","Lumen-Class Frigate","","25","R","Near Mint","0.19","0.13","1.3600","0.0500","0","0","0.1500",""
"8840006","Magic","Edge of Eternities","Luxknight Breacher","","26","C","Near Mint","0.04","0.01","1.3200","0.0100","0","0","0.1500",""
"8840011","Magic","Edge of Eternities","Luxknight Breacher","","26","C","Near Mint Foil","0.08","0.06","1.3200","0.0100","0","0","0.1500",""
"8830471","Magic","Edge of Eternities","Mechan Assembler","","63","U","Near Mint","0.09","0.02","1.3500","0.0400","0","0","0.1500",""
"8830476","Magic","Edge of Eternities","Mechan Assembler","","63","U","Near Mint Foil","0.14","0.05","1.3500","0.0400","0","0","0.1500",""
"8835697","Magic","Edge of Eternities","Mechan Navigator","","64","U","Near Mint","0.10","","1.3200","0.0100","0","0","0.1500",""
"8835702","Magic","Edge of Eternities","Mechan Navigator","","64","U","Near Mint Foil","0.11","","1.3300","0.0200","0","0","0.1500",""
"8838446","Magic","Edge of Eternities","Mechan Shieldmate","","65","C","Near Mint","0.01","0.01","1.3200","0.0100","0","0","0.1500",""
"8801485","Magic","Edge of Eternities","Mechanozoa","","66","C","Near Mint","0.05","0.01","1.3200","0.0100","0","0","0.1500",""
"8801515","Magic","Edge of Eternities","Mechanozoa","","66","C","Near Mint Foil","0.07","0.04","1.3200","0.0100","0","0","0.1500",""
"8827684","Magic","Edge of Eternities","Melded Moxite","","143","C","Near Mint","0.03","0.01","1.3200","0.0100","0","0","0.1500",""
"8827689","Magic","Edge of Eternities","Melded Moxite","","143","C","Near Mint Foil","0.14","0.09","1.3200","0.0100","0","0","0.1500",""
"8831316","Magic","Edge of Eternities","Meltstrider Eulogist","","197","U","Near Mint","0.07","0.05","1.3200","0.0100","0","0","0.1500",""
"8831321","Magic","Edge of Eternities","Meltstrider Eulogist","","197","U","Near Mint Foil","0.17","0.11","1.3400","0.0300","0","0","0.1500",""
"8840966","Magic","Edge of Eternities","Meltstrider's Gear","","198","C","Near Mint","0.02","0.01","1.3200","0.0100","0","0","0.1500",""
"8840971","Magic","Edge of Eternities","Meltstrider's Gear","","198","C","Near Mint Foil","0.03","0.02","1.3200","0.0100","0","0","0.1500",""
"8841086","Magic","Edge of Eternities","Meltstrider's Resolve","","199","U","Near Mint","0.16","0.05","1.3400","0.0300","0","0","0.1500",""
"8841091","Magic","Edge of Eternities","Meltstrider's Resolve","","199","U","Near Mint Foil","0.21","0.16","1.3700","0.0600","0","0","0.1500",""
"8825707","Magic","Edge of Eternities","Memorial Team Leader","","144","U","Near Mint","0.06","0.01","1.3200","0.0100","0","0","0.1500",""
"8825712","Magic","Edge of Eternities","Memorial Team Leader","","144","U","Near Mint Foil","0.05","0.04","1.3300","0.0200","0","0","0.1500",""
"8841206","Magic","Edge of Eternities","Memorial Vault","","145","R","Near Mint","0.11","0.10","1.3400","0.0300","0","0","0.1500",""
"8841211","Magic","Edge of Eternities","Memorial Vault","","145","R","Near Mint Foil","0.23","0.12","1.3700","0.0600","0","0","0.1500",""
"8838506","Magic","Edge of Eternities","Mental Modulation","","67","C","Near Mint","0.05","0.01","1.3200","0.0100","0","0","0.1500",""
"8838511","Magic","Edge of Eternities","Mental Modulation","","67","C","Near Mint Foil","0.12","0.01","1.3200","0.0100","0","0","0.1500",""
"8825887","Magic","Edge of Eternities","Mightform Harmonizer","","200","R","Near Mint","1.27","1.27","1.9900","0.6800","0","0","0.8000",""
"8825947","Magic","Edge of Eternities","Mightform Harmonizer (Borderless)","","297","R","Near Mint","2.25","4.46","2.5300","1.2200","0","0","1.4300",""
"8825170","Magic","Edge of Eternities","Mm'menon, the Right Hand","","68","R","Near Mint","0.29","0.27","1.5100","0.2000","0","0","0.2300",""
"8840186","Magic","Edge of Eternities","Mm'menon, Uthros Exile","","221","U","Near Mint","0.14","0.06","1.3200","0.0100","0","0","0.1500",""
"8841326","Magic","Edge of Eternities","Molecular Modifier","","146","U","Near Mint","0.05","0.02","1.3200","0.0100","0","0","0.1500",""
"8825516","Magic","Edge of Eternities","Monoist Circuit-Feeder","","110","U","Near Mint","0.02","0.01","1.3200","0.0100","0","0","0.1500",""
"8825521","Magic","Edge of Eternities","Monoist Circuit-Feeder","","110","U","Near Mint Foil","0.04","0.03","1.3200","0.0100","0","0","0.1500",""
"8844765","Magic","Edge of Eternities","Monoist Sentry","","111","U","Near Mint","0.07","0.05","1.3200","0.0100","0","0","0.1500",""
"8830536","Magic","Edge of Eternities","Moonlit Meditation","","69","R","Near Mint","0.57","0.57","1.5200","0.2100","0","0","0.2900",""
"8786558","Magic","Edge of Eternities","Mountain (0265) (Borderless)","","265","L","Near Mint","1.07","1.10","2.0500","0.7400","0","0","0.8000",""
"8786563","Magic","Edge of Eternities","Mountain (0265) (Borderless)","","265","L","Near Mint Foil","1.32","1.65","1.9900","0.6800","0","0","0.8100",""
"8807072","Magic","Edge of Eternities","Mountain (0273)","","273","L","Near Mint","0.11","0.09","1.3400","0.0300","0","0","0.1500",""
"8807077","Magic","Edge of Eternities","Mountain (0273)","","273","L","Near Mint Foil","0.18","","1.3500","0.0400","0","0","0.1500",""
"8807132","Magic","Edge of Eternities","Mountain (0274)","","274","L","Near Mint","0.11","0.06","1.3600","0.0500","0","0","0.1500",""
"8807137","Magic","Edge of Eternities","Mountain (0274)","","274","L","Near Mint Foil","0.16","","1.3500","0.0400","0","0","0.1500",""
"8812057","Magic","Edge of Eternities","Mouth of the Storm","","70","U","Near Mint","0.05","0.03","1.3200","0.0100","0","0","0.1500",""
"8801545","Magic","Edge of Eternities","Mutinous Massacre","","222","R","Near Mint","0.18","0.16","1.4300","0.1200","0","0","0.1500",""
"8805987","Magic","Edge of Eternities","Mutinous Massacre (Borderless)","","314","R","Near Mint","0.62","0.25","1.5100","0.2000","0","0","0.2800",""
"8838566","Magic","Edge of Eternities","Nanoform Sentinel","","71","C","Near Mint","0.02","0.01","1.3200","0.0100","0","0","0.1500",""
"8838571","Magic","Edge of Eternities","Nanoform Sentinel","","71","C","Near Mint Foil","0.06","0.05","1.3200","0.0100","0","0","0.1500",""
"8841386","Magic","Edge of Eternities","Nebula Dragon","","147","C","Near Mint","0.07","0.01","1.3200","0.0100","0","0","0.1500",""
"8841391","Magic","Edge of Eternities","Nebula Dragon","","147","C","Near Mint Foil","0.06","0.04","1.3200","0.0100","0","0","0.1500",""
"8801605","Magic","Edge of Eternities","Nova Hellkite","","148","R","Near Mint","1.29","1.26","2.0000","0.6900","0","0","0.8100",""
"8801635","Magic","Edge of Eternities","Nova Hellkite","","148","R","Near Mint Foil","2.25","1.88","2.7600","1.4500","0","0","1.6200",""
"8804200","Magic","Edge of Eternities","Nova Hellkite (Borderless)","","309","R","Near Mint","2.58","1.55","2.8600","1.5500","0","0","1.7800",""
"8811937","Magic","Edge of Eternities","Nutrient Block","","243","C","Near Mint","0.05","","1.3200","0.0100","0","0","0.1500",""
"8811942","Magic","Edge of Eternities","Nutrient Block","","243","C","Near Mint Foil","0.18","0.19","1.4000","0.0900","0","0","0.1500",""
"8841446","Magic","Edge of Eternities","Orbital Plunge","","149","C","Near Mint","0.02","0.01","1.3200","0.0100","0","0","0.1500",""
"8841451","Magic","Edge of Eternities","Orbital Plunge","","149","C","Near Mint Foil","0.05","0.04","1.3200","0.0100","0","0","0.1500",""
"8841566","Magic","Edge of Eternities","Oreplate Pangolin","","150","C","Near Mint","0.02","0.01","1.3200","0.0100","0","0","0.1500",""
"8841571","Magic","Edge of Eternities","Oreplate Pangolin","","150","C","Near Mint Foil","0.09","0.04","1.3200","0.0100","0","0","0.1500",""
"8801665","Magic","Edge of Eternities","Ouroboroid","","201","M","Near Mint","22.16","20.99","22.6200","21.3700","0","0","22.8400",""
"8821788","Magic","Edge of Eternities","Pain for All","","151","R","Near Mint","0.60","0.58","1.7200","0.4100","0","0","0.4500",""
"8844905","Magic","Edge of Eternities","Perigee Beckoner","","112","C","Near Mint","0.07","","1.3200","0.0100","0","0","0.1500",""
"8844910","Magic","Edge of Eternities","Perigee Beckoner","","112","C","Near Mint Foil","0.11","0.10","1.3400","0.0300","0","0","0.1500",""
"8827134","Magic","Edge of Eternities","Pinnacle Emissary","","223","R","Near Mint","1.64","1.59","2.3000","0.9900","0","0","1.1300",""
"8838926","Magic","Edge of Eternities","Pinnacle Kill-Ship","","244","C","Near Mint","0.06","0.01","1.3200","0.0100","0","0","0.1500",""
"8838931","Magic","Edge of Eternities","Pinnacle Kill-Ship","","244","C","Near Mint Foil","0.08","0.08","1.3200","0.0100","0","0","0.1500",""
"8835397","Magic","Edge of Eternities","Pinnacle Starcage","","27","R","Near Mint","0.19","0.18","1.4100","0.1000","0","0","0.1500",""
"8786378","Magic","Edge of Eternities","Plains (0262) (Borderless)","","262","L","Near Mint","0.53","0.98","1.4500","0.1400","0","0","0.2200",""
"8786383","Magic","Edge of Eternities","Plains (0262) (Borderless)","","262","L","Near Mint Foil","0.78","0.82","1.7300","0.4200","0","0","0.4900",""
"8806712","Magic","Edge of Eternities","Plains (0267)","","267","L","Near Mint","0.04","","1.3300","0.0200","0","0","0.1500",""
"8806717","Magic","Edge of Eternities","Plains (0267)","","267","L","Near Mint Foil","0.10","","1.3500","0.0400","0","0","0.1500",""
"8806772","Magic","Edge of Eternities","Plains (0268)","","268","L","Near Mint","0.08","0.04","1.3200","0.0100","0","0","0.1500",""
"8806777","Magic","Edge of Eternities","Plains (0268)","","268","L","Near Mint Foil","0.16","0.10","1.3600","0.0500","0","0","0.1500",""
"8821908","Magic","Edge of Eternities","Plasma Bolt","","152","C","Near Mint","0.02","0.01","1.3200","0.0100","0","0","0.1500",""
"8821913","Magic","Edge of Eternities","Plasma Bolt","","152","C","Near Mint Foil","0.12","0.07","1.3200","0.0100","0","0","0.1500",""
"8822028","Magic","Edge of Eternities","Possibility Technician","","153","R","Near Mint","0.08","0.07","1.3200","0.0100","0","0","0.1500",""
"8822123","Magic","Edge of Eternities","Possibility Technician (Borderless)","","295","R","Near Mint Foil","0.35","0.37","1.4900","0.1800","0","0","0.1500",""
"8841506","Magic","Edge of Eternities","Pull Through the Weft","","202","U","Near Mint","0.08","0.05","1.3200","0.0100","0","0","0.1500",""
"8824821","Magic","Edge of Eternities","Pulsar Squadron Ace","","28","U","Near Mint","0.03","0.02","1.3200","0.0100","0","0","0.1500",""
"8824826","Magic","Edge of Eternities","Pulsar Squadron Ace","","28","U","Near Mint Foil","0.05","0.04","1.3200","0.0100","0","0","0.1500",""
"8801725","Magic","Edge of Eternities","Quantum Riddler","","72","M","Near Mint","32.35","24.99","24.9900","24.9900","0","0","27.1100",""
"8827384","Magic","Edge of Eternities","Radiant Strike","","29","C","Near Mint","0.04","0.01","1.3200","0.0100","0","0","0.1500",""
"8827389","Magic","Edge of Eternities","Radiant Strike","","29","C","Near Mint Foil","0.08","0.01","1.3200","0.0100","0","0","0.1500",""
"8801785","Magic","Edge of Eternities","Ragost, Deft Gastronaut","","224","R","Near Mint","0.36","0.34","1.5400","0.2300","0","0","0.2600",""
"8827444","Magic","Edge of Eternities","Rayblade Trooper","","30","U","Near Mint","0.04","0.04","1.3200","0.0100","0","0","0.1500",""
"8801845","Magic","Edge of Eternities","Red Tiger Mechan","","154","C","Near Mint","0.06","0.01","1.3200","0.0100","0","0","0.1500",""
"8801875","Magic","Edge of Eternities","Red Tiger Mechan","","154","C","Near Mint Foil","0.05","0.03","1.3200","0.0100","0","0","0.1500",""
"8822228","Magic","Edge of Eternities","Remnant Elemental","","155","U","Near Mint","0.03","0.02","1.3200","0.0100","0","0","0.1500",""
"8830936","Magic","Edge of Eternities","Requiem Monolith","","113","R","Near Mint","0.30","0.11","1.4500","0.1400","0","0","0.1700",""
"8840306","Magic","Edge of Eternities","Reroute Systems","","31","U","Near Mint","0.07","0.05","1.3300","0.0200","0","0","0.1500",""
"8840311","Magic","Edge of Eternities","Reroute Systems","","31","U","Near Mint Foil","0.17","0.11","1.3400","0.0300","0","0","0.1500",""
"8824881","Magic","Edge of Eternities","Rescue Skiff","","32","U","Near Mint","0.04","0.03","1.3200","0.0100","0","0","0.1500",""
"8824886","Magic","Edge of Eternities","Rescue Skiff","","32","U","Near Mint Foil","0.14","0.10","1.3400","0.0300","0","0","0.1500",""
"8841626","Magic","Edge of Eternities","Rig for War","","156","C","Near Mint","0.04","0.01","1.3200","0.0100","0","0","0.1500",""
"8841631","Magic","Edge of Eternities","Rig for War","","156","C","Near Mint Foil","0.03","0.01","1.3200","0.0100","0","0","0.1500",""
"8841686","Magic","Edge of Eternities","Roving Actuator","","157","U","Near Mint","0.07","","1.3200","0.0100","0","0","0.1500",""
"8841691","Magic","Edge of Eternities","Roving Actuator","","157","U","Near Mint Foil","0.09","","1.3200","0.0100","0","0","0.1500",""
"8814662","Magic","Edge of Eternities","Ruinous Rampage","","158","U","Near Mint","0.08","0.05","1.3200","0.0100","0","0","0.1500",""
"8801905","Magic","Edge of Eternities","Rust Harvester","","159","R","Near Mint","0.15","0.13","1.3600","0.0500","0","0","0.1500",""
"8786198","Magic","Edge of Eternities","Sacred Foundry","","256","R","Near Mint","7.00","6.56","6.9000","6.9000","0","0","7.0000",""
"8786203","Magic","Edge of Eternities","Sacred Foundry","","256","R","Near Mint Foil","7.86","7.90","7.7300","7.7300","0","0","7.7700",""
"8785758","Magic","Edge of Eternities","Sami, Ship's Engineer","","225","U","Near Mint","0.04","0.01","1.3200","0.0100","0","0","0.1500",""
"8785763","Magic","Edge of Eternities","Sami, Ship's Engineer","","225","U","Near Mint Foil","0.11","0.02","1.3200","0.0100","0","0","0.1500",""
"8805206","Magic","Edge of Eternities","Sami, Wildcat Captain","","226","M","Near Mint","1.25","1.31","2.2600","0.7700","0","0","1.0100",""
"8821098","Magic","Edge of Eternities","Sami's Curiosity","","203","C","Near Mint","0.03","0.01","1.3200","0.0100","0","0","0.1500",""
"8821103","Magic","Edge of Eternities","Sami's Curiosity","","203","C","Near Mint Foil","0.11","0.05","1.3200","0.0100","0","0","0.1500",""
"8838626","Magic","Edge of Eternities","Scour for Scrap","","73","U","Near Mint","0.24","0.19","1.4600","0.1500","0","0","0.1700",""
"8820388","Magic","Edge of Eternities","Scout for Survivors","","33","U","Near Mint","0.12","0.05","1.3400","0.0300","0","0","0.1500",""
"8820393","Magic","Edge of Eternities","Scout for Survivors","","33","U","Near Mint Foil","0.22","0.21","1.3500","0.0400","0","0","0.1500",""
"8843761","Magic","Edge of Eternities","Scrounge for Eternity","","114","U","Near Mint","0.08","0.07","1.3200","0.0100","0","0","0.1500",""
"8843766","Magic","Edge of Eternities","Scrounge for Eternity","","114","U","Near Mint Foil","0.12","0.09","1.3400","0.0300","0","0","0.1500",""
"8840486","Magic","Edge of Eternities","Seam Rip","","34","U","Near Mint","0.28","","1.4500","0.1400","0","0","0.1700",""
"8840491","Magic","Edge of Eternities","Seam Rip","","34","U","Near Mint Foil","1.85","2.42","1.4300","0.1200","0","0","0.4900",""
"8836479","Magic","Edge of Eternities","Secluded Starforge","","257","R","Near Mint","0.22","0.14","1.4700","0.1600","0","0","0.1600",""
"8836539","Magic","Edge of Eternities","Secluded Starforge (Borderless)","","316","R","Near Mint","0.76","0.92","1.8000","0.4900","0","0","0.5400",""
"8841746","Magic","Edge of Eternities","Seedship Agrarian","","204","U","Near Mint","0.09","0.05","1.3200","0.0100","0","0","0.1500",""
"8841751","Magic","Edge of Eternities","Seedship Agrarian","","204","U","Near Mint Foil","0.16","0.11","1.3600","0.0500","0","0","0.1500",""
"8840786","Magic","Edge of Eternities","Seedship Broodtender","","227","U","Near Mint","0.09","0.02","1.3200","0.0100","0","0","0.1500",""
"8804640","Magic","Edge of Eternities","Seedship Impact","","205","U","Near Mint","0.91","0.07","1.3300","0.0200","0","0","0.2000",""
"8838746","Magic","Edge of Eternities","Selfcraft Mechan","","74","C","Near Mint","0.05","0.01","1.3200","0.0100","0","0","0.1500",""
"8838751","Magic","Edge of Eternities","Selfcraft Mechan","","74","C","Near Mint Foil","0.06","0.02","1.3200","0.0100","0","0","0.1500",""
"8804700","Magic","Edge of Eternities","Shattered Wings","","206","C","Near Mint","0.06","0.01","1.3200","0.0100","0","0","0.1500",""
"8804705","Magic","Edge of Eternities","Shattered Wings","","206","C","Near Mint Foil","0.03","0.02","1.3200","0.0100","0","0","0.1500",""
"8805326","Magic","Edge of Eternities","Singularity Rupture","","228","R","Near Mint","0.55","0.55","1.5200","0.2100","0","0","0.2800",""
"8838806","Magic","Edge of Eternities","Sinister Cryologist","","75","C","Near Mint","0.03","0.01","1.3200","0.0100","0","0","0.1500",""
"8838811","Magic","Edge of Eternities","Sinister Cryologist","","75","C","Near Mint Foil","0.05","0.01","1.3200","0.0100","0","0","0.1500",""
"8841926","Magic","Edge of Eternities","Skystinger","","207","C","Near Mint","0.03","0.01","1.3200","0.0100","0","0","0.1500",""
"8841931","Magic","Edge of Eternities","Skystinger","","207","C","Near Mint Foil","0.04","0.02","1.3200","0.0100","0","0","0.1500",""
"8841806","Magic","Edge of Eternities","Slagdrill Scrapper","","160","C","Near Mint","0.02","0.01","1.3200","0.0100","0","0","0.1500",""
"8841811","Magic","Edge of Eternities","Slagdrill Scrapper","","160","C","Near Mint Foil","0.04","0.01","1.3200","0.0100","0","0","0.1500",""
"8836379","Magic","Edge of Eternities","Sledge-Class Seedship","","208","R","Near Mint","0.20","0.10","1.3400","0.0300","0","0","0.1500",""
"8785578","Magic","Edge of Eternities","Sothera, the Supervoid","","115","M","Near Mint","3.46","","3.5600","2.2500","0","0","3.0000",""
"8831556","Magic","Edge of Eternities","Space-Time Anomaly","","229","R","Near Mint","0.35","0.27","1.4600","0.1500","0","0","0.1900",""
"8831561","Magic","Edge of Eternities","Space-Time Anomaly","","229","R","Near Mint Foil","0.43","0.39","1.5200","0.2100","0","0","0.2500",""
"8831621","Magic","Edge of Eternities","Space-Time Anomaly (Borderless)","","315","R","Near Mint Foil","2.12","1.50","2.8100","1.5000","0","0","1.6200",""
"8820493","Magic","Edge of Eternities","Specimen Freighter","","76","U","Near Mint","0.02","0.02","1.3200","0.0100","0","0","0.1500",""
"8820498","Magic","Edge of Eternities","Specimen Freighter","","76","U","Near Mint Foil","0.10","0.08","1.3200","0.0100","0","0","0.1500",""
"8840666","Magic","Edge of Eternities","Squire's Lightblade","","36","C","Near Mint","0.08","0.01","1.3200","0.0100","0","0","0.1500",""
"8840671","Magic","Edge of Eternities","Squire's Lightblade","","36","C","Near Mint Foil","0.07","0.02","1.3300","0.0200","0","0","0.1500",""
"8801965","Magic","Edge of Eternities","Starbreach Whale","","77","C","Near Mint","0.04","0.01","1.3200","0.0100","0","0","0.1500",""
"8801995","Magic","Edge of Eternities","Starbreach Whale","","77","C","Near Mint Foil","0.12","0.03","1.3200","0.0100","0","0","0.1500",""
"8802025","Magic","Edge of Eternities","Starfield Shepherd","","37","U","Near Mint","0.12","","1.3700","0.0600","0","0","0.1500",""
"8802055","Magic","Edge of Eternities","Starfield Shepherd","","37","U","Near Mint Foil","0.77","1.90","1.5300","0.2200","0","0","0.3300",""
"8802085","Magic","Edge of Eternities","Starfield Vocalist","","78","R","Near Mint","1.24","1.43","2.1500","0.8400","0","0","1.0200",""
"8802145","Magic","Edge of Eternities","Starfighter Pilot","","38","C","Near Mint","0.02","0.01","1.3200","0.0100","0","0","0.1500",""
"8802175","Magic","Edge of Eternities","Starfighter Pilot","","38","C","Near Mint Foil","0.03","0.02","1.3200","0.0100","0","0","0.1500",""
"8847136","Magic","Edge of Eternities","Starport Security","","39","C","Near Mint","0.03","","1.3200","0.0100","0","0","0.1500",""
"8847141","Magic","Edge of Eternities","Starport Security","","39","C","Near Mint Foil","0.07","","1.3200","0.0100","0","0","0.1500",""
"8835757","Magic","Edge of Eternities","Starwinder","","79","R","Near Mint","0.72","0.68","1.6200","0.3100","0","0","0.4000",""
"8835762","Magic","Edge of Eternities","Starwinder","","79","R","Near Mint Foil","1.01","0.69","2.0000","0.6900","0","0","0.7500",""
"8826994","Magic","Edge of Eternities","Station Monitor","","230","U","Near Mint","0.07","","1.3200","0.0100","0","0","0.1500",""
"8826999","Magic","Edge of Eternities","Station Monitor","","230","U","Near Mint Foil","0.15","","1.3300","0.0200","0","0","0.1500",""
"8835939","Magic","Edge of Eternities","Steelswarm Operator","","80","U","Near Mint","0.09","","1.3200","0.0100","0","0","0.1500",""
"8835944","Magic","Edge of Eternities","Steelswarm Operator","","80","U","Near Mint Foil","0.17","","1.3500","0.0400","0","0","0.1500",""
"8786258","Magic","Edge of Eternities","Stomping Ground","","258","R","Near Mint","5.33","5.21","5.6400","5.6400","0","0","5.2800",""
"8803960","Magic","Edge of Eternities","Stomping Ground (Borderless)","","283","R","Near Mint","6.93","6.83","7.0300","5.5400","0","0","6.9100",""
"8803320","Magic","Edge of Eternities","Sunset Saboteur","","116","R","Near Mint","0.18","0.18","1.3400","0.0300","0","0","0.1500",""
"8824941","Magic","Edge of Eternities","Sunstar Chaplain","","40","R","Near Mint","0.12","0.07","1.3400","0.0300","0","0","0.1500",""
"8825044","Magic","Edge of Eternities","Sunstar Expansionist","","41","U","Near Mint","0.04","0.03","1.3200","0.0100","0","0","0.1500",""
"8825049","Magic","Edge of Eternities","Sunstar Expansionist","","41","U","Near Mint Foil","0.16","0.03","1.3300","0.0200","0","0","0.1500",""
"8840906","Magic","Edge of Eternities","Sunstar Lightsmith","","42","U","Near Mint","0.05","0.04","1.3200","0.0100","0","0","0.1500",""
"8821968","Magic","Edge of Eternities","Survey Mechan","","245","U","Near Mint","0.04","0.02","1.3200","0.0100","0","0","0.1500",""
"8821973","Magic","Edge of Eternities","Survey Mechan","","245","U","Near Mint Foil","0.11","0.05","1.3500","0.0400","0","0","0.1500",""
"8802205","Magic","Edge of Eternities","Susur Secundi, Void Altar","","259","M","Near Mint","4.56","4.56","5.0000","3.6900","0","0","4.1300",""
"8843861","Magic","Edge of Eternities","Susurian Dirgecraft","","117","U","Near Mint","0.03","0.03","1.3200","0.0100","0","0","0.1500",""
"8843866","Magic","Edge of Eternities","Susurian Dirgecraft","","117","U","Near Mint Foil","0.12","0.05","1.3300","0.0200","0","0","0.1500",""
"8843941","Magic","Edge of Eternities","Susurian Voidborn","","118","U","Near Mint","0.14","0.07","1.3900","0.0800","0","0","0.1500",""
"8786498","Magic","Edge of Eternities","Swamp (0264) (Borderless)","","264","L","Near Mint","0.83","1.00","1.7900","0.4800","0","0","0.5500",""
"8786503","Magic","Edge of Eternities","Swamp (0264) (Borderless)","","264","L","Near Mint Foil","1.43","1.44","2.1400","0.8300","0","0","0.9500",""
"8806952","Magic","Edge of Eternities","Swamp (0271)","","271","L","Near Mint","0.88","0.08","1.3500","0.0400","0","0","0.2100",""
"8806957","Magic","Edge of Eternities","Swamp (0271)","","271","L","Near Mint Foil","0.12","","1.3600","0.0500","0","0","0.1500",""
"8807012","Magic","Edge of Eternities","Swamp (0272)","","272","L","Near Mint","0.12","0.07","1.3200","0.0100","0","0","0.1500",""
"8807017","Magic","Edge of Eternities","Swamp (0272)","","272","L","Near Mint Foil","0.24","","1.3400","0.0300","0","0","0.1500",""
"8844081","Magic","Edge of Eternities","Swarm Culler","","119","C","Near Mint","0.01","0.01","1.3200","0.0100","0","0","0.1500",""
"8844086","Magic","Edge of Eternities","Swarm Culler","","119","C","Near Mint Foil","0.04","0.02","1.3200","0.0100","0","0","0.1500",""
"8827504","Magic","Edge of Eternities","Synthesizer Labship","","81","R","Near Mint","0.11","0.05","1.3400","0.0300","0","0","0.1500",""
"8824700","Magic","Edge of Eternities","Syr Vondam, Sunstar Exemplar","","231","R","Near Mint","0.40","0.39","1.5400","0.2300","0","0","0.2600",""
"8805386","Magic","Edge of Eternities","Syr Vondam, the Lucent","","232","U","Near Mint","0.09","0.03","1.3300","0.0200","0","0","0.1500",""
"8805391","Magic","Edge of Eternities","Syr Vondam, the Lucent","","232","U","Near Mint Foil","0.13","0.12","1.3300","0.0200","0","0","0.1500",""
"8841866","Magic","Edge of Eternities","Systems Override","","161","U","Near Mint","0.07","0.01","1.3200","0.0100","0","0","0.1500",""
"8785818","Magic","Edge of Eternities","Tannuk, Memorial Ensign","","233","U","Near Mint","0.30","0.20","1.5200","0.2100","0","0","0.2300",""
"8785823","Magic","Edge of Eternities","Tannuk, Memorial Ensign","","233","U","Near Mint Foil","1.45","1.50","1.6600","0.3500","0","0","0.5700",""
"8841986","Magic","Edge of Eternities","Tannuk, Steadfast Second","","162","M","Near Mint","2.67","2.49","3.5600","2.2500","0","0","2.3300",""
"8842346","Magic","Edge of Eternities","Tannuk, Steadfast Second (Borderless)","","296","M","Near Mint","5.29","5.34","5.2600","3.9500","0","0","5.2900",""
"8808718","Magic","Edge of Eternities","Tapestry Warden","","209","U","Near Mint","0.07","0.01","1.3200","0.0100","0","0","0.1500",""
"8803380","Magic","Edge of Eternities","Temporal Intervention","","120","C","Near Mint","0.04","0.01","1.3200","0.0100","0","0","0.1500",""
"8803385","Magic","Edge of Eternities","Temporal Intervention","","120","C","Near Mint Foil","0.08","0.05","1.3200","0.0100","0","0","0.1500",""
"8846376","Magic","Edge of Eternities","Terminal Velocity","","163","R","Near Mint","0.14","0.09","1.3300","0.0200","0","0","0.1500",""
"8846381","Magic","Edge of Eternities","Terminal Velocity","","163","R","Near Mint Foil","0.22","0.15","1.4100","0.1000","0","0","0.1500",""
"8842106","Magic","Edge of Eternities","Terrapact Intimidator","","164","U","Near Mint","0.09","0.05","1.3200","0.0100","0","0","0.1500",""
"8842111","Magic","Edge of Eternities","Terrapact Intimidator","","164","U","Near Mint Foil","0.13","0.04","1.3400","0.0300","0","0","0.1500",""
"8802265","Magic","Edge of Eternities","Terrasymbiosis","","210","R","Near Mint","4.56","4.56","5.0000","5.0000","0","0","5.0000",""
"8802295","Magic","Edge of Eternities","Terrasymbiosis","","210","R","Near Mint Foil","4.99","5.75","5.2700","5.2700","0","0","5.1800",""
"8842166","Magic","Edge of Eternities","Territorial Bruntar","","165","U","Near Mint","0.05","0.02","1.3200","0.0100","0","0","0.1500",""
"8785963","Magic","Edge of Eternities","Tezzeret, Cruel Captain","","2","M","Near Mint Foil","23.69","25.32","18.2500","18.2500","0","0","21.9800",""
"8786018","Magic","Edge of Eternities","Tezzeret, Cruel Captain (Borderless)","","287","M","Near Mint","35.98","35.91","35.0000","35.0000","0","0","35.2400",""
"8839166","Magic","Edge of Eternities","Thaumaton Torpedo","","246","C","Near Mint","0.03","0.01","1.3200","0.0100","0","0","0.1500",""
"8839171","Magic","Edge of Eternities","Thaumaton Torpedo","","246","C","Near Mint Foil","0.03","0.01","1.3200","0.0100","0","0","0.1500",""
"8842046","Magic","Edge of Eternities","Thawbringer","","211","C","Near Mint","0.02","0.01","1.3200","0.0100","0","0","0.1500",""
"8842051","Magic","Edge of Eternities","Thawbringer","","211","C","Near Mint Foil","0.04","0.02","1.3200","0.0100","0","0","0.1500",""
"8821458","Magic","Edge of Eternities","The Dominion Bracelet","","239","M","Near Mint","0.41","0.35","1.5600","0.2500","0","0","0.2800",""
"8802325","Magic","Edge of Eternities","The Endstone","","240","M","Near Mint","3.69","3.59","4.0900","2.6000","0","0","3.1600",""
"8802385","Magic","Edge of Eternities","The Eternity Elevator","","241","R","Near Mint","1.76","2.09","2.2900","0.9800","0","0","1.1300",""
"8808252","Magic","Edge of Eternities","The Eternity Elevator (Extended Art)","","354","R","Near Mint","3.74","3.81","3.9900","2.6800","0","0","3.1200",""
"8785478","Magic","Edge of Eternities","The Seriema","","35","R","Near Mint","0.85","0.85","1.7100","0.3700","0","0","0.5000",""
"8802445","Magic","Edge of Eternities","Thrumming Hivepool","","247","R","Near Mint","1.13","1.06","2.2000","0.8600","0","0","0.9100",""
"8802475","Magic","Edge of Eternities","Thrumming Hivepool","","247","R","Near Mint Foil","1.68","1.78","2.2100","0.9000","0","0","1.0800",""
"8803440","Magic","Edge of Eternities","Timeline Culler","","121","U","Near Mint","0.23","0.24","1.4600","0.1500","0","0","0.1600",""
"8803445","Magic","Edge of Eternities","Timeline Culler","","121","U","Near Mint Foil","1.70","2.21","1.6800","0.3700","0","0","0.6400",""
"8830636","Magic","Edge of Eternities","Tractor Beam","","82","U","Near Mint","0.04","0.02","1.3200","0.0100","0","0","0.1500",""
"8802505","Magic","Edge of Eternities","Tragic Trajectory","","122","U","Near Mint","0.16","0.09","1.3800","0.0700","0","0","0.1500",""
"8802535","Magic","Edge of Eternities","Tragic Trajectory","","122","U","Near Mint Foil","1.72","1.02","1.5600","0.2500","0","0","0.5400",""
"8811832","Magic","Edge of Eternities","Umbral Collar Zealot","","123","U","Near Mint","0.58","0.46","1.7900","0.4800","0","0","0.5000",""
"8802955","Magic","Edge of Eternities","Unravel","","83","U","Near Mint","0.05","0.01","1.3200","0.0100","0","0","0.1500",""
"8827624","Magic","Edge of Eternities","Uthros Psionicist","","84","U","Near Mint","0.08","0.05","1.3300","0.0200","0","0","0.1500",""
"8827629","Magic","Edge of Eternities","Uthros Psionicist","","84","U","Near Mint Foil","0.27","0.11","1.3500","0.0400","0","0","0.1500",""
"8826929","Magic","Edge of Eternities","Uthros Scanship","","85","U","Near Mint","0.03","0.02","1.3200","0.0100","0","0","0.1500",""
"8826934","Magic","Edge of Eternities","Uthros Scanship","","85","U","Near Mint Foil","0.12","0.04","1.3300","0.0200","0","0","0.1500",""
"8802565","Magic","Edge of Eternities","Uthros, Titanic Godcore","","260","M","Near Mint","11.47","11.32","11.4900","11.4900","0","0","11.4900",""
"8842226","Magic","Edge of Eternities","Vaultguard Trooper","","166","U","Near Mint","0.04","0.02","1.3200","0.0100","0","0","0.1500",""
"8842231","Magic","Edge of Eternities","Vaultguard Trooper","","166","U","Near Mint Foil","0.06","0.03","1.3200","0.0100","0","0","0.1500",""
"8808092","Magic","Edge of Eternities","Virulent Silencer","","248","U","Near Mint","0.09","0.06","1.3700","0.0600","0","0","0.1500",""
"8808097","Magic","Edge of Eternities","Virulent Silencer","","248","U","Near Mint Foil","0.34","0.34","1.4500","0.1400","0","0","0.1800",""
"8821563","Magic","Edge of Eternities","Virus Beetle","","124","C","Near Mint","0.03","0.01","1.3200","0.0100","0","0","0.1500",""
"8821568","Magic","Edge of Eternities","Virus Beetle","","124","C","Near Mint Foil","0.11","0.07","1.3200","0.0100","0","0","0.1500",""
"8803560","Magic","Edge of Eternities","Voidforged Titan","","125","U","Near Mint","0.03","0.03","1.3200","0.0100","0","0","0.1500",""
"8803565","Magic","Edge of Eternities","Voidforged Titan","","125","U","Near Mint Foil","0.08","0.04","1.3300","0.0200","0","0","0.1500",""
"8844281","Magic","Edge of Eternities","Vote Out","","126","U","Near Mint","0.06","0.01","1.3200","0.0100","0","0","0.1500",""
"8844286","Magic","Edge of Eternities","Vote Out","","126","U","Near Mint Foil","0.12","0.04","1.3300","0.0200","0","0","0.1500",""
"8814722","Magic","Edge of Eternities","Warmaker Gunship","","167","R","Near Mint","0.10","0.05","1.3200","0.0100","0","0","0.1500",""
"8814727","Magic","Edge of Eternities","Warmaker Gunship","","167","R","Near Mint Foil","0.22","0.14","1.3800","0.0700","0","0","0.1500",""
"8786318","Magic","Edge of Eternities","Watery Grave","","261","R","Near Mint","7.29","7.45","7.4700","7.4700","0","0","7.3300",""
"8804080","Magic","Edge of Eternities","Weapons Manufacturing","","168","R","Near Mint","1.92","2.03","2.7900","1.3000","0","0","1.5600",""
"8804085","Magic","Edge of Eternities","Weapons Manufacturing","","168","R","Near Mint Foil","2.65","1.79","3.1000","1.7900","0","0","1.9600",""
"8830251","Magic","Edge of Eternities","Wedgelight Rammer","","43","U","Near Mint","0.04","0.03","1.3200","0.0100","0","0","0.1500",""
"8830256","Magic","Edge of Eternities","Wedgelight Rammer","","43","U","Near Mint Foil","0.06","0.06","1.3300","0.0200","0","0","0.1500",""
"8841026","Magic","Edge of Eternities","Weftblade Enhancer","","44","C","Near Mint","0.04","0.01","1.3200","0.0100","0","0","0.1500",""
"8841031","Magic","Edge of Eternities","Weftblade Enhancer","","44","C","Near Mint Foil","0.07","0.02","1.3200","0.0100","0","0","0.1500",""
"8804140","Magic","Edge of Eternities","Weftstalker Ardent","","169","U","Near Mint","1.33","1.48","2.2100","0.9000","0","0","0.9800",""
"8804145","Magic","Edge of Eternities","Weftstalker Ardent","","169","U","Near Mint Foil","4.08","3.35","3.5100","2.2000","0","0","3.1600",""
"8825291","Magic","Edge of Eternities","Weftwalking","","86","M","Near Mint","0.31","0.24","1.4400","0.1300","0","0","0.1700",""
"8808152","Magic","Edge of Eternities","Wurmwall Sweeper","","249","C","Near Mint","0.03","0.01","1.3200","0.0100","0","0","0.1500",""
"8808157","Magic","Edge of Eternities","Wurmwall Sweeper","","249","C","Near Mint Foil","0.05","0.04","1.3200","0.0100","0","0","0.1500",""
"8831056","Magic","Edge of Eternities","Xu-Ifit, Osteoharmonist","","127","R","Near Mint","0.26","0.17","1.3700","0.0600","0","0","0.1500",""
"8841266","Magic","Edge of Eternities","Zealous Display","","45","C","Near Mint","0.03","0.01","1.3200","0.0100","0","0","0.1500",""
"8844342","Magic","Edge of Eternities","Zero Point Ballad","","128","R","Near Mint","0.28","0.25","1.4100","0.1000","0","0","0.1500",""
"8844347","Magic","Edge of Eternities","Zero Point Ballad","","128","R","Near Mint Foil","0.49","0.48","1.5700","0.2600","0","0","0.3100",""
"8842286","Magic","Edge of Eternities","Zookeeper Mechan","","170","C","Near Mint","0.06","0.01","1.3200","0.0100","0","0","0.1500",""
"8842291","Magic","Edge of Eternities","Zookeeper Mechan","","170","C","Near Mint Foil","0.15","0.14","1.3500","0.0400","0","0","0.1500",""
"8827864","Magic","Edge of Eternities: Stellar Sights","Ancient Tomb (0001) (Borderless)","","1","M","Near Mint","85.49","85.00","84.9800","82.9900","0","0","84.5000",""
"8806147","Magic","Edge of Eternities: Stellar Sights","Blinkmoth Nexus (0003) (Borderless)","","3","R","Near Mint","1.11","1.17","1.8100","0.5000","0","0","0.6300",""
"8817022","Magic","Edge of Eternities: Stellar Sights","Bonders' Enclave (0004) (Borderless)","","4","R","Near Mint","0.65","1.09","1.6300","0.3200","0","0","0.3900",""
"8845826","Magic","Edge of Eternities: Stellar Sights","Cascading Cataracts (0005) (Borderless)","","5","R","Near Mint","2.23","4.92","2.0600","0.7500","0","0","1.0200",""
"8831716","Magic","Edge of Eternities: Stellar Sights","Cathedral of War (0006) (Borderless)","","6","R","Near Mint","0.69","1.99","1.5500","0.2400","0","0","0.3200",""
"8845886","Magic","Edge of Eternities: Stellar Sights","Contested War Zone (0008) (Borderless)","","8","R","Near Mint","0.27","0.34","1.3500","0.0400","0","0","0.1500",""
"8831776","Magic","Edge of Eternities: Stellar Sights","Creeping Tar Pit (0009) (Borderless)","","9","R","Near Mint","0.80","0.81","1.6600","0.3500","0","0","0.4300",""
"8828144","Magic","Edge of Eternities: Stellar Sights","Dust Bowl (0012) (Borderless)","","12","M","Near Mint","1.85","3.97","2.4600","1.1500","0","0","1.2900",""
"8806267","Magic","Edge of Eternities: Stellar Sights","Eldrazi Temple (0014) (Borderless)","","14","R","Near Mint","3.19","3.14","3.2600","1.9500","0","0","2.6100",""
"8846776","Magic","Edge of Eternities: Stellar Sights","Endless Sands (0060) (Borderless)","","60","R","Near Mint","0.93","1.70","1.7700","0.4600","0","0","0.5500",""
"8805021","Magic","Edge of Eternities: Stellar Sights","Gemstone Caverns (0016) (Borderless)","","16","M","Near Mint","38.56","39.33","37.9100","36.4200","0","0","37.0600",""
"8831896","Magic","Edge of Eternities: Stellar Sights","Grove of the Burnwillows (0017) (Borderless)","","17","M","Near Mint","4.95","4.40","4.9900","3.5000","0","0","4.2200",""
"8831956","Magic","Edge of Eternities: Stellar Sights","Hissing Quagmire (0019) (Borderless)","","19","R","Near Mint","0.44","0.54","1.5300","0.2200","0","0","0.2600",""
"8832136","Magic","Edge of Eternities: Stellar Sights","Lumbering Falls (0024) (Borderless)","","24","R","Near Mint","0.39","0.39","1.5100","0.2000","0","0","0.2300",""
"8828424","Magic","Edge of Eternities: Stellar Sights","Meteor Crater (0026) (Borderless)","","26","R","Near Mint","1.09","1.25","1.7900","0.4800","0","0","0.6000",""
"8832226","Magic","Edge of Eternities: Stellar Sights","Mirrorpool (0027) (Borderless)","","27","M","Near Mint Foil","7.86","8.88","8.0600","8.0600","0","0","7.4600",""
"8786798","Magic","Edge of Eternities: Stellar Sights","Mutavault (0028) (Borderless)","","28","M","Near Mint","3.89","4.01","4.3100","3.0000","0","0","3.4500",""
"8828574","Magic","Edge of Eternities: Stellar Sights","Mystifying Maze (0029) (Borderless)","","29","R","Near Mint","0.54","0.63","1.5000","0.1900","0","0","0.2600",""
"8832256","Magic","Edge of Eternities: Stellar Sights","Needle Spires (0030) (Borderless)","","30","R","Near Mint","0.45","0.47","1.5100","0.2000","0","0","0.2500",""
"8832316","Magic","Edge of Eternities: Stellar Sights","Raging Ravine (0035) (Borderless)","","35","R","Near Mint","0.50","0.62","1.5400","0.2300","0","0","0.2900",""
"8846186","Magic","Edge of Eternities: Stellar Sights","Scavenger Grounds (0037) (Borderless)","","37","R","Near Mint","0.73","1.97","1.5600","0.2500","0","0","0.3300",""
"8832376","Magic","Edge of Eternities: Stellar Sights","Shambling Vent (0038) (Borderless)","","38","R","Near Mint","0.53","0.52","1.5300","0.2200","0","0","0.2800",""
"8832436","Magic","Edge of Eternities: Stellar Sights","Stirring Wildwood (0039) (Borderless)","","39","R","Near Mint","0.45","0.42","1.5100","0.2000","0","0","0.2400",""
"8833036","Magic","Edge of Eternities: Stellar Sights","Stirring Wildwood (0084) (Borderless)","","84","R","Near Mint","1.22","1.22","2.2900","0.8000","0","0","0.8800",""
"8826127","Magic","Edge of Eternities: Stellar Sights","Sunken Citadel (0041) (Borderless)","","41","R","Near Mint","0.55","0.58","1.5600","0.2500","0","0","0.3100",""
"8828999","Magic","Edge of Eternities: Stellar Sights","Swarmyard (0042) (Borderless)","","42","R","Near Mint","3.85","5.97","3.4500","2.1400","0","0","2.9600",""
"8829144","Magic","Edge of Eternities: Stellar Sights","Terrain Generator (0043) (Borderless)","","43","R","Near Mint","1.32","3.84","2.1000","0.7900","0","0","0.8900",""
"8806392","Magic","Edge of Eternities: Stellar Sights","Thespian's Stage (0044) (Borderless)","","44","R","Near Mint Foil","1.41","3.66","2.3000","0.9900","0","0","1.0700",""
"8832496","Magic","Edge of Eternities: Stellar Sights","Wandering Fumarole (0045) (Borderless)","","45","R","Near Mint","0.46","0.43","1.5300","0.2200","0","0","0.2600",""
"8832526","Magic","Edge of Eternities: Stellar Sights","Wandering Fumarole (0045) (Borderless)","","45","R","Near Mint Foil","0.98","1.49","1.9600","0.6500","0","0","0.7200",""
"3158611","Magic","Eldritch Moon","Collective Effort","","17","R","Near Mint","0.26","","1.4400","0.1300","0","0","0.1600",""
"3158651","Magic","Eldritch Moon","Crop Sigil","","153","U","Near Mint","0.22","","1.4100","0.1000","1","0","0.1500",""
"3157699","Magic","Eldritch Moon","Cryptbreaker","","86","R","Near Mint","1.12","4.91","1.9700","0.6600","0","0","0.7500",""
"3154986","Magic","Eldritch Moon","Docent of Perfection","","56","R","Near Mint","0.76","","1.6100","0.3000","0","0","0.3900",""
"3157404","Magic","Eldritch Moon","Eternal Scourge","","7","R","Near Mint","1.84","2.88","2.0600","0.7500","0","0","0.9700",""
"3158941","Magic","Eldritch Moon","Impetuous Devils","","132","R","Near Mint","0.18","","1.4500","0.1400","0","0","0.1500",""
"3157112","Magic","Eldritch Moon","Kessig Prowler","","163","U","Near Mint","0.13","","1.3900","0.0800","1","0","0.1500",""
"3154605","Magic","Eldritch Moon","Long Road Home","","34","U","Near Mint","0.16","","1.4200","0.1100","0","0","0.1500",""
"3156967","Magic","Eldritch Moon","Lupine Prototype","","197","R","Near Mint","0.34","","1.4100","0.1000","1","0","0.1500",""
"3157944","Magic","Eldritch Moon","Nahiri's Wrath","","137","M","Near Mint","0.28","0.36","1.5400","0.2300","4","0","0.2400",""
"3157809","Magic","Eldritch Moon","Nephalia Academy","","205","U","Near Mint","0.16","","1.3700","0.0600","0","0","0.1500",""
"3157849","Magic","Eldritch Moon","Providence","","37","R","Near Mint","0.20","","1.3400","0.0300","0","0","0.1500",""
"3157964","Magic","Eldritch Moon","Selfless Spirit","","40","R","Near Mint","1.56","2.97","2.0500","0.7400","0","0","0.9000",""
"3159201","Magic","Eldritch Moon","Sigarda's Aid","","41","R","Near Mint","15.23","15.39","15.2300","15.2300","0","0","15.3900",""
"3157122","Magic","Eldritch Moon","Smoldering Werewolf","","142","U","Near Mint","0.11","","1.3500","0.0400","1","0","0.1500",""
"3157633","Magic","Eldritch Moon","Soul Separator","","199","R","Near Mint","0.13","","1.3600","0.0500","0","0","0.1500",""
"3159261","Magic","Eldritch Moon","Splendid Reclamation","","171","R","Near Mint","0.94","","2.0000","0.6900","1","0","0.7400",""
"3159262","Magic","Eldritch Moon","Splendid Reclamation","","171","R","Lightly Played","0.84","","1.9800","0.6700","0","0","0.7000",""
"3159371","Magic","Eldritch Moon","Tangleclaw Werewolf","","174","U","Near Mint","0.13","","1.3200","0.0100","2","0","0.1500",""
"3154665","Magic","Eldritch Moon","Thalia, Heretic Cathar","","46","R","Near Mint","0.79","","2.0500","0.7400","0","0","0.7500",""
"3156619","Magic","Eldritch Moon","Tree of Perdition","","109","M","Near Mint","10.50","12.49","10.4700","9.1600","0","0","9.8600",""
"3157444","Magic","Eldritch Moon","Wharf Infiltrator","","80","R","Near Mint","0.30","","1.5400","0.2300","0","0","0.2400",""
"3146932","Magic","Eternal Masters","Arcanis the Omnipotent","","39","R","Near Mint","0.56","0.49","1.5900","0.2800","2","0","0.3400",""
"3144762","Magic","Eternal Masters","Ashnod's Altar","","218","U","Near Mint","8.25","","9.6600","8.6700","0","0","8.6700",""
"3146602","Magic","Eternal Masters","Commune with the Gods","","162","C","Near Mint","0.11","","1.3900","0.0800","2","0","0.1500",""
"3147002","Magic","Eternal Masters","Glacial Wall","","53","C","Near Mint","0.24","0.25","1.5100","0.2000","0","0","0.2100",""
"3144972","Magic","Eternal Masters","Isochron Scepter","","223","R","Near Mint","15.95","","16.6100","15.3100","0","0","15.6300",""
"3145942","Magic","Eternal Masters","Jareth, Leonine Titan","","16","R","Near Mint","0.54","","1.7900","0.4800","0","0","0.5000",""
"3147382","Magic","Eternal Masters","Malicious Affliction","","96","R","Near Mint","1.43","","2.6300","1.3200","0","0","1.3400",""
"3144512","Magic","Eternal Masters","Maze of Ith","","241","R","Near Mint","7.73","","8.0000","6.6900","0","0","7.2100",""
"3147452","Magic","Eternal Masters","Mogg War Marshal","","139","C","Near Mint","0.16","","1.4300","0.1200","1","0","0.1500",""
"3144792","Magic","Eternal Masters","Mystical Tutor","","62","R","Near Mint","13.02","","13.1800","13.1800","0","0","13.1800",""
"3146492","Magic","Eternal Masters","Nature's Claim","","178","C","Near Mint","0.87","0.92","2.0100","0.7000","5","0","0.7400",""
"3146493","Magic","Eternal Masters","Nature's Claim","","178","C","Lightly Played","0.80","","2.0100","0.7000","0","0","0.7200",""
"3146432","Magic","Eternal Masters","Silvos, Rogue Elemental","","186","R","Near Mint","0.37","","1.5600","0.2500","0","0","0.2700",""
"3144862","Magic","Eternal Masters","Vindicate","","210","R","Near Mint","1.49","","2.5600","1.2500","0","0","1.3000",""
"3146202","Magic","Eternal Masters","Wall of Omens","","34","U","Near Mint","0.19","","1.4800","0.1700","1","0","0.1700",""
"3147192","Magic","Eternal Masters","Wonder","","77","U","Near Mint","1.59","","2.8000","1.4900","0","0","1.3600",""
"3147193","Magic","Eternal Masters","Wonder","","77","U","Lightly Played","1.71","","2.8800","1.5700","0","0","1.6000",""
"182809","Magic","Eventide","Cauldron Haze","","84","U","Near Mint","5.66","8.98","5.2900","5.2900","0","0","5.4700",""
"182763","Magic","Eventide","Hallowed Burial","","7","R","Near Mint","0.92","","1.9800","0.6700","0","0","0.7200",""
"182724","Magic","Eventide","Restless Apparition","","94","U","Near Mint","0.20","","1.4100","0.1000","1","0","0.1500",""
"378056","Magic","Eventide","Stigma Lasher","","62","R","Lightly Played","1.72","","2.5600","1.2500","1","0","1.3400",""
"378077","Magic","Eventide","Ward of Bones","","174","R","Lightly Played","17.45","17.99","17.0400","17.0400","1","0","17.2400",""
"367143","Magic","Exodus","Cataclysm","","3","R","Lightly Played","8.14","12.00","7.9600","7.9600","0","0","8.0500",""
"18246","Magic","Exodus","Merfolk Looter","","39","C","Near Mint","0.22","0.15","1.4500","0.1400","0","0","0.1600",""
"18274","Magic","Exodus","Price of Progress","","95","U","Near Mint","6.17","","6.9400","4.9500","0","0","5.9500",""
"3528733","Magic","Explorers of Ixalan","Aggravated Assault","","25","R","Near Mint","13.30","","12.8300","11.5200","0","0","12.4100",""
"3528734","Magic","Explorers of Ixalan","Aggravated Assault","","25","R","Lightly Played","13.17","","12.7500","11.7600","0","0","12.4700",""
"3528703","Magic","Explorers of Ixalan","Merfolk Sovereign","","10","R","Near Mint","0.43","","1.5500","0.2400","1","0","0.2800",""
"3542411","Magic","Explorers of Ixalan","Tainted Field","","47","U","Near Mint","0.20","0.19","1.4800","0.1700","1","0","0.1800",""
"1278352","Magic","Fate Reforged","Abzan Beastmaster","","119","U","Near Mint","0.19","","1.4200","0.1100","0","0","0.1500",""
"1277517","Magic","Fate Reforged","Archfiend of Depravity","","62","R","Near Mint","1.14","1.61","2.0600","0.7500","0","0","0.8300",""
"1277738","Magic","Fate Reforged","Citadel Siege","","8","R","Near Mint","0.24","","1.4900","0.1800","0","0","0.1900",""
"1278674","Magic","Fate Reforged","Dark Deal","","66","U","Near Mint","6.17","9.87","4.2900","2.9800","0","0","4.5800",""
"1278755","Magic","Fate Reforged","Merciless Executioner","","76","U","Near Mint","0.48","0.69","1.4800","0.1700","0","0","0.2300",""
"1277965","Magic","Fate Reforged","Reality Shift","","46","U","Lightly Played Foil","1.27","","2.3000","0.9900","0","0","1.0500",""
"1277487","Magic","Fate Reforged","Sage-Eye Avengers","","50","R","Near Mint","0.10","","1.3600","0.0500","1","0","0.1500",""
"1277748","Magic","Fate Reforged","Supplant Form","","54","R","Near Mint","0.63","0.87","1.7900","0.4800","0","0","0.5100",""
"1277999","Magic","Fate Reforged","Tasigur, the Golden Fang","","87","R","Near Mint","0.23","0.24","1.4100","0.1000","1","0","0.1500",""
"1278129","Magic","Fate Reforged","Wildcall","","146","R","Near Mint","0.16","","1.3900","0.0800","0","0","0.1500",""
"23860","Magic","Fifth Dawn","Clock of Omens","","110","U","Near Mint","5.77","6.92","5.3300","5.3300","0","0","5.5500",""
"23913","Magic","Fifth Dawn","Devour in Shadow","","46","U","Near Mint","0.18","","1.4300","0.1200","1","0","0.1500",""
"23881","Magic","Fifth Dawn","Krark-Clan Ironworks","","134","U","Near Mint","24.90","32.86","22.9900","21.1400","0","0","22.3100",""
"23921","Magic","Fifth Dawn","Night's Whisper","","55","U","Near Mint","1.85","2.09","2.3100","1.0000","1","0","1.1700",""
"23889","Magic","Fifth Dawn","Paradise Mantle","","142","U","Near Mint","9.12","","9.9800","9.9800","0","0","9.9900",""
"23840","Magic","Fifth Dawn","Serum Visions","","36","C","Near Mint","0.62","","1.8100","0.5000","0","0","0.5200",""
"23896","Magic","Fifth Dawn","Silent Arbiter","","150","R","Near Mint","8.63","","9.8200","9.8200","1","0","9.8200",""
"365089","Magic","Fifth Edition","Animate Dead","","","U","Lightly Played","6.25","","7.1900","7.1900","0","0","6.1000",""
"16145","Magic","Fifth Edition","Ankh of Mishra","","","R","Near Mint","7.20","","6.9800","4.9900","0","0","6.1000",""
"16198","Magic","Fifth Edition","City of Brass","","","R","Near Mint","18.36","","17.9900","17.0000","0","0","17.6800",""
"16265","Magic","Fifth Edition","Fellwar Stone","","","U","Near Mint","2.05","","3.2600","1.9500","0","0","1.9700",""
"16346","Magic","Fifth Edition","Jester's Cap","","","R","Near Mint","1.83","","3.1400","1.8300","0","0","1.8300",""
"365346","Magic","Fifth Edition","Nature's Lore","","","C","Lightly Played","1.81","","2.9400","1.6300","0","0","1.6700",""
"16433","Magic","Fifth Edition","Pox","","","R","Near Mint","5.56","","5.5200","5.5200","1","0","5.5200",""
"349743","Magic","Fifth Edition","Winter Orb","","","R","Heavily Played","7.53","","7.1300","7.1300","0","0","7.3300",""
"8691970","Magic","FINAL FANTASY","Aerith Gainsborough","","4","R","Near Mint","2.45","2.45","2.7700","1.4600","0","0","1.6700",""
"8691975","Magic","FINAL FANTASY","Aerith Gainsborough","","4","R","Near Mint Foil","3.47","4.25","3.9300","2.6200","0","0","3.0700",""
"8692120","Magic","FINAL FANTASY","Aerith Gainsborough (Extended Art)","","423","R","Near Mint","5.17","4.82","4.8000","3.4900","0","0","4.3300",""
"8732791","Magic","FINAL FANTASY","Ancient Adamantoise","","172","M","Near Mint","3.60","5.99","3.6900","2.3800","0","0","2.9600",""
"8741910","Magic","FINAL FANTASY","Balamb Garden, SeeD Academy","","272","R","Near Mint","0.38","0.25","1.4500","0.1400","0","0","0.2000",""
"8741980","Magic","FINAL FANTASY","Balamb Garden, SeeD Academy (Borderless)","","354","R","Near Mint Foil","1.45","2.18","2.1400","0.8300","0","0","0.9500",""
"8697730","Magic","FINAL FANTASY","Balthier and Fran","","213","R","Near Mint","0.22","0.07","1.4000","0.0900","0","0","0.1500",""
"8691655","Magic","FINAL FANTASY","Bartz and Boko","","175","R","Near Mint","0.39","0.39","1.5200","0.1300","0","0","0.2500",""
"8725475","Magic","FINAL FANTASY","Buster Sword (Borderless)","","351","M","Near Mint","72.68","72.68","68.3100","67.0000","0","0","68.7300",""
"8580135","Magic","FINAL FANTASY","Cecil, Dark Knight","","91","R","Near Mint","1.52","1.04","2.0400","0.7300","0","0","0.8900",""
"8580285","Magic","FINAL FANTASY","Cecil, Dark Knight (Borderless)","","380","R","Near Mint Foil","6.12","6.00","6.2300","6.2300","0","0","5.5600",""
"8698210","Magic","FINAL FANTASY","Cid, Timeless Artificer (0413)","","413","U","Near Mint","4.58","4.58","4.5900","3.1000","0","0","3.8500",""
"8698390","Magic","FINAL FANTASY","Cid, Timeless Artificer (0416)","","416","U","Near Mint","3.67","4.22","4.3000","2.9900","0","0","3.3300",""
"8700030","Magic","FINAL FANTASY","Cid, Timeless Artificer (Extended Art)","","480","U","Near Mint","3.18","4.80","3.5600","2.2500","0","0","2.7100",""
"8732911","Magic","FINAL FANTASY","Clash of the Eikons (Borderless)","","341","U","Near Mint","0.35","0.30","1.5000","0.1900","0","0","0.2200",""
"8742085","Magic","FINAL FANTASY","Clive's Hideaway","","275","R","Near Mint","0.39","0.63","1.5400","0.2300","0","0","0.2300",""
"8692160","Magic","FINAL FANTASY","Cloud, Midgar Mercenary","","10","M","Near Mint","23.07","23.07","24.0500","24.0500","0","0","22.7200",""
"8729707","Magic","FINAL FANTASY","Crystal Fragments (Borderless)","","357","U","Near Mint Foil","0.52","0.73","1.5200","0.2100","0","0","0.2700",""
"8746366","Magic","FINAL FANTASY","Diamond Weapon","","183","U","Near Mint Foil","0.31","0.23","1.4100","0.1000","0","0","0.1500",""
"8739950","Magic","FINAL FANTASY","Dion, Bahamut's Dominant","","16","R","Near Mint","0.78","0.91","1.5600","0.2500","0","0","0.3600",""
"8730232","Magic","FINAL FANTASY","Edgar, King of Figaro","","51","R","Near Mint","0.37","0.18","1.5000","0.1900","0","0","0.2300",""
"8580535","Magic","FINAL FANTASY","Emet-Selch, Unsundered","","218","M","Near Mint","2.93","2.93","3.4100","2.1000","0","0","2.4000",""
"8691780","Magic","FINAL FANTASY","Firion, Wild Rose Warrior","","137","R","Near Mint","0.52","0.36","1.5400","0.2300","0","0","0.2900",""
"8697045","Magic","FINAL FANTASY","Firion, Wild Rose Warrior (Borderless)","","386","R","Near Mint","2.53","4.19","3.0000","1.6900","0","0","1.8600",""
"8745446","Magic","FINAL FANTASY","G'raha Tia","","21","U","Near Mint","0.11","0.01","1.3200","0.0100","1","0","0.1500",""
"8748850","Magic","FINAL FANTASY","Genji Glove","","258","R","Near Mint","4.24","4.24","5.0400","3.7300","0","0","3.4900",""
"8691725","Magic","FINAL FANTASY","Gilgamesh, Master-at-Arms","","139","R","Near Mint Foil","0.82","1.96","1.7300","0.4200","0","0","0.5000",""
"8697170","Magic","FINAL FANTASY","Gilgamesh, Master-at-Arms (Extended Art)","","461","R","Near Mint","1.33","1.49","2.2400","0.9300","0","0","1.0100",""
"8740765","Magic","FINAL FANTASY","Gogo, Master of Mimicry","","54","M","Near Mint","3.36","2.98","4.2900","2.9800","0","0","3.2300",""
"8740770","Magic","FINAL FANTASY","Gogo, Master of Mimicry","","54","M","Near Mint Foil","4.30","5.39","4.4800","3.1700","0","0","3.7500",""
"8748160","Magic","FINAL FANTASY","Golbez, Crystal Collector","","225","R","Near Mint","0.40","0.36","1.5100","0.2000","0","0","0.2400",""
"8718927","Magic","FINAL FANTASY","Jecht, Reluctant Guardian","","104","R","Near Mint","0.36","0.36","1.4900","0.1800","0","0","0.2200",""
"8580355","Magic","FINAL FANTASY","Jumbo Cactuar","","191","R","Near Mint","1.81","1.54","2.3900","1.0800","0","0","1.2300",""
"8698750","Magic","FINAL FANTASY","Kefka, Court Mage","","231","M","Near Mint","6.35","3.98","7.2500","6.2500","0","0","6.2900",""
"8698810","Magic","FINAL FANTASY","Kuja, Genome Sorcerer","","232","R","Near Mint","1.00","0.48","1.7900","0.4800","0","0","0.6700",""
"8698870","Magic","FINAL FANTASY","Lightning, Army of One","","233","M","Near Mint","8.87","9.64","9.6400","9.6400","0","0","8.1700",""
"8740950","Magic","FINAL FANTASY","Louisoix's Sacrifice","","59","R","Near Mint","0.46","0.46","1.4100","0.1000","0","0","0.1700",""
"8720099","Magic","FINAL FANTASY","Machinist's Arsenal","","23","R","Near Mint","0.56","0.54","1.5300","0.2200","0","0","0.3000",""
"8701621","Magic","FINAL FANTASY","Matoya, Archon Elder (Extended Art)","","439","R","Near Mint","1.91","2.29","2.6100","1.3000","0","0","1.4200",""
"8742400","Magic","FINAL FANTASY","Memories Returning","","63","R","Near Mint","0.34","0.15","1.4600","0.1500","0","0","0.1900",""
"8742225","Magic","FINAL FANTASY","Midgar, City of Mako (Borderless)","","313","R","Near Mint Foil","4.96","6.74","5.1500","3.6600","0","0","4.3100",""
"8740245","Magic","FINAL FANTASY","Minwu, White Mage","","26","R","Near Mint","0.73","0.27","1.4800","0.1700","0","0","0.2800",""
"8716165","Magic","FINAL FANTASY","Moogles' Valor","","27","R","Near Mint","0.68","0.26","1.5700","0.1800","0","0","0.3600",""
"8716235","Magic","FINAL FANTASY","Moogles' Valor (Borderless)","","326","R","Near Mint","2.77","4.70","2.3000","0.9900","0","0","1.3500",""
"8724955","Magic","FINAL FANTASY","Nibelheim Aflame","","146","M","Near Mint","4.24","4.03","5.0100","3.0200","0","0","3.8200",""
"8725015","Magic","FINAL FANTASY","Nibelheim Aflame (Borderless)","","339","M","Near Mint","13.40","14.19","13.6800","12.3700","0","0","12.8700",""
"8698930","Magic","FINAL FANTASY","Noctis, Prince of Lucis","","235","R","Near Mint","0.27","0.26","1.4100","0.1000","0","0","0.1500",""
"8700770","Magic","FINAL FANTASY","Noctis, Prince of Lucis (Borderless) (Surge Foil)","","546","R","Near Mint Foil","47.72","45.03","40.9400","39.4500","0","0","41.9300",""
"8580415","Magic","FINAL FANTASY","Sazh's Chocobo","","200","U","Near Mint","0.56","0.57","1.6600","0.3500","0","0","0.4100",""
"8746031","Magic","FINAL FANTASY","Seifer Almasy","","156","R","Near Mint","0.28","0.07","1.3900","0.0800","0","0","0.1500",""
"8725175","Magic","FINAL FANTASY","Serah Farron","","240","R","Near Mint","0.46","0.40","1.5500","0.2400","0","0","0.2900",""
"8699830","Magic","FINAL FANTASY","Squall, SeeD Mercenary (Borderless)","","402","R","Near Mint","3.94","4.69","4.7500","3.4400","0","0","3.7200",""
"8713341","Magic","FINAL FANTASY","Starting Town","","289","R","Near Mint","10.24","9.50","9.9900","9.0000","0","0","10.7500",""
"8747885","Magic","FINAL FANTASY","Summon: Brynhildr","","160","R","Near Mint","0.49","0.37","1.5600","0.2500","0","0","0.3100",""
"8748645","Magic","FINAL FANTASY","Summon: Fat Chocobo (Borderless)","","371","C","Near Mint","0.28","0.25","1.4400","0.1300","0","0","0.1600",""
"8715700","Magic","FINAL FANTASY","Summon: Leviathan","","77","R","Near Mint","0.68","0.45","1.7600","0.4500","0","0","0.5000",""
"8696725","Magic","FINAL FANTASY","Summon: Primal Odin (Borderless)","","365","R","Near Mint","5.83","5.50","5.9900","5.9900","0","0","5.2900",""
"8731212","Magic","FINAL FANTASY","Summon: Titan","","204","R","Near Mint","1.33","1.05","2.1100","0.8000","0","0","0.9400",""
"8748995","Magic","FINAL FANTASY","The Masamune","","264","R","Near Mint","0.95","0.95","1.9100","0.6000","0","0","0.6800",""
"8748410","Magic","FINAL FANTASY","The Wandering Minstrel (Extended Art)","","515","R","Near Mint","1.06","0.84","2.1900","0.8800","0","0","0.9200",""
"8730392","Magic","FINAL FANTASY","The Water Crystal (Borderless)","","333","R","Near Mint","5.46","5.26","5.4600","5.4600","0","0","6.4000",""
"8729992","Magic","FINAL FANTASY","The Wind Crystal","","43","R","Near Mint","4.67","4.22","5.3100","4.0000","0","0","5.2700",""
"8694875","Magic","FINAL FANTASY","Tifa Lockhart","","206","R","Near Mint","2.76","2.73","3.5400","2.2300","0","0","2.3300",""
"8694995","Magic","FINAL FANTASY","Traveling Chocobo","","210","M","Near Mint","20.67","17.93","17.9200","17.9200","0","0","19.6600",""
"8740305","Magic","FINAL FANTASY","Ultima","","38","R","Near Mint","0.48","0.61","1.5900","0.2800","0","0","0.3400",""
"8717712","Magic","FINAL FANTASY","Ultima, Origin of Oblivion (Borderless)","","324","R","Near Mint","1.69","2.36","2.4900","1.1800","0","0","0.9400",""
"8736021","Magic","FINAL FANTASY","Vaan, Street Thief","","168","R","Near Mint","0.27","0.08","1.4700","0.1600","0","0","0.1700",""
"8736081","Magic","FINAL FANTASY","Vaan, Street Thief (Extended Art)","","467","R","Near Mint","1.18","2.97","1.9000","0.5900","0","0","0.6900",""
"8695675","Magic","FINAL FANTASY","Vanille, Cheerful l'Cie (Borderless)","","392","U","Near Mint","0.45","0.37","1.5000","0.1900","0","0","0.2500",""
"8750253","Magic","FINAL FANTASY","Venat, Heart of Hydaelyn","","39","R","Near Mint","0.97","0.60","1.9000","0.5900","0","0","0.6600",""
"8751813","Magic","FINAL FANTASY","Venat, Heart of Hydaelyn (Extended Art)","","434","R","Near Mint","2.05","3.50","2.5700","1.2600","0","0","1.2000",""
"8717868","Magic","FINAL FANTASY","Vincent Valentine","","125","R","Near Mint","1.01","1.42","1.7200","0.4100","0","0","0.5300",""
"8717928","Magic","FINAL FANTASY","Vincent Valentine (Borderless)","","383","R","Near Mint","4.75","3.86","5.1700","3.8600","0","0","4.2900",""
"8694935","Magic","FINAL FANTASY","Y'shtola Rhul (Borderless)","","577","M","Near Mint","23.11","23.99","19.9900","19.0000","0","0","20.0900",""
"8694065","Magic","FINAL FANTASY","Zanarkand, Ancient Metropolis (Borderless)","","314","R","Near Mint Foil","2.12","1.81","2.8100","1.5000","0","0","1.6200",""
"8684475","Magic","FINAL FANTASY","Zell Dincht","","170","R","Near Mint","0.38","0.34","1.4600","0.1500","0","0","0.2400",""
"8752128","Magic","FINAL FANTASY: Through the Ages","Edea Kramer - Teferi, Mage of Zhalfir (Showcase)","","32","R","Near Mint","3.03","3.63","3.1100","1.8000","0","0","2.4200",""
"8715895","Magic","FINAL FANTASY: Through the Ages","Endwalker - Brainstorm (Showcase)","","28","U","Near Mint","0.89","0.85","1.9000","0.4000","0","0","0.4900",""
"8731522","Magic","FINAL FANTASY: Through the Ages","Fal'Cie Paradise - Carpet of Flowers (Showcase)","","44","R","Near Mint","2.76","3.49","3.0900","1.7800","0","0","1.9800",""
"8693705","Magic","FINAL FANTASY: Through the Ages","Firion, Swordmaster - Sram, Senior Edificer (Showcase)","","3","R","Near Mint Foil","25.39","27.08","22.9900","22.9900","0","0","22.3100",""
"8752068","Magic","FINAL FANTASY: Through the Ages","Garnet Til Alexandros 17th - Loran of the Third Path (Showcase)","","24","R","Near Mint","4.95","4.99","5.0000","5.0000","0","0","4.4000",""
"8741510","Magic","FINAL FANTASY: Through the Ages","Gilgamesh, Weapon Collector - Godo, Bandit Warlord (Showcase)","","13","R","Near Mint","3.33","4.24","3.5800","2.2700","0","0","2.8300",""
"8732736","Magic","FINAL FANTASY: Through the Ages","Golbez, Clad in Darkness - Syr Konrad, the Grim (Showcase)","","10","U","Near Mint Foil","2.24","2.11","2.8100","1.5000","0","0","1.6500",""
"8730112","Magic","FINAL FANTASY: Through the Ages","Hero of Light - Adeline, Resplendent Cathar (Showcase)","","1","R","Near Mint","4.43","3.20","4.5100","3.0200","0","0","3.8000",""
"8725595","Magic","FINAL FANTASY: Through the Ages","Luka Stadium - Strixhaven Stadium (Showcase)","","63","U","Near Mint","0.20","0.18","1.3400","0.0300","0","0","0.1500",""
"8720339","Magic","FINAL FANTASY: Through the Ages","Master Xande - Venser, Shaper Savant (Showcase)","","6","R","Near Mint","1.70","1.93","1.5600","0.2500","0","0","0.5400",""
"8731582","Magic","FINAL FANTASY: Through the Ages","Newfound Adventure - Farseek (Showcase)","","45","U","Near Mint","0.68","0.59","1.8100","0.5000","0","0","0.5200",""
"8735621","Magic","FINAL FANTASY: Through the Ages","Noctis Lucis Caelum - Kenrith, the Returned King (Showcase)","","23","R","Near Mint","3.63","3.70","4.0100","2.5200","0","0","3.1700",""
"8721414","Magic","FINAL FANTASY: Through the Ages","Orphan, Cocoon fal'Cie - Muldrotha, the Gravetide (Showcase)","","57","R","Near Mint","3.61","5.95","3.3100","2.0000","0","0","2.7900",""
"8719173","Magic","FINAL FANTASY: Through the Ages","Search for the Frozen Esper - Nature's Claim (Showcase)","","47","U","Near Mint","0.48","0.52","1.5600","0.1700","0","0","0.3100",""
"8752653","Magic","FINAL FANTASY: Through the Ages","Seymour Guado - Kinnan, Bonder Prodigy (Showcase)","","55","M","Near Mint","12.55","13.01","12.3500","12.3500","0","0","12.0000",""
"8719238","Magic","FINAL FANTASY: Through the Ages","Shadowbringers - Dovin's Veto (Showcase)","","51","U","Near Mint Foil","2.44","4.37","2.7000","1.3900","0","0","1.6100",""
"8720639","Magic","FINAL FANTASY: Through the Ages","Thrum of the Vestige - Lightning Bolt (Showcase)","","40","U","Near Mint","0.64","0.27","1.5800","0.2700","0","0","0.3600",""
"8724395","Magic","FINAL FANTASY: Through the Ages","Vana'diel Adventurers - Laboratory Maniac (Showcase)","","30","U","Near Mint","0.28","0.20","1.3800","0.0700","0","0","0.1500",""
"8730512","Magic","FINAL FANTASY: Through the Ages","Wild Rose Rebellion - Counterspell (Showcase)","","4","U","Near Mint","1.08","0.89","2.0500","0.7400","0","0","0.8000",""
"8323852","Magic","Foundations","Alesha, Who Laughs at Fate (Extended Art)","","476","R","Near Mint","1.98","2.99","2.4300","1.1200","0","0","1.2900",""
"8322102","Magic","Foundations","An Offer You Can't Refuse (Borderless)","","311","U","Near Mint Foil","4.37","3.74","4.6200","3.3100","0","0","3.8800",""
"8289495","Magic","Foundations","Archmage of Runes (Extended Art)","","450","R","Near Mint Foil","2.19","2.22","3.1900","1.8800","0","0","1.9400",""
"8330654","Magic","Foundations","Authority of the Consuls","","137","R","Near Mint Foil","6.48","6.80","5.5900","5.5900","0","0","6.1300",""
"8326595","Magic","Foundations","Celestial Armor","","5","R","Near Mint","0.56","0.63","1.6700","0.3600","0","0","0.4000",""
"8326655","Magic","Foundations","Divine Resilience","","10","U","Near Mint","0.13","0.11","1.3600","0.0500","0","0","0.1500",""
"8337100","Magic","Foundations","Drake Hatcher (Borderless)","","306","R","Near Mint Foil","2.38","1.68","2.3100","1.0000","0","0","1.2800",""
"8295165","Magic","Foundations","Electroduplicate","","85","R","Near Mint","0.80","0.74","1.7400","0.4300","0","0","0.5000",""
"8345095","Magic","Foundations","Elenda, Saint of Dusk (Borderless)","","346","R","Near Mint","1.16","","1.7500","0.2500","0","0","0.4300",""
"8294325","Magic","Foundations","Exemplar of Light","","11","R","Near Mint","2.84","2.90","2.8100","1.5000","0","0","2.3200",""
"8294330","Magic","Foundations","Exemplar of Light","","11","R","Near Mint Foil","3.45","4.61","4.0600","2.7500","0","0","3.1000",""
"8294190","Magic","Foundations","Exemplar of Light (Borderless)","","297","R","Near Mint Foil","8.45","8.45","8.8800","7.5700","0","0","8.0100",""
"8328065","Magic","Foundations","Ghalta, Primal Hunger","","222","R","Near Mint","0.69","0.89","1.4600","0.1400","0","0","0.2400",""
"8327990","Magic","Foundations","Ghalta, Primal Hunger (Borderless)","","335","R","Near Mint Foil","6.10","6.97","5.9900","3.0000","0","0","4.5500",""
"8329586","Magic","Foundations","Hare Apparent","","15","C","Near Mint","2.71","2.96","3.3900","2.0800","0","0","2.2100",""
"8322492","Magic","Foundations","High Fae Trickster","","40","R","Near Mint","2.75","2.66","3.8000","2.4900","0","0","2.4700",""
"8322522","Magic","Foundations","High Fae Trickster","","40","R","Near Mint Foil","3.72","5.09","3.6100","2.2900","0","0","3.0000",""
"8327685","Magic","Foundations","High-Society Hunter (Borderless)","","320","R","Near Mint","0.56","0.48","1.5900","0.2800","0","0","0.3400",""
"8294745","Magic","Foundations","Homunculus Horde (Borderless)","","308","R","Near Mint","0.71","","1.8100","0.5000","0","0","0.5400",""
"8332650","Magic","Foundations","Koma, World-Eater (Extended Art)","","480","R","Near Mint","0.90","","2.0600","0.7500","0","0","0.7800",""
"8329185","Magic","Foundations","Leyline Axe (Extended Art)","","485","R","Near Mint","2.59","4.84","3.3100","2.0000","0","0","2.1200",""
"8322732","Magic","Foundations","Lunar Insight","","46","R","Near Mint","0.15","0.15","1.3600","0.0500","2","0","0.1500",""
"8336190","Magic","Foundations","Macabre Waltz","","177","C","Near Mint Foil","0.11","0.04","1.3200","0.0100","1","0","0.1500",""
"8286500","Magic","Foundations","Mossborn Hydra","","107","R","Near Mint","7.29","7.43","8.0000","8.0000","0","0","7.1600",""
"8286530","Magic","Foundations","Mossborn Hydra","","107","R","Near Mint Foil","10.78","10.67","8.9900","7.0000","0","0","8.8900",""
"8295771","Magic","Foundations","Muldrotha, the Gravetide","","243","M","Near Mint Foil","4.69","5.50","4.3000","2.9900","0","0","3.8400",""
"8264907","Magic","Foundations","Nine-Lives Familiar","","66","R","Near Mint","1.09","0.98","2.0600","0.7500","0","0","0.8200",""
"8277032","Magic","Foundations","Nine-Lives Familiar (Extended Art)","","462","R","Near Mint","3.15","","2.7100","1.4000","0","0","2.2600",""
"8325638","Magic","Foundations","Obliterating Bolt","","629","U","Near Mint","0.43","","1.5500","0.2400","0","0","0.2800",""
"8290270","Magic","Foundations","Phyrexian Arena","","180","R","Near Mint","2.17","2.15","2.9100","1.4100","0","0","1.5600",""
"8330710","Magic","Foundations","Raise the Past (Borderless)","","300","R","Near Mint","1.80","2.22","2.3100","1.0000","0","0","1.1600",""
"8342580","Magic","Foundations","Rite of the Dragoncaller (Borderless)","","331","M","Near Mint Foil","6.96","7.11","6.9600","6.9600","0","0","6.9600",""
"8328865","Magic","Foundations","Sire of Seven Deaths","","1","M","Near Mint","19.32","19.38","19.2800","18.2900","0","0","18.9600",""
"8328870","Magic","Foundations","Sire of Seven Deaths","","1","M","Near Mint Foil","22.07","32.00","20.7200","20.7200","0","0","20.2700",""
"8322792","Magic","Foundations","Sphinx of Forgotten Lore (Borderless)","","314","M","Near Mint","1.09","1.09","1.9600","0.6500","0","0","0.7400",""
"8329410","Magic","Foundations","Swiftfoot Boots","","258","U","Near Mint Foil","1.87","1.90","2.6100","1.3000","0","0","1.4200",""
"8287890","Magic","Foundations","Time Stop","","166","R","Near Mint Foil","0.37","0.32","1.4600","0.1500","0","0","0.1900",""
"8290330","Magic","Foundations","Tinybones, Bauble Burglar (Borderless)","","324","R","Near Mint","4.70","4.60","5.0400","5.0400","0","0","5.0400",""
"8341620","Magic","Foundations","Zimone, Paradox Sculptor","","126","M","Near Mint","1.74","1.01","2.3200","1.0100","0","0","1.1600",""
"8341745","Magic","Foundations","Zimone, Paradox Sculptor (Extended Art)","","483","M","Near Mint","2.00","2.16","2.3000","0.9900","0","0","1.1900",""
"8288100","Magic","Foundations","Zul Ashur, Lich Lord","","77","R","Near Mint Foil","1.23","1.18","1.8100","0.5000","0","0","0.6500",""
"8290455","Magic","Foundations","Zul Ashur, Lich Lord (Borderless)","","326","R","Near Mint Foil","4.76","4.73","5.0000","5.0000","0","0","5.0000",""
"8312887","Magic","Foundations Jumpstart","Kodama of the West Tree (Anime)","","78","M","Near Mint","14.29","13.79","14.1500","13.1600","0","0","13.7300",""
"8351166","Magic","Foundations Jumpstart","Plagon, Lord of the Beach (Anime)","","37","R","Near Mint","2.04","1.56","2.7400","1.4300","0","0","1.4400",""
"333308","Magic","Fourth Edition","Fellwar Stone","","337","U","Moderately Played","1.67","1.63","2.3800","1.0700","1","0","1.1800",""
"15964","Magic","Fourth Edition","Mana Flare","","","R","Near Mint","1.53","","2.2900","0.5000","0","0","0.7100",""
"364943","Magic","Fourth Edition","Pestilence","","","C","Lightly Played","0.24","","1.4600","0.1500","0","0","0.1700",""
"16056","Magic","Fourth Edition","Stasis","","104","R","Near Mint","7.03","","7.0200","7.0200","0","0","7.0300",""
"333496","Magic","Fourth Edition","Sylvan Library","","157","R","Moderately Played","23.20","","22.3800","22.3800","0","0","22.6300",""
"16104","Magic","Fourth Edition","Wall of Ice","","","U","Near Mint","0.29","","1.5600","0.2500","0","0","0.2200",""
"365070","Magic","Fourth Edition","Winter Orb","","376","R","Lightly Played","8.32","","7.6700","6.5600","0","0","8.1800",""
"1240145","Magic","From the Vault: Annihilation","Cataclysm","","3","M","Near Mint Foil","3.43","","4.7200","3.4100","1","0","3.4100",""
"3190901","Magic","From the Vault: Lore","Obliterate","","11","M","Near Mint Foil","4.84","6.92","4.4400","3.1300","0","0","3.9800",""
"942739","Magic","From the Vault: Realms","Maze of Ith","","10","M","Near Mint Foil","8.41","","8.8800","8.8800","0","0","8.8800",""
"399342","Magic","From the Vault: Relics","Jester's Cap","","5","M","Near Mint Foil","0.98","","2.2900","0.9800","0","0","0.9800",""
"399464","Magic","From the Vault: Relics","Sword of Body and Mind","","14","M","Near Mint Foil","16.79","","15.9900","15.0000","0","0","15.8900",""
"26431","Magic","Future Sight","Nimbus Maze","","178","R","Near Mint","6.75","","9.7500","6.7500","0","0","6.7500",""
"26451","Magic","Future Sight","Rites of Flourishing","","137","R","Near Mint","1.78","","2.9400","1.6300","1","0","1.6600",""
"1240092","Magic","Game Day & Store Championship Promos","Chief Engineer","","","R","Near Mint Foil","3.66","","4.8000","3.4900","0","0","3.3300",""
"2896399","Magic","Game Day & Store Championship Promos","Conclave Naturalists","","171","U","Near Mint","0.18","","1.4100","0.1000","1","0","0.1500",""
"1067087","Magic","Gatecrash","Angelic Skirmisher","","3","R","Near Mint","1.80","","2.8000","1.4900","0","0","1.6300",""
"1066415","Magic","Gatecrash","Aurelia, the Warleader","","143","M","Near Mint","13.47","","9.9000","9.9000","0","0","13.2800",""
"1067603","Magic","Gatecrash","Blind Obedience","","6","R","Near Mint","2.70","4.20","3.2000","1.8900","0","0","2.0500",""
"1067562","Magic","Gatecrash","Boros Charm","","148","U","Lightly Played","4.83","","5.0000","5.0000","0","0","5.0000",""
"1067964","Magic","Gatecrash","Boros Reckoner","","215","R","Near Mint","0.36","","1.5100","0.2000","0","0","0.2300",""
"1067147","Magic","Gatecrash","Crypt Ghast","","61","R","Near Mint","8.06","","8.0000","7.0100","0","0","7.5400",""
"1067921","Magic","Gatecrash","Guardian of the Gateless","","14","U","Near Mint","0.21","0.22","1.4500","0.1400","0","0","0.1600",""
"1066796","Magic","Gatecrash","Illusionist's Bracers","","231","R","Heavily Played","2.89","","4.8900","3.5800","0","0","3.5800",""
"1067657","Magic","Gatecrash","Legion Loyalist","","97","R","Near Mint","4.26","5.71","4.4900","3.1800","0","0","3.7200",""
"1066563","Magic","Gatecrash","Rubblehulk","","191","R","Near Mint","0.23","","1.4200","0.1100","0","0","0.1500",""
"1067363","Magic","Gatecrash","Undercity Plague","","83","R","Near Mint","0.17","","1.3600","0.0500","0","0","0.1500",""
"1067938","Magic","Gatecrash","Wasteland Viper","","139","U","Near Mint","0.14","0.14","1.4200","0.1100","0","0","0.1500",""
"1066603","Magic","Gatecrash","Whispering Madness","","207","R","Near Mint","1.44","","2.3800","1.0700","0","0","1.2200",""
"3759273","Magic","Global Series Jiang Yanggu & Mu Yanling","Journey for the Elixir","","36","R","Near Mint","0.07","","1.3500","0.0400","0","0","0.1500",""
"3759338","Magic","Global Series Jiang Yanggu & Mu Yanling","Rhythmic Water Vortex","","18","R","Near Mint","0.11","","1.4100","0.1000","0","0","0.1500",""
"25282","Magic","Guildpact","Dryad Sophisticate","","83","U","Near Mint","0.28","","1.4000","0.0900","0","0","0.1500",""
"25290","Magic","Guildpact","Gatherer of Graces","","85","U","Near Mint","0.20","","1.4000","0.0900","1","0","0.1500",""
"374857","Magic","Guildpact","Gatherer of Graces","","85","U","Lightly Played","0.16","","1.3900","0.0800","1","0","0.1500",""
"25307","Magic","Guildpact","Gruul Signet","","150","C","Near Mint","0.54","","1.6600","0.3500","1","0","0.3900",""
"374876","Magic","Guildpact","Gruul War Plow","","151","R","Lightly Played","3.93","5.99","4.7600","3.4500","0","0","3.6900",""
"25311","Magic","Guildpact","Harrier Griffin","","9","U","Near Mint","0.23","","1.3900","0.0800","1","0","0.1500",""
"25346","Magic","Guildpact","Orzhov Signet","","155","C","Near Mint","0.44","","1.5600","0.2500","0","0","0.2900",""
"25356","Magic","Guildpact","Primeval Light","","93","U","Near Mint","0.20","","1.4100","0.1000","1","0","0.1500",""
"374923","Magic","Guildpact","Primeval Light","","93","U","Lightly Played","0.22","","1.4100","0.1000","2","0","0.1500",""
"25371","Magic","Guildpact","Shadow Lance","","14","U","Near Mint","0.18","0.19","1.3200","0.0100","1","0","0.1500",""
"25409","Magic","Guildpact","Wild Cantor","","149","C","Near Mint","0.18","","1.4300","0.1200","1","0","0.1500",""
"3846612","Magic","Guilds of Ravnica","Assassin's Trophy","","152","R","Near Mint","2.82","","3.6600","2.3500","0","0","2.4400",""
"3847847","Magic","Guilds of Ravnica","Beast Whisperer","","123","R","Near Mint","2.79","3.96","3.8100","2.5000","0","0","2.5500",""
"3847225","Magic","Guilds of Ravnica","Bounty Agent","","2","R","Near Mint","0.26","","1.5100","0.2000","0","0","0.2100",""
"3850983","Magic","Guilds of Ravnica","Bounty of Might","","124","R","Near Mint","0.10","0.10","1.3200","0.0100","0","0","0.1500",""
"3846707","Magic","Guilds of Ravnica","Chromatic Lantern","","233","R","Near Mint","2.43","2.80","3.3500","2.0400","0","0","2.1200",""
"3850321","Magic","Guilds of Ravnica","Divine Visitation","","10","M","Near Mint","2.07","","2.9000","1.5900","0","0","2.0000",""
"3850575","Magic","Guilds of Ravnica","Electrostatic Field","","97","U","Near Mint","0.89","0.83","1.9600","0.6500","0","0","0.7000",""
"3843823","Magic","Guilds of Ravnica","Emmara, Soul of the Accord","","168","R","Near Mint","0.28","","1.5500","0.2400","0","0","0.2500",""
"3849867","Magic","Guilds of Ravnica","Glaive of the Guildpact","","236","U","Near Mint","0.14","","1.3800","0.0700","1","0","0.1500",""
"3850468","Magic","Guilds of Ravnica","Haazda Marshal","","13","U","Near Mint","0.13","","1.4100","0.1000","1","0","0.1500",""
"3850331","Magic","Guilds of Ravnica","Hatchery Spider","","132","R","Near Mint","0.29","0.27","1.5100","0.2000","0","0","0.2200",""
"3850963","Magic","Guilds of Ravnica","Inspiring Unicorn","","16","U","Near Mint","0.10","","1.3700","0.0600","0","0","0.1500",""
"3843983","Magic","Guilds of Ravnica","Legion Warboss","","109","R","Near Mint Foil","1.01","","2.1600","0.8500","0","0","0.8800",""
"3850625","Magic","Guilds of Ravnica","Light of the Legion","","19","R","Near Mint","0.17","","1.3900","0.0800","1","0","0.1500",""
"3846433","Magic","Guilds of Ravnica","Murmuring Mystic","","45","U","Near Mint","0.28","0.27","1.5100","0.2000","0","0","0.2200",""
"3846662","Magic","Guilds of Ravnica","Niv-Mizzet, Parun","","192","R","Near Mint","4.68","4.68","4.8100","3.5000","0","0","4.0800",""
"3849997","Magic","Guilds of Ravnica","Omnispell Adept","","49","R","Near Mint","0.14","0.11","1.3400","0.0300","1","0","0.1500",""
"3844008","Magic","Guilds of Ravnica","Overgrown Tomb","","253","R","Near Mint","13.12","13.97","12.1500","10.8400","0","0","11.9800",""
"3851513","Magic","Guilds of Ravnica","Plaguecrafter","","82","U","Near Mint","0.32","","1.5600","0.2500","0","0","0.2600",""
"3851278","Magic","Guilds of Ravnica","Portcullis Vine","","142","C","Near Mint Foil","0.25","0.13","1.4400","0.1300","1","0","0.1500",""
"3846492","Magic","Guilds of Ravnica","Ral's Dispersal","","266","R","Near Mint","0.08","","1.3200","0.0100","1","0","0.1500",""
"3844048","Magic","Guilds of Ravnica","Sacred Foundry","","254","R","Near Mint","6.92","7.80","7.1400","6.1500","0","0","6.5200",""
"3844063","Magic","Guilds of Ravnica","Steam Vents","","257","R","Near Mint","16.37","16.95","16.8600","16.8600","0","0","16.8600",""
"3850665","Magic","Guilds of Ravnica","Tajic, Legion's Edge","","204","R","Near Mint","0.25","0.23","1.4600","0.1500","0","0","0.1700",""
"3844073","Magic","Guilds of Ravnica","Temple Garden","","258","R","Near Mint","12.45","12.87","12.4200","11.4300","0","0","11.9400",""
"3848962","Magic","Guilds of Ravnica","Vivid Revival","","148","R","Near Mint","0.12","0.10","1.3200","0.0100","1","0","0.1500",""
"3844093","Magic","Guilds of Ravnica","Watery Grave","","259","R","Near Mint","7.96","8.29","7.7300","6.4500","0","0","7.2900",""
"3888897","Magic","Guilds of Ravnica: Guild Kits","Boros Keyrune","","96","U","Near Mint","0.21","","1.5000","0.1900","0","0","0.1900",""
"3880577","Magic","Guilds of Ravnica: Guild Kits","Jarad, Golgari Lich Lord","","65","M","Near Mint","3.41","","3.3100","2.0000","1","0","2.7100",""
"3888872","Magic","Guilds of Ravnica: Guild Kits","Master Warcraft","","92","R","Near Mint","0.66","","1.9000","0.5900","0","0","0.6000",""
"3880693","Magic","Guilds of Ravnica: Guild Kits","Putrefy","","68","U","Lightly Played","0.13","","1.4400","0.1300","1","0","0.1500",""
"3414212","Magic","Hour of Devastation","Apocalypse Demon","","58","R","Near Mint","0.18","","1.4800","0.1700","0","0","0.1700",""
"3410987","Magic","Hour of Devastation","Avid Reclaimer","","201","U","Near Mint","0.12","","1.3400","0.0300","1","0","0.1500",""
"3411444","Magic","Hour of Devastation","Champion of Wits","","31","R","Near Mint","0.15","0.14","1.3700","0.0600","1","0","0.1500",""
"3410017","Magic","Hour of Devastation","Desert of the Fervent","","170","C","Near Mint","0.09","0.08","1.3500","0.0400","1","0","0.1500",""
"3410037","Magic","Hour of Devastation","Desert of the Indomitable","","172","C","Near Mint","0.10","0.10","1.3500","0.0400","1","0","0.1500",""
"3410057","Magic","Hour of Devastation","Desert of the True","","174","C","Near Mint","0.11","","1.3200","0.0100","1","0","0.1500",""
"3410077","Magic","Hour of Devastation","Dreamstealer","","63","R","Near Mint","0.21","0.22","1.3600","0.0500","1","0","0.1500",""
"3415043","Magic","Hour of Devastation","Dunes of the Dead","","175","U","Near Mint","0.20","0.19","1.4100","0.1000","1","0","0.1500",""
"3411214","Magic","Hour of Devastation","Earthshaker Khenra","","90","R","Near Mint","0.19","","1.3600","0.0500","0","0","0.1500",""
"3411514","Magic","Hour of Devastation","Hashep Oasis","","177","U","Near Mint","0.16","0.15","1.3700","0.0600","1","0","0.1500",""
"3411234","Magic","Hour of Devastation","Hostile Desert","","178","R","Near Mint","0.24","","1.4100","0.1000","1","0","0.1500",""
"3410927","Magic","Hour of Devastation","Hour of Glory","","65","R","Near Mint","0.10","","1.3200","0.0100","1","0","0.1500",""
"3410107","Magic","Hour of Devastation","Hour of Revelation","","15","R","Near Mint","1.26","1.29","2.0300","0.7200","3","0","0.8300",""
"3411264","Magic","Hour of Devastation","Rhonas's Last Stand","","132","R","Near Mint","0.16","","1.3200","0.0100","1","0","0.1500",""
"3410957","Magic","Hour of Devastation","Scavenger Grounds","","182","R","Near Mint","0.40","0.48","1.5000","0.1900","0","0","0.2400",""
"3410297","Magic","Hour of Devastation","The Scorpion God","","146","M","Near Mint","0.99","","2.2400","0.9300","1","0","0.9400",""
"18542","Magic","Ice Age","Fire Covenant","","","U","Near Mint","2.57","2.61","3.2900","1.9800","1","0","2.1000",""
"18620","Magic","Ice Age","Jokulhaups","","","R","Near Mint","6.33","6.33","6.0600","4.7500","0","0","5.5400",""
"18680","Magic","Ice Age","Mystic Remora","","87","C","Near Mint","9.01","9.18","8.5300","7.2200","0","0","8.2800",""
"367629","Magic","Ice Age","Nature's Lore","","143","U","Lightly Played","2.43","3.99","2.7000","1.2000","1","0","1.4600",""
"18711","Magic","Ice Age","Pyroblast","","213","C","Near Mint","6.24","6.38","6.3800","6.3800","0","0","6.3800",""
"18743","Magic","Ice Age","Snow-Covered Forest","","347","L","Near Mint","2.33","9.99","3.1800","1.8700","6","0","1.9600",""
"351958","Magic","Ice Age","Sulfurous Springs","","352","R","Heavily Played","7.78","","8.1400","8.1400","0","0","8.1400",""
"3467032","Magic","Iconic Masters","Abzan Falconer","","3","U","Near Mint","0.25","","1.5000","0.1900","0","0","0.1900",""
"3466867","Magic","Iconic Masters","Auriok Champion","","9","R","Near Mint","9.16","13.47","9.0400","8.2500","0","0","8.7100",""
"3466497","Magic","Iconic Masters","Austere Command","","10","R","Near Mint","0.73","1.47","1.7400","0.4300","1","0","0.4900",""
"3468582","Magic","Iconic Masters","Carven Caryatid","","156","U","Near Mint","0.21","","1.4700","0.1600","0","0","0.1700",""
"3466907","Magic","Iconic Masters","Cryptic Command","","48","R","Near Mint","5.80","","5.4900","5.4900","0","0","5.6400",""
"3467142","Magic","Iconic Masters","Disenchant","","15","C","Near Mint","0.08","","1.3700","0.0600","0","0","0.1500",""
"3468622","Magic","Iconic Masters","Enlarge","","162","U","Near Mint","0.07","","1.3200","0.0100","0","0","0.1500",""
"3467357","Magic","Iconic Masters","Graven Cairns","","237","R","Near Mint Foil","7.76","","7.9200","7.9200","1","0","7.9200",""
"3468652","Magic","Iconic Masters","Heroes' Bane","","166","U","Near Mint","0.27","0.26","1.5100","0.2000","0","0","0.2100",""
"3466397","Magic","Iconic Masters","Lord of the Pit","","96","R","Near Mint","0.32","","1.5600","0.2500","0","0","0.2600",""
"3468732","Magic","Iconic Masters","Lure","","175","U","Near Mint","0.17","","1.4500","0.1400","0","0","0.1500",""
"3467862","Magic","Iconic Masters","Mind Stone","","219","C","Near Mint","0.27","","1.4700","0.1600","1","0","0.1800",""
"3467892","Magic","Iconic Masters","Mindcrank","","220","U","Near Mint","12.87","13.13","11.6500","11.6500","0","0","12.2600",""
"3468752","Magic","Iconic Masters","Nature's Claim","","177","C","Near Mint","0.80","0.72","1.9100","0.6000","2","0","0.6400",""
"3468422","Magic","Iconic Masters","Prodigal Pyromancer","","142","U","Near Mint","0.11","","1.3600","0.0500","1","0","0.1500",""
"3466962","Magic","Iconic Masters","Scourge of Valkas","","145","R","Near Mint","8.85","5.00","3.7900","2.4800","1","0","5.6700",""
"3468807","Magic","Iconic Masters","Search for Tomorrow","","185","C","Near Mint","0.27","","1.5100","0.2000","1","0","0.2100",""
"3468017","Magic","Iconic Masters","Star Compass","","229","C","Near Mint Foil","0.67","","1.9500","0.6400","1","0","0.6500",""
"3467462","Magic","Iconic Masters","Swords to Plowshares","","36","U","Near Mint","1.99","","2.5500","1.2400","0","0","1.3900",""
"3466737","Magic","Iconic Masters","Wall of Roots","","190","C","Near Mint","0.25","0.24","1.5000","0.1900","1","0","0.2000",""
"4396403","Magic","Ikoria: Lair of Behemoths","Bonders' Enclave","","245","R","Near Mint","0.47","0.45","1.5700","0.2600","1","0","0.3000",""
"4368050","Magic","Ikoria: Lair of Behemoths","Drannith Magistrate","","11","R","Near Mint","13.36","13.27","13.2700","13.2700","0","0","13.2800",""
"4401813","Magic","Ikoria: Lair of Behemoths","Evolving Wilds","","247","C","Near Mint","0.08","","1.3500","0.0400","1","0","0.1500",""
"4361344","Magic","Ikoria: Lair of Behemoths","Godzilla, Primeval Champion - Titanoth Rex","","377","U","Near Mint","9.33","10.95","9.2500","9.2500","0","0","9.2700",""
"4368825","Magic","Ikoria: Lair of Behemoths","Migration Path","","164","U","Near Mint","0.25","","1.5000","0.1900","0","0","0.2000",""
"4395616","Magic","Ikoria: Lair of Behemoths","Narset of the Ancient Way (Borderless)","","278","M","Near Mint","0.68","0.93","1.8000","0.4900","0","0","0.5300",""
"4368270","Magic","Ikoria: Lair of Behemoths","Neutralize","","59","U","Near Mint","0.09","","1.3500","0.0400","1","0","0.1500",""
"4397193","Magic","Ikoria: Lair of Behemoths","Savai Triome","","253","R","Near Mint","17.63","17.83","17.5600","16.2500","0","0","16.9400",""
"4397303","Magic","Ikoria: Lair of Behemoths","Savai Triome (Showcase)","","312","R","Near Mint","18.33","18.36","18.3500","18.3500","0","0","18.3500",""
"4403023","Magic","Ikoria: Lair of Behemoths","Scoured Barrens","","254","L","Near Mint","0.11","0.09","1.3500","0.0400","1","0","0.1500",""
"4369053","Magic","Ikoria: Lair of Behemoths","Shark Typhoon","","67","R","Near Mint","0.76","0.75","2.0000","0.6900","0","0","0.7000",""
"4391165","Magic","Ikoria: Lair of Behemoths","Song of Creation","","210","R","Near Mint","0.53","","1.7500","0.4400","0","0","0.4500",""
"4379864","Magic","Ikoria: Lair of Behemoths","The Ozolith","","237","R","Near Mint","43.66","45.62","42.8100","41.5000","0","0","42.1900",""
"4360954","Magic","Ikoria: Lair of Behemoths","Umori, the Collector","","231","R","Near Mint","0.13","0.17","1.4100","0.1000","0","0","0.1500",""
"4358064","Magic","Ikoria: Lair of Behemoths","Vivien, Monsters' Advocate","","175","M","Near Mint","1.96","1.99","3.0300","1.7200","1","0","1.7700",""
"4399173","Magic","Ikoria: Lair of Behemoths","Whirlwind of Thought","","215","R","Near Mint","0.63","0.93","1.6100","0.3000","1","0","0.3700",""
"4377583","Magic","Ikoria: Lair of Behemoths","Wilt","","176","C","Near Mint","0.10","0.08","1.3200","0.0100","3","0","0.1500",""
"4392825","Magic","Ikoria: Lair of Behemoths","Zirda, the Dawnwaker","","233","R","Near Mint Foil","1.06","3.28","3.3100","2.0000","0","0","2.0000",""
"4392885","Magic","Ikoria: Lair of Behemoths","Zirda, the Dawnwaker","","233","R","Near Mint Foil - Japanese","2.31","","4.3000","2.9900","0","0","2.9900",""
"505033","Magic","Innistrad","Avacyn's Pilgrim","","170","C","Near Mint","0.46","","1.6200","0.3100","0","0","0.3400",""
"505062","Magic","Innistrad","Blasphemous Act","","130","R","Lightly Played","1.73","2.47","2.7600","1.4500","0","0","1.5000",""
"505858","Magic","Innistrad","Bramblecrush","","172","U","Near Mint","0.09","","1.3400","0.0300","0","0","0.1500",""
"501335","Magic","Innistrad","Champion of the Parish","","6","R","Moderately Played","1.17","","2.1600","0.8500","1","0","0.9200",""
"505901","Magic","Innistrad","Demonmail Hauberk","","221","U","Near Mint","0.12","","1.3600","0.0500","0","0","0.1500",""
"500304","Magic","Innistrad","Devil's Play","","140","R","Near Mint","0.18","","1.4600","0.1500","0","0","0.1600",""
"505066","Magic","Innistrad","Falkenrath Marauders","","141","R","Near Mint","0.26","","1.4600","0.1500","0","0","0.1700",""
"505869","Magic","Innistrad","Falkenrath Noble","","100","U","Near Mint","0.19","","1.4100","0.1000","1","0","0.1500",""
"500337","Magic","Innistrad","Isolated Chapel","","242","R","Near Mint","0.94","","2.0800","0.7700","0","0","0.8300",""
"505951","Magic","Innistrad","Parallel Lives","","199","R","Near Mint","26.78","32.59","25.7900","20.8000","0","0","22.6100",""
"505874","Magic","Innistrad","Paraselene","","26","U","Near Mint","0.16","","1.3600","0.0500","0","0","0.1500",""
"505110","Magic","Innistrad","Rakish Heir","","158","U","Near Mint","0.28","","1.4700","0.1600","0","0","0.1800",""
"505861","Magic","Innistrad","Ranger's Guile","","201","C","Near Mint","0.07","","1.3600","0.0500","0","0","0.1500",""
"506737","Magic","Innistrad","Ranger's Guile","","201","C","Lightly Played","0.15","","1.3500","0.0400","1","0","0.1500",""
"505349","Magic","Innistrad","Reckless Waif","","159","U","Near Mint","0.13","","1.4200","0.1100","0","0","0.1500",""
"505898","Magic","Innistrad","Sever the Bloodline","","115","R","Near Mint","0.09","","1.3800","0.0700","1","0","0.1500",""
"501154","Magic","Innistrad","Skirsdag High Priest","","117","R","Near Mint","0.30","","1.5100","0.2000","1","0","0.2200",""
"505882","Magic","Innistrad","Stony Silence","","36","R","Near Mint","2.30","","2.6100","1.3000","0","0","1.5000",""
"505899","Magic","Innistrad","Trepanation Blade","","235","U","Near Mint","0.24","","1.5100","0.2000","0","0","0.2100",""
"505107","Magic","Innistrad","Ulvenwald Mystics","","208","U","Near Mint","0.09","","1.3200","0.0100","0","0","0.1500",""
"500341","Magic","Innistrad","Woodland Cemetery","","249","R","Near Mint","0.97","","1.9800","0.6700","0","0","0.7300",""
"500327","Magic","Innistrad","Wreath of Geists","","211","U","Near Mint","0.09","","1.3400","0.0300","0","0","0.1500",""
"8472263","Magic","Innistrad Remastered","Cultivator Colossus","","190","M","Near Mint","4.76","6.48","5.3100","4.0000","0","0","4.3600",""
"8467853","Magic","Innistrad Remastered","Hullbreaker Horror (Retro Frame)","","357","R","Near Mint Foil","4.41","5.79","4.3600","3.0500","0","0","3.7000",""
"8485402","Magic","Innistrad Remastered","Wedding Announcement","","51","R","Near Mint Foil","0.37","0.36","1.5500","0.2400","0","0","0.2700",""
"5255884","Magic","Innistrad: Crimson Vow","Alchemist's Gambit","","140","R","Near Mint","0.17","","1.3500","0.0400","0","0","0.1500",""
"5282763","Magic","Innistrad: Crimson Vow","Alchemist's Retrieval","","47","C","Near Mint","0.05","0.05","1.3300","0.0200","1","0","0.1500",""
"5276277","Magic","Innistrad: Crimson Vow","Ancient Lumberknot","","230","U","Near Mint","0.18","0.15","1.4000","0.0900","0","0","0.1500",""
"5259285","Magic","Innistrad: Crimson Vow","Angelic Quartermaster","","2","U","Near Mint","0.09","0.05","1.3200","0.0100","0","0","0.1500",""
"5257274","Magic","Innistrad: Crimson Vow","Archghoul of Thraben","","93","U","Near Mint","0.12","0.13","1.3900","0.0800","2","0","0.1500",""
"5270479","Magic","Innistrad: Crimson Vow","Bloodvial Purveyor","","98","R","Near Mint","0.12","0.11","1.3600","0.0500","0","0","0.1500",""
"5270589","Magic","Innistrad: Crimson Vow","Bloodvial Purveyor (Showcase)","","290","R","Near Mint","0.20","","1.4100","0.1000","0","0","0.1500",""
"5252089","Magic","Innistrad: Crimson Vow","By Invitation Only","","5","R","Near Mint","0.22","","1.4100","0.1000","0","0","0.1500",""
"5279678","Magic","Innistrad: Crimson Vow","Catapult Fodder","","99","U","Near Mint","0.12","0.10","1.3600","0.0100","0","0","0.1500",""
"5258655","Magic","Innistrad: Crimson Vow","Cemetery Protector","","6","M","Near Mint","0.55","0.55","1.8000","0.4900","0","0","0.5100",""
"5265195","Magic","Innistrad: Crimson Vow","Cemetery Prowler (Extended Art)","","385","M","Near Mint","4.94","5.95","5.2400","5.2400","1","0","5.2400",""
"5254404","Magic","Innistrad: Crimson Vow","Change of Fortune","","150","R","Near Mint","0.39","0.32","1.5600","0.2500","0","0","0.2800",""
"5279913","Magic","Innistrad: Crimson Vow","Crawling Infestation","","193","U","Near Mint","0.14","0.17","1.3600","0.0500","0","0","0.1500",""
"5279348","Magic","Innistrad: Crimson Vow","Creepy Puppeteer","","151","R","Near Mint","0.10","0.10","1.3200","0.0100","0","0","0.1500",""
"5261000","Magic","Innistrad: Crimson Vow","Curse of Hospitality","","152","R","Near Mint","0.27","","1.4500","0.1400","0","0","0.1700",""
"5254664","Magic","Innistrad: Crimson Vow","Dominating Vampire","","154","R","Near Mint","0.23","0.16","1.4000","0.0900","0","0","0.1500",""
"5250031","Magic","Innistrad: Crimson Vow","Dorothea, Vengeful Victim","","235","R","Near Mint","0.20","0.24","1.4100","0.1000","1","0","0.1500",""
"5253209","Magic","Innistrad: Crimson Vow","Dorothea, Vengeful Victim (Showcase)","","322","R","Near Mint Foil","0.43","","1.5000","0.1900","0","0","0.2400",""
"5264555","Magic","Innistrad: Crimson Vow","Dracula, Lord of Blood - Voldaren Bloodcaster","","338","R","Near Mint Foil","2.81","2.59","3.7100","2.4000","0","0","2.4800",""
"5259620","Magic","Innistrad: Crimson Vow","Dreadfeast Demon","","108","R","Near Mint Foil","0.24","","1.4600","0.1500","0","0","0.1700",""
"5282148","Magic","Innistrad: Crimson Vow","Dreamshackle Geist","","58","R","Near Mint","0.21","","1.4500","0.1400","0","0","0.1500",""
"5275837","Magic","Innistrad: Crimson Vow","Dying to Serve","","109","R","Near Mint","0.26","","1.5000","0.1900","0","0","0.2000",""
"5275842","Magic","Innistrad: Crimson Vow","Dying to Serve","","109","R","Near Mint Foil","0.34","","1.5400","0.2300","0","0","0.2500",""
"5279058","Magic","Innistrad: Crimson Vow","Edgar, Charmed Groom","","236","R","Near Mint","2.69","2.69","3.5600","2.2500","0","0","2.3400",""
"5279168","Magic","Innistrad: Crimson Vow","Edgar, Charmed Groom (Showcase)","","311","R","Near Mint","2.55","3.29","3.0600","1.7500","0","0","1.9100",""
"5271674","Magic","Innistrad: Crimson Vow","Edgar's Awakening","","110","U","Near Mint","0.07","0.07","1.3200","0.0100","1","0","0.1500",""
"5251849","Magic","Innistrad: Crimson Vow","Fell Stinger","","112","U","Near Mint","0.27","0.34","1.4300","0.1200","0","0","0.1500",""
"5267487","Magic","Innistrad: Crimson Vow","Forest (277)","","277","L","Near Mint Foil","0.63","0.69","1.7500","0.4400","0","0","0.4100",""
"5257844","Magic","Innistrad: Crimson Vow","Geralf, Visionary Stitcher","","61","R","Near Mint","1.24","","2.0000","0.6900","0","0","0.8000",""
"5272601","Magic","Innistrad: Crimson Vow","Graf Reaver","","115","R","Near Mint","0.12","","1.3300","0.0200","2","0","0.1500",""
"5254994","Magic","Innistrad: Crimson Vow","Grolnok, the Omnivore","","238","R","Near Mint","0.51","","1.7700","0.4600","0","0","0.4900",""
"5260275","Magic","Innistrad: Crimson Vow","Groom's Finery","","117","U","Near Mint","0.05","0.01","1.3200","0.0100","1","0","0.1500",""
"5256919","Magic","Innistrad: Crimson Vow","Hallowed Haunting","","17","M","Near Mint","4.75","4.95","5.0000","3.6900","0","0","5.0700",""
"5270369","Magic","Innistrad: Crimson Vow","Headless Rider","","118","R","Near Mint","2.39","2.60","2.4100","1.1000","0","0","1.3800",""
"5268472","Magic","Innistrad: Crimson Vow","Henrika Domnathi","","119","M","Near Mint","1.17","1.13","2.4600","1.1500","0","0","1.1600",""
"5282258","Magic","Innistrad: Crimson Vow","Hopeful Initiate","","20","R","Near Mint","0.38","0.29","1.5100","0.2000","0","0","0.2300",""
"5286393","Magic","Innistrad: Crimson Vow","Ill-Tempered Loner","","162","R","Near Mint","0.47","0.43","1.7400","0.4300","0","0","0.4400",""
"5264365","Magic","Innistrad: Crimson Vow","Innocent Traveler (Showcase)","","294","U","Near Mint Foil","0.12","0.06","1.3300","0.0200","1","0","0.1500",""
"5265510","Magic","Innistrad: Crimson Vow","Inspired Idea","","64","R","Near Mint","0.08","0.07","1.3200","0.0100","1","0","0.1500",""
"5287713","Magic","Innistrad: Crimson Vow","Jacob Hauken, Inspector (Showcase)","","320","M","Near Mint","0.30","0.39","1.4100","0.1000","0","0","0.1500",""
"5286723","Magic","Innistrad: Crimson Vow","Kaya, Geist Hunter","","240","M","Near Mint","1.08","1.21","1.7100","0.4000","0","0","0.5400",""
"5292443","Magic","Innistrad: Crimson Vow","Kaya, Geist Hunter (Borderless)","","280","M","Near Mint","1.49","1.44","2.7100","1.4000","0","0","1.4200",""
"5260890","Magic","Innistrad: Crimson Vow","Lantern Flare","","23","R","Near Mint","0.11","0.11","1.3200","0.0100","0","0","0.1500",""
"5272971","Magic","Innistrad: Crimson Vow","Markov Purifier (Showcase)","","312","U","Near Mint","0.08","","1.3300","0.0200","0","0","0.1500",""
"5272231","Magic","Innistrad: Crimson Vow","Mirrorhall Mimic","","68","R","Near Mint","0.63","0.54","1.7600","0.4500","0","0","0.4900",""
"5267817","Magic","Innistrad: Crimson Vow","Mountain (274)","","274","L","Near Mint Foil","0.70","0.69","1.6600","0.3500","1","0","0.4200",""
"5288343","Magic","Innistrad: Crimson Vow","Olivia's Attendants","","172","R","Near Mint","0.30","","1.5200","0.2100","0","0","0.2300",""
"5288348","Magic","Innistrad: Crimson Vow","Olivia's Attendants","","172","R","Near Mint Foil","0.32","","1.5600","0.2500","0","0","0.2600",""
"5291808","Magic","Innistrad: Crimson Vow","Olivia's Attendants (Showcase)","","307","R","Near Mint Foil","0.76","0.62","1.9300","0.6200","1","0","0.6500",""
"5249257","Magic","Innistrad: Crimson Vow","Overcharged Amalgam","","71","R","Near Mint","0.27","","1.5500","0.2400","0","0","0.2400",""
"5258915","Magic","Innistrad: Crimson Vow","Packsong Pup","","213","U","Near Mint","0.21","0.25","1.4100","0.1000","1","0","0.1500",""
"5256579","Magic","Innistrad: Crimson Vow","Path of Peril","","124","R","Near Mint","0.12","0.15","1.3600","0.0100","0","0","0.1500",""
"5254184","Magic","Innistrad: Crimson Vow","Sigarda's Summons","","36","R","Near Mint","0.32","","1.5200","0.2100","0","0","0.2300",""
"5268767","Magic","Innistrad: Crimson Vow","Stensia Uprising","","178","R","Near Mint","0.14","0.10","1.3600","0.0500","1","0","0.1500",""
"5268252","Magic","Innistrad: Crimson Vow","Swamp (272)","","272","L","Near Mint","0.88","0.75","1.7100","0.4000","0","0","0.5000",""
"5250911","Magic","Innistrad: Crimson Vow","Thalia, Guardian of Thraben","","38","R","Near Mint","0.41","0.40","1.5600","0.2200","0","0","0.2600",""
"5255324","Magic","Innistrad: Crimson Vow","Torens, Fist of the Angels","","249","R","Near Mint","0.36","0.27","1.4600","0.1500","0","0","0.1900",""
"5263230","Magic","Innistrad: Crimson Vow","Undead Butler","","133","U","Near Mint","0.25","0.25","1.4800","0.1700","0","0","0.1900",""
"5256359","Magic","Innistrad: Crimson Vow","Vampires' Vengeance","","180","U","Near Mint","0.15","0.15","1.4000","0.0900","0","0","0.1500",""
"5256364","Magic","Innistrad: Crimson Vow","Vampires' Vengeance","","180","U","Near Mint Foil","0.32","0.30","1.4800","0.1700","1","0","0.2000",""
"5265445","Magic","Innistrad: Crimson Vow","Voice of the Blessed (Extended Art)","","354","R","Near Mint","2.45","2.99","3.4500","2.0600","0","0","2.1400",""
"5249493","Magic","Innistrad: Crimson Vow","Voldaren Bloodcaster","","137","R","Near Mint","0.21","","1.4500","0.1000","0","0","0.1500",""
"5255774","Magic","Innistrad: Crimson Vow","Wedding Announcement","","45","R","Near Mint","0.32","0.34","1.5000","0.1900","0","0","0.2200",""
"5286283","Magic","Innistrad: Crimson Vow","Winged Portent","","89","R","Near Mint","0.24","","1.4200","0.1100","0","0","0.1500",""
"5279458","Magic","Innistrad: Crimson Vow","Wolfkin Outcast","","229","U","Near Mint","0.13","0.10","1.3800","0.0700","1","0","0.1500",""
"5331880","Magic","Innistrad: Double Feature","Geralf, Visionary Stitcher","","328","R","Near Mint","3.71","3.80","4.3000","2.9900","0","0","3.3200",""
"5331470","Magic","Innistrad: Double Feature","Katilda, Dawnhart Martyr","","288","R","Near Mint","1.56","","2.1500","0.6600","0","0","0.8400",""
"5331960","Magic","Innistrad: Double Feature","Malevolent Hermit","","61","R","Near Mint","1.22","1.50","2.3900","1.0000","0","0","1.0400",""
"5331380","Magic","Innistrad: Double Feature","Wedding Announcement","","312","R","Near Mint","1.74","1.76","2.3100","1.0000","1","0","1.1900",""
"5176685","Magic","Innistrad: Midnight Hunt","Adeline, Resplendent Cathar","","1","R","Near Mint","3.85","4.68","4.1000","2.7900","0","0","3.3000",""
"5178670","Magic","Innistrad: Midnight Hunt","Adeline, Resplendent Cathar (Showcase)","","312","R","Near Mint","2.61","3.06","3.1900","1.8800","0","0","2.0200",""
"5181171","Magic","Innistrad: Midnight Hunt","Angelfire Ignition","","209","R","Near Mint","0.35","","1.5400","0.2300","0","0","0.2500",""
"5155957","Magic","Innistrad: Midnight Hunt","Arlinn, the Pack's Hope","","211","M","Near Mint","2.63","3.75","3.3100","2.0000","0","0","2.1200",""
"5189737","Magic","Innistrad: Midnight Hunt","Bloodline Culling","","89","R","Near Mint","0.16","0.12","1.4000","0.0900","1","0","0.1500",""
"5172364","Magic","Innistrad: Midnight Hunt","Bloodthirsty Adversary","","129","M","Near Mint","0.38","0.33","1.4700","0.1600","0","0","0.2000",""
"5189957","Magic","Innistrad: Midnight Hunt","Bloodtithe Collector","","90","U","Near Mint","0.03","0.04","1.3200","0.0100","1","0","0.1500",""
"5177565","Magic","Innistrad: Midnight Hunt","Brood Weaver","","173","U","Near Mint","0.12","0.12","1.4100","0.1000","2","0","0.1500",""
"5158796","Magic","Innistrad: Midnight Hunt","Brutal Cathar","","7","R","Near Mint","0.26","0.25","1.4400","0.1300","0","0","0.1600",""
"5164978","Magic","Innistrad: Midnight Hunt","Brutal Cathar (Showcase)","","286","R","Near Mint","0.22","0.25","1.4100","0.1000","0","0","0.1500",""
"5181772","Magic","Innistrad: Midnight Hunt","Burn Down the House","","131","R","Near Mint","0.38","0.25","1.5600","0.2500","0","0","0.2800",""
"5177675","Magic","Innistrad: Midnight Hunt","Can't Stay Away","","213","R","Near Mint","0.19","0.16","1.3400","0.0300","0","0","0.1500",""
"5183417","Magic","Innistrad: Midnight Hunt","Cathar Commando","","10","C","Near Mint","0.11","0.10","1.3700","0.0600","0","0","0.1500",""
"5143141","Magic","Innistrad: Midnight Hunt","Champion of the Perished","","91","R","Near Mint","1.25","1.39","1.9600","0.6500","0","0","0.7800",""
"5143146","Magic","Innistrad: Midnight Hunt","Champion of the Perished","","91","R","Near Mint Foil","1.18","1.50","2.0500","0.7400","0","0","0.8300",""
"5164638","Magic","Innistrad: Midnight Hunt","Champion of the Perished (Extended Art)","","344","R","Near Mint","1.21","0.99","1.6300","0.3200","0","0","0.4900",""
"5143361","Magic","Innistrad: Midnight Hunt","Consider","","44","C","Near Mint","0.33","0.40","1.5300","0.2200","0","0","0.2400",""
"5190287","Magic","Innistrad: Midnight Hunt","Crawl from the Cellar","","93","C","Near Mint","0.08","0.05","1.3400","0.0300","1","0","0.1500",""
"5166471","Magic","Innistrad: Midnight Hunt","Croaking Counterpart","","215","R","Near Mint","0.55","0.75","1.6800","0.3700","0","0","0.4000",""
"5163387","Magic","Innistrad: Midnight Hunt","Curse of Leeches","","94","R","Near Mint","0.21","","1.3700","0.0600","0","0","0.1500",""
"5161787","Magic","Innistrad: Midnight Hunt","Curse of Shaken Faith","","134","R","Near Mint","0.24","0.23","1.4100","0.1000","0","0","0.1500",""
"5176020","Magic","Innistrad: Midnight Hunt","Curse of Silence","","15","R","Near Mint","0.22","0.23","1.4600","0.1500","0","0","0.1700",""
"5174094","Magic","Innistrad: Midnight Hunt","Curse of Surveillance","","46","R","Near Mint","0.15","","1.4100","0.1000","0","0","0.1500",""
"5157256","Magic","Innistrad: Midnight Hunt","Deserted Beach (Borderless)","","281","R","Near Mint","3.74","4.67","4.3100","3.0000","0","0","3.3300",""
"5170173","Magic","Innistrad: Midnight Hunt","Dire-Strain Rampage","","219","R","Near Mint","0.23","","1.4500","0.1400","1","0","0.1600",""
"5180935","Magic","Innistrad: Midnight Hunt","Dreadhound","","97","U","Near Mint","0.16","0.15","1.4300","0.1200","0","0","0.1500",""
"5177455","Magic","Innistrad: Midnight Hunt","Dryad's Revival","","183","U","Near Mint","0.17","0.18","1.4600","0.1500","0","0","0.1500",""
"5182662","Magic","Innistrad: Midnight Hunt","Fateful Absence","","18","R","Near Mint","0.31","","1.5300","0.1900","0","0","0.2400",""
"5180160","Magic","Innistrad: Midnight Hunt","Field of Ruin","","262","U","Near Mint","0.12","0.15","1.4100","0.1000","2","0","0.1500",""
"5180715","Magic","Innistrad: Midnight Hunt","Florian, Voldaren Scion","","223","R","Near Mint","0.28","0.20","1.4500","0.1400","0","0","0.1700",""
"5156697","Magic","Innistrad: Midnight Hunt","Galvanic Iteration","","224","R","Near Mint","0.27","0.25","1.5100","0.2000","0","0","0.2100",""
"5164207","Magic","Innistrad: Midnight Hunt","Galvanic Iteration (Extended Art)","","371","R","Near Mint Foil","0.97","0.96","1.9400","0.6300","0","0","0.7000",""
"5161567","Magic","Innistrad: Midnight Hunt","Geistflame Reservoir","","142","R","Near Mint","0.10","0.12","1.3500","0.0400","0","0","0.1500",""
"5166731","Magic","Innistrad: Midnight Hunt","Ghoulcaller's Harvest","","225","R","Near Mint","0.21","0.10","1.3700","0.0600","1","0","0.1500",""
"5162267","Magic","Innistrad: Midnight Hunt","Gisa, Glorious Resurrector","","103","R","Near Mint","1.94","2.01","2.9900","1.6800","0","0","1.7500",""
"5182292","Magic","Innistrad: Midnight Hunt","Hallowed Respite","","227","R","Near Mint","0.18","0.14","1.4000","0.0900","0","0","0.1500",""
"5179570","Magic","Innistrad: Midnight Hunt","Hound Tamer (Showcase)","","302","U","Near Mint","0.10","0.07","1.3600","0.0500","2","0","0.1500",""
"5171716","Magic","Innistrad: Midnight Hunt","Intrepid Adversary","","25","M","Near Mint","0.48","0.42","1.6700","0.3600","0","0","0.4000",""
"5172166","Magic","Innistrad: Midnight Hunt","Intrepid Adversary (Extended Art)","","329","M","Near Mint","1.31","1.31","2.2800","0.9700","0","0","1.0400",""
"5158136","Magic","Innistrad: Midnight Hunt","Jadar, Ghoulcaller of Nephalia (Showcase)","","315","R","Near Mint","4.80","4.80","4.9900","3.0000","0","0","3.9000",""
"5189187","Magic","Innistrad: Midnight Hunt","Katilda, Dawnhart Prime","","230","R","Near Mint","0.56","0.56","1.8100","0.5000","0","0","0.5100",""
"5174494","Magic","Innistrad: Midnight Hunt","Lier, Disciple of the Drowned","","59","M","Near Mint","2.71","3.41","3.4600","2.1500","0","0","2.2600",""
"5174604","Magic","Innistrad: Midnight Hunt","Lier, Disciple of the Drowned (Showcase)","","313","M","Near Mint","2.68","2.72","3.7700","2.4600","1","0","2.5000",""
"5166881","Magic","Innistrad: Midnight Hunt","Liesa, Forgotten Archangel","","232","R","Near Mint","0.76","0.86","1.9000","0.5900","0","0","0.6200",""
"5166886","Magic","Innistrad: Midnight Hunt","Liesa, Forgotten Archangel","","232","R","Near Mint Foil","1.84","","1.9300","0.6200","0","0","0.8900",""
"5166991","Magic","Innistrad: Midnight Hunt","Liesa, Forgotten Archangel (Showcase)","","319","R","Near Mint","0.69","0.66","1.8600","0.5500","0","0","0.5800",""
"5160677","Magic","Innistrad: Midnight Hunt","Light Up the Night","","146","R","Near Mint","0.12","0.08","1.3500","0.0400","1","0","0.1500",""
"5190727","Magic","Innistrad: Midnight Hunt","Lord of the Forsaken","","110","M","Near Mint","0.31","0.25","1.4600","0.1500","0","0","0.1800",""
"5189407","Magic","Innistrad: Midnight Hunt","Ludevic, Necrogenius","","233","R","Near Mint","0.15","0.14","1.3500","0.0400","1","0","0.1500",""
"5187927","Magic","Innistrad: Midnight Hunt","Malevolent Hermit","","61","R","Near Mint","0.84","1.39","1.9100","0.6000","0","0","0.6500",""
"5177125","Magic","Innistrad: Midnight Hunt","Mask of Griselbrand","","111","R","Near Mint","0.37","0.33","1.5600","0.2500","1","0","0.3400",""
"5181432","Magic","Innistrad: Midnight Hunt","Memory Deluge","","62","R","Near Mint","0.16","0.14","1.3600","0.0500","0","0","0.1500",""
"5174714","Magic","Innistrad: Midnight Hunt","Moonsilver Key","","255","U","Near Mint","0.57","0.56","1.5800","0.2700","0","0","0.3300",""
"5173214","Magic","Innistrad: Midnight Hunt","Mystic Skull","","256","U","Near Mint","0.09","0.06","1.3600","0.0500","0","0","0.1500",""
"5173434","Magic","Innistrad: Midnight Hunt","Odric's Outrider","","29","U","Near Mint","0.05","0.05","1.3200","0.0100","2","0","0.1500",""
"5184957","Magic","Innistrad: Midnight Hunt","Outland Liberator (Showcase)","","303","U","Near Mint","0.19","0.20","1.4100","0.1000","0","0","0.1500",""
"5171386","Magic","Innistrad: Midnight Hunt","Patrician Geist","","69","R","Near Mint","0.21","0.20","1.3900","0.0800","0","0","0.1500",""
"5163057","Magic","Innistrad: Midnight Hunt","Poppet Stitcher","","71","M","Near Mint","1.46","1.70","2.4300","1.1200","0","0","1.2500",""
"5178225","Magic","Innistrad: Midnight Hunt","Reckless Stormseeker","","157","R","Near Mint","0.33","0.31","1.5800","0.2700","0","0","0.2800",""
"5173769","Magic","Innistrad: Midnight Hunt","Reckless Stormseeker (Showcase)","","294","R","Near Mint Foil","0.59","0.43","1.7500","0.4400","0","0","0.4700",""
"5161377","Magic","Innistrad: Midnight Hunt","Rite of Harmony","","236","R","Near Mint","0.49","0.46","1.7500","0.4400","0","0","0.4400",""
"5155847","Magic","Innistrad: Midnight Hunt","Saryth, the Viper's Fang (Showcase)","","304","R","Near Mint","0.80","0.85","1.9000","0.5900","0","0","0.6300",""
"5185397","Magic","Innistrad: Midnight Hunt","Sigarda's Splendor","","33","R","Near Mint","0.44","0.39","1.6900","0.3800","0","0","0.3900",""
"5177790","Magic","Innistrad: Midnight Hunt","Siphon Insight","","241","R","Near Mint Foil","0.26","","1.4500","0.1400","0","0","0.1600",""
"5174274","Magic","Innistrad: Midnight Hunt","Slogurk, the Overslime","","242","R","Near Mint","0.33","","1.4800","0.1700","0","0","0.2000",""
"5174384","Magic","Innistrad: Midnight Hunt","Slogurk, the Overslime (Showcase)","","324","R","Near Mint","0.28","","1.4500","0.1400","0","0","0.1700",""
"5166361","Magic","Innistrad: Midnight Hunt","Sludge Monster","","76","R","Near Mint","0.50","0.47","1.7100","0.4000","0","0","0.4200",""
"5182072","Magic","Innistrad: Midnight Hunt","Smoldering Egg","","159","R","Near Mint","0.26","0.29","1.5000","0.1900","0","0","0.2000",""
"5169381","Magic","Innistrad: Midnight Hunt","Spectral Adversary","","77","M","Near Mint","0.36","0.33","1.5900","0.2800","0","0","0.2900",""
"5172954","Magic","Innistrad: Midnight Hunt","Sungold Sentinel","","37","R","Near Mint","0.11","0.10","1.3400","0.0300","0","0","0.1500",""
"5175319","Magic","Innistrad: Midnight Hunt","Suspicious Stowaway","","80","R","Near Mint Foil","0.24","0.22","1.4200","0.1100","1","0","0.1500",""
"5145154","Magic","Innistrad: Midnight Hunt","Swamp (272)","","272","L","Near Mint","0.77","0.76","1.8100","0.5000","0","0","0.5500",""
"5145754","Magic","Innistrad: Midnight Hunt","Swamp (273)","","273","L","Near Mint","0.81","0.74","1.7000","0.3900","0","0","0.4700",""
"5168426","Magic","Innistrad: Midnight Hunt","Tainted Adversary","","124","M","Near Mint Foil","1.96","2.20","2.8000","1.4900","0","0","1.5800",""
"5179940","Magic","Innistrad: Midnight Hunt","Teferi, Who Slows the Sunset","","245","M","Near Mint","3.37","4.44","3.5300","2.2200","0","0","2.7900",""
"5165537","Magic","Innistrad: Midnight Hunt","The Celestus (Extended Art)","","377","R","Near Mint","0.96","0.84","1.8000","0.4900","0","0","0.5800",""
"5181587","Magic","Innistrad: Midnight Hunt","The Meathook Massacre","","112","M","Near Mint Foil","22.13","","22.1100","22.1100","0","0","22.1200",""
"5143471","Magic","Innistrad: Midnight Hunt","Triskaidekaphile","","81","R","Near Mint","0.49","0.48","1.6600","0.3500","0","0","0.3800",""
"5167321","Magic","Innistrad: Midnight Hunt","Turn the Earth","","205","U","Near Mint","0.14","0.11","1.4000","0.0900","1","0","0.1500",""
"5166211","Magic","Innistrad: Midnight Hunt","Unnatural Growth","","206","R","Near Mint","2.43","3.44","2.6100","0.6200","0","0","0.9600",""
"5174824","Magic","Innistrad: Midnight Hunt","Vadrik, Astral Archmage","","248","R","Near Mint","0.24","0.19","1.4300","0.1200","0","0","0.1500",""
"5175044","Magic","Innistrad: Midnight Hunt","Vadrik, Astral Archmage (Showcase)","","325","R","Near Mint","0.12","0.11","1.3900","0.0800","1","0","0.1500",""
"5176575","Magic","Innistrad: Midnight Hunt","Vanquish the Horde","","41","R","Near Mint","0.50","0.79","1.5100","0.2000","0","0","0.2600",""
"5173544","Magic","Innistrad: Midnight Hunt","Wake to Slaughter","","250","R","Near Mint","0.10","0.10","1.3500","0.0400","1","0","0.1500",""
"5143691","Magic","Innistrad: Midnight Hunt","Wrenn and Seven","","208","M","Near Mint","1.46","1.30","2.2800","0.9700","0","0","1.0700",""
"20914","Magic","Invasion","Captain Sisay","","237","R","Near Mint","14.38","","15.2700","14.1800","0","0","14.2800",""
"20972","Magic","Invasion","Global Ruin","","18","R","Near Mint","0.40","","1.5000","0.1900","0","0","0.2300",""
"21028","Magic","Invasion","Opt","","64","C","Near Mint","0.58","0.58","1.7600","0.2600","0","0","0.3200",""
"21031","Magic","Invasion","Overabundance","","259","R","Near Mint","4.12","29.68","5.3000","3.9900","0","0","4.0500",""
"21140","Magic","Invasion","Tectonic Instability","","173","R","Near Mint","2.15","","3.4500","1.9600","0","0","2.0300",""
"21204","Magic","Invasion","Yawgmoth's Agenda","","135","R","Near Mint","0.49","","1.7100","0.4000","0","0","0.4200",""
"3457351","Magic","Ixalan","Arcane Adaptation","","46","R","Near Mint","2.27","3.32","2.7600","1.4500","0","0","1.6100",""
"3457441","Magic","Ixalan","Deadeye Tracker","","99","R","Near Mint","0.25","","1.5200","0.2100","1","0","0.2200",""
"3457691","Magic","Ixalan","Dragonskull Summit","","252","R","Near Mint","1.08","1.97","2.1000","0.7900","1","0","0.8500",""
"3457701","Magic","Ixalan","Drowned Catacomb","","253","R","Near Mint","1.80","2.12","2.5400","1.2300","0","0","1.3400",""
"3466002","Magic","Ixalan","Duress","","105","C","Near Mint","0.06","","1.3500","0.0400","1","0","0.1500",""
"3457586","Magic","Ixalan","Emperor's Vanguard","","189","R","Near Mint Foil","0.21","","1.4900","0.1800","0","0","0.1900",""
"3466177","Magic","Ixalan","Fell Flagship","","238","R","Near Mint","0.28","","1.5200","0.2100","0","0","0.2200",""
"3469451","Magic","Ixalan","Fleet Swallower","","57","R","Near Mint","1.36","1.49","2.3000","0.9900","0","0","1.0600",""
"3457391","Magic","Ixalan","Herald of Secret Streams","","59","R","Near Mint","5.35","5.99","5.0000","5.0000","0","0","5.1700",""
"3457402","Magic","Ixalan","Kopala, Warden of Waves","","61","R","Lightly Played","0.23","0.21","1.4000","0.0900","0","0","0.1500",""
"3457406","Magic","Ixalan","Kopala, Warden of Waves","","61","R","Near Mint Foil","1.98","","3.0100","1.7000","0","0","1.7600",""
"3461910","Magic","Ixalan","Old-Growth Dryads","","199","R","Near Mint","0.19","","1.4000","0.0900","0","0","0.1500",""
"3466022","Magic","Ixalan","Opt","","65","C","Near Mint","0.14","","1.3900","0.0800","0","0","0.1500",""
"3469471","Magic","Ixalan","Repeating Barrage","","156","R","Near Mint","0.10","","1.3600","0.0500","2","0","0.1500",""
"3471000","Magic","Ixalan","Ritual of Rejuvenation","","32","C","Near Mint","0.08","","1.3400","0.0300","1","0","0.1500",""
"3457721","Magic","Ixalan","Rootbound Crag","","256","R","Near Mint","0.89","1.19","1.8600","0.5500","0","0","0.6200",""
"3457321","Magic","Ixalan","Sanguine Sacrament","","33","R","Near Mint","0.22","","1.4700","0.1600","0","0","0.1700",""
"3467212","Magic","Ixalan","Search for Azcanta","","74","R","Near Mint","1.92","1.92","3.0600","1.7500","0","0","1.7800",""
"3467217","Magic","Ixalan","Search for Azcanta","","74","R","Near Mint Foil","4.18","","4.6100","3.3000","0","0","3.7400",""
"3469256","Magic","Ixalan","Shadowed Caravel","","246","R","Near Mint","0.18","","1.4100","0.1000","0","0","0.1500",""
"3470470","Magic","Ixalan","Shaper Apprentice","","75","C","Near Mint","0.04","","1.3200","0.0100","1","0","0.1500",""
"3457731","Magic","Ixalan","Sunpetal Grove","","257","R","Near Mint","0.90","1.11","1.7600","0.2700","1","0","0.5400",""
"3457681","Magic","Ixalan","Vanquisher's Banner","","251","R","Near Mint","3.90","4.97","4.2400","2.9300","0","0","3.4200",""
"3470500","Magic","Ixalan","Verdant Rebirth","","212","U","Near Mint","0.17","","1.3800","0.0700","1","0","0.1500",""
"1182977","Magic","Journey Into Nyx","Aegis of the Gods","","1","R","Lightly Played","1.03","","2.2900","0.9800","0","0","0.9900",""
"1182978","Magic","Journey Into Nyx","Aegis of the Gods","","1","R","Moderately Played","1.01","","2.2800","0.9700","0","0","0.9800",""
"1182979","Magic","Journey Into Nyx","Aegis of the Gods","","1","R","Heavily Played","0.89","","2.1800","0.8700","0","0","0.8700",""
"1182379","Magic","Journey Into Nyx","Dakra Mystic","","35","U","Near Mint","0.22","","1.4600","0.1500","1","0","0.1600",""
"1183248","Magic","Journey Into Nyx","Dictate of Erebos","","65","R","Near Mint","16.67","16.97","15.9900","15.0000","0","0","15.8800",""
"1183249","Magic","Journey Into Nyx","Dictate of Erebos","","65","R","Lightly Played","16.40","17.30","15.8100","13.8600","0","0","16.0500",""
"1182792","Magic","Journey Into Nyx","Dictate of Karametra","","121","R","Near Mint","0.75","0.74","1.9000","0.5900","1","0","0.6200",""
"1181976","Magic","Journey Into Nyx","Eidolon of Blossoms","","122","R","Lightly Played","1.95","","2.9000","1.5900","0","0","1.6700",""
"1182451","Magic","Journey Into Nyx","Godsend","","12","M","Lightly Played","3.11","2.05","4.0300","2.7200","0","0","2.9200",""
"1182762","Magic","Journey Into Nyx","Mana Confluence","","163","R","Near Mint","23.14","29.99","24.0500","21.0500","0","0","21.6800",""
"1182877","Magic","Journey Into Nyx","Master of the Feast","","75","R","Lightly Played","3.06","3.32","3.8400","2.5300","0","0","2.7900",""
"1182552","Magic","Journey Into Nyx","Setessan Tactics","","140","R","Near Mint","0.41","","1.6500","0.3400","0","0","0.3600",""
"1182732","Magic","Journey Into Nyx","Silence the Believers","","82","R","Near Mint","0.16","","1.3700","0.0600","0","0","0.1500",""
"22674","Magic","Judgment","Epic Struggle","","112","R","Near Mint","7.31","","7.3100","5.7800","0","0","6.5400",""
"371909","Magic","Judgment","Filth","","66","U","Lightly Played","6.27","7.27","5.6300","5.6300","1","0","5.6300",""
"22605","Magic","Judgment","Keep Watch","","43","C","Near Mint","1.03","0.90","2.3000","0.9900","0","0","1.0000",""
"22635","Magic","Judgment","Sutured Ghoul","","73","R","Near Mint","0.44","","1.6100","0.3000","0","0","0.3300",""
"22584","Magic","Judgment","Test of Endurance","","29","R","Near Mint","3.25","","4.7800","3.4700","0","0","4.0400",""
"4476333","Magic","Jumpstart","Allosaurus Shepherd","","28","M","Near Mint","24.79","26.21","22.7400","21.7500","0","0","22.6600",""
"4478109","Magic","Jumpstart","Angelic Arbiter","","86","R","Near Mint","3.65","3.65","3.8100","2.5000","0","0","3.0800",""
"4476273","Magic","Jumpstart","Assault Formation","","378","R","Near Mint","0.38","","1.5800","0.2700","0","0","0.2900",""
"4478049","Magic","Jumpstart","Bruvac the Grandiloquent","","10","M","Near Mint","39.77","39.54","31.8200","30.6200","0","0","37.1300",""
"4476996","Magic","Jumpstart","Cathars' Crusade","","95","R","Near Mint","3.90","4.20","4.6100","3.3000","0","0","3.6500",""
"4476916","Magic","Jumpstart","Emiel the Blessed","","3","M","Near Mint","4.86","5.10","5.2100","5.2100","0","0","5.2100",""
"4478589","Magic","Jumpstart","Goblin Chieftain","","324","R","Near Mint","4.30","4.34","4.9600","3.6500","0","0","3.9700",""
"4477227","Magic","Jumpstart","Lena, Selfless Champion","","117","R","Near Mint","0.21","0.20","1.5100","0.2000","1","0","0.2000",""
"4478194","Magic","Jumpstart","Linvala, Keeper of Silence","","119","M","Near Mint","16.80","16.95","16.4900","15.1800","0","0","16.6400",""
"4475890","Magic","Jumpstart","Momentous Fall","","411","R","Near Mint","2.07","2.02","3.0100","1.7000","1","0","1.7500",""
"4477424","Magic","Jumpstart","Muxus, Goblin Grandee","","24","R","Near Mint","5.15","5.23","5.0400","5.0400","0","0","5.1000",""
"4477091","Magic","Jumpstart","Path to Exile","","127","U","Near Mint","0.89","","2.1400","0.8300","0","0","0.8400",""
"4476373","Magic","Jumpstart","Selvala, Heart of the Wilds","","429","M","Near Mint","5.19","5.40","5.0600","3.7500","0","0","4.4800",""
"4477697","Magic","Jumpstart","Spectral Sailor","","178","U","Near Mint","0.12","0.10","1.4100","0.1000","1","0","0.1500",""
"4476212","Magic","Jumpstart","Towering Titan","","31","M","Near Mint","0.50","0.44","1.6100","0.3000","0","0","0.3400",""
"4476448","Magic","Jumpstart","Vedalken Archmage","","187","R","Near Mint","10.69","10.95","10.8700","9.6500","0","0","10.1300",""
"4475181","Magic","Jumpstart","Wall of Blossoms","","442","U","Near Mint","0.18","0.15","1.4500","0.1400","1","0","0.1500",""
"4475575","Magic","Jumpstart","Woodborn Behemoth","","446","U","Near Mint","0.07","","1.3200","0.0100","0","0","0.1500",""
"6742322","Magic","Jumpstart 2022","Arlinn, Voice of the Pack","","85","U","Near Mint","0.25","0.15","1.4600","0.1500","0","0","0.1700",""
"6743690","Magic","Jumpstart 2022","Artificer's Epiphany","","272","C","Near Mint","0.07","","1.3400","0.0300","1","0","0.1500",""
"6751590","Magic","Jumpstart 2022","Banefire","","495","R","Near Mint","0.96","1.01","1.9000","0.5900","0","0","0.6600",""
"6745790","Magic","Jumpstart 2022","Brazen Cannonade","","31","R","Near Mint","0.75","0.66","1.9700","0.6600","0","0","0.6700",""
"6755825","Magic","Jumpstart 2022","Challenger Troll","","639","U","Near Mint","0.07","0.04","1.3600","0.0500","1","0","0.1500",""
"6754945","Magic","Jumpstart 2022","Colossal Majesty","","87","U","Near Mint","0.87","0.90","1.9900","0.6800","0","0","0.7200",""
"6754535","Magic","Jumpstart 2022","Dawn of Hope","","169","R","Near Mint","0.33","","1.6100","0.3000","0","0","0.3100",""
"6748160","Magic","Jumpstart 2022","Decree of Justice","","173","R","Near Mint","0.17","0.11","1.3600","0.0500","0","0","0.1500",""
"6741862","Magic","Jumpstart 2022","Demon of Catastrophes","","397","R","Near Mint","0.21","0.16","1.4600","0.1500","0","0","0.1600",""
"6764970","Magic","Jumpstart 2022","Dragonspeaker Shaman","","525","U","Near Mint","2.21","2.04","3.1500","1.8400","0","0","1.9200",""
"6752610","Magic","Jumpstart 2022","Dread Slaver","","405","R","Near Mint","0.17","0.12","1.4600","0.1500","0","0","0.1500",""
"6742535","Magic","Jumpstart 2022","Eidolon of Rhetoric","","54","U","Near Mint","0.98","0.99","1.9800","0.6700","1","0","0.7300",""
"6750890","Magic","Jumpstart 2022","Emiel the Blessed","","180","M","Near Mint","5.44","5.45","5.4200","5.4200","0","0","5.4300",""
"6754010","Magic","Jumpstart 2022","Endless Ranks of the Dead","","410","R","Near Mint","4.57","4.73","5.0300","5.0300","0","0","5.0300",""
"6756265","Magic","Jumpstart 2022","Engulfing Slagwurm","","655","R","Near Mint","0.37","","1.5900","0.2800","0","0","0.3000",""
"6756295","Magic","Jumpstart 2022","Enlarge","","656","U","Near Mint","0.07","","1.3700","0.0600","0","0","0.1500",""
"6760100","Magic","Jumpstart 2022","Faerie Formation","","294","R","Near Mint","0.18","","1.4500","0.1400","0","0","0.1500",""
"6738895","Magic","Jumpstart 2022","Gigantoplasm","","304","R","Near Mint","0.30","0.31","1.6000","0.2900","0","0","0.2900",""
"6746410","Magic","Jumpstart 2022","Howlgeist","","673","U","Near Mint","0.08","","1.3700","0.0600","1","0","0.1500",""
"6745125","Magic","Jumpstart 2022","Infiltration Lens","","777","U","Near Mint","1.95","","","","0","0","1.8800",""
"6760620","Magic","Jumpstart 2022","Jace, Arcane Strategist","","310","M","Near Mint","0.74","","2.0000","0.6900","0","0","0.7000",""
"6735837","Magic","Jumpstart 2022","Karn Liberated","","97","M","Near Mint","2.63","2.60","3.8100","2.3200","0","0","2.5200",""
"6738395","Magic","Jumpstart 2022","Kibo, Uktabi Prince","","40","M","Near Mint","6.42","6.40","","","0","0","6.4400",""
"6741967","Magic","Jumpstart 2022","Kothophed, Soul Hoarder","","431","R","Near Mint","0.22","0.18","1.4400","0.1300","0","0","0.1500",""
"6760725","Magic","Jumpstart 2022","Krenko, Mob Boss","","564","R","Near Mint","1.28","1.50","2.3000","0.9900","0","0","1.0800",""
"6765955","Magic","Jumpstart 2022","Lathliss, Dragon Queen","","566","R","Near Mint","1.69","1.75","2.5200","1.2100","0","0","1.3000",""
"6763625","Magic","Jumpstart 2022","Leechridden Swamp","","137","U","Near Mint","0.42","0.41","1.7100","0.4000","0","0","0.4000",""
"6755625","Magic","Jumpstart 2022","Lyra Dawnbringer","","210","M","Near Mint","3.78","3.83","4.4200","3.1100","0","0","3.4400",""
"6745405","Magic","Jumpstart 2022","Magmatic Channeler","","571","R","Near Mint","0.16","0.12","1.4300","0.1200","1","0","0.1500",""
"6758200","Magic","Jumpstart 2022","Massacre Wurm","","441","M","Near Mint","1.91","5.00","2.4500","1.1400","0","0","1.2900",""
"6746270","Magic","Jumpstart 2022","Master of the Wild Hunt","","688","M","Near Mint","1.75","2.04","2.7300","1.4200","0","0","1.4900",""
"6762180","Magic","Jumpstart 2022","Merfolk Sovereign","","321","R","Near Mint","0.31","","1.5300","0.2200","0","0","0.2400",""
"6748755","Magic","Jumpstart 2022","Michiko Konda, Truth Seeker","","215","R","Near Mint","4.63","5.35","5.0600","3.7500","0","0","4.1900",""
"6752715","Magic","Jumpstart 2022","Necromancer's Stockpile","","446","R","Near Mint","0.24","","1.5000","0.1900","0","0","0.2000",""
"6747810","Magic","Jumpstart 2022","Ogre Slumlord","","71","R","Near Mint","0.39","","1.5500","0.2400","0","0","0.2700",""
"6740667","Magic","Jumpstart 2022","Overcome","","701","U","Near Mint","0.15","","1.3500","0.0400","1","0","0.1500",""
"6761160","Magic","Jumpstart 2022","Oversold Cemetery","","453","R","Near Mint","1.10","1.64","2.3300","1.0200","0","0","1.0300",""
"6744460","Magic","Jumpstart 2022","Panharmonicon","","788","R","Near Mint","5.03","6.55","4.6100","3.3000","1","0","4.1600",""
"6757990","Magic","Jumpstart 2022","Paradise Druid","","704","U","Near Mint","0.17","0.15","1.4100","0.1000","0","0","0.1500",""
"6764670","Magic","Jumpstart 2022","Piranha Marsh","","818","C","Near Mint","0.22","0.13","1.5000","0.1900","0","0","0.2000",""
"6739055","Magic","Jumpstart 2022","Pirated Copy","","16","M","Near Mint","16.81","18.53","17.2500","16.0300","0","0","16.3800",""
"6747215","Magic","Jumpstart 2022","Predator's Howl","","708","U","Near Mint","0.23","","1.5000","0.1900","1","0","0.2000",""
"6758535","Magic","Jumpstart 2022","Preordain","","63","C","Near Mint","1.66","1.45","2.3100","1.0000","0","0","1.1300",""
"6747845","Magic","Jumpstart 2022","Psychosis Crawler","","792","R","Near Mint","0.45","0.34","1.7000","0.3900","0","0","0.4000",""
"6757145","Magic","Jumpstart 2022","Righteous Valkyrie","","234","R","Near Mint","5.10","6.50","5.0000","5.0000","0","0","5.0500",""
"6758665","Magic","Jumpstart 2022","Roar of Challenge","","720","U","Near Mint","0.24","0.16","1.5000","0.1900","0","0","0.2000",""
"6740347","Magic","Jumpstart 2022","Rodolf Duskbringer","","25","R","Near Mint","3.86","4.29","4.1000","2.7900","0","0","3.1900",""
"6741932","Magic","Jumpstart 2022","Seizan, Perverter of Truth","","463","R","Near Mint","1.44","2.99","2.0100","0.7000","0","0","0.8500",""
"6744320","Magic","Jumpstart 2022","Shimmer Dragon","","347","R","Near Mint","0.27","0.25","1.5100","0.2000","0","0","0.2100",""
"6757570","Magic","Jumpstart 2022","Spirited Companion","","248","C","Near Mint","0.18","0.15","1.4600","0.1500","1","0","0.1600",""
"6744145","Magic","Jumpstart 2022","Steel Overseer","","798","R","Near Mint","0.75","0.64","1.7600","0.4500","0","0","0.5100",""
"6739856","Magic","Jumpstart 2022","Termination Facilitator","","28","R","Near Mint","1.04","0.96","2.1700","0.8600","0","0","0.9000",""
"6746900","Magic","Jumpstart 2022","Tezzeret, Artifice Master","","360","M","Near Mint","2.93","2.92","3.5700","2.2600","0","0","2.5800",""
"6754045","Magic","Jumpstart 2022","The Circle of Loyalty","","166","M","Near Mint","0.37","0.30","1.6800","0.3700","0","0","0.3700",""
"6742037","Magic","Jumpstart 2022","Thrashing Brontodon","","92","U","Near Mint","0.17","0.06","1.3700","0.0600","1","0","0.1500",""
"6739716","Magic","Jumpstart 2022","Towering Gibbon","","46","U","Near Mint","0.21","","1.4800","0.1700","0","0","0.1800",""
"6759055","Magic","Jumpstart 2022","Triskaidekaphobia","","479","R","Near Mint","0.61","0.15","1.4600","0.1500","1","0","0.2400",""
"6764265","Magic","Jumpstart 2022","Triton Shorestalker","","365","C","Near Mint","0.17","","1.4600","0.1500","1","0","0.1500",""
"6738745","Magic","Jumpstart 2022","Urza's Factory","","828","U","Near Mint","0.16","0.14","1.4700","0.1600","0","0","0.1600",""
"6738200","Magic","Jumpstart 2022","Urza's Mine","","829","C","Near Mint","0.53","0.50","1.8100","0.5000","0","0","0.5100",""
"6738360","Magic","Jumpstart 2022","Urza's Power Plant","","830","C","Near Mint","0.53","0.49","1.7500","0.4400","0","0","0.4500",""
"6738590","Magic","Jumpstart 2022","Urza's Tower","","831","C","Near Mint","0.48","0.46","1.7700","0.4600","0","0","0.4600",""
"6757970","Magic","Jumpstart 2022","Valkyrie Harbinger","","261","R","Near Mint","1.37","","2.6200","1.3100","0","0","1.3200",""
"6738975","Magic","Jumpstart 2022","Walking Ballista","","806","R","Near Mint","6.80","7.25","6.9600","5.6500","0","0","6.2200",""
"6740982","Magic","Jumpstart 2022","Wildborn Preserver","","738","R","Near Mint","0.18","","1.4200","0.1100","0","0","0.1500",""
"6749105","Magic","Jumpstart 2022","Wolfwillow Haven","","742","U","Near Mint","0.12","0.07","1.3800","0.0700","1","0","0.1500",""
"6755005","Magic","Jumpstart 2022","World Breaker","","93","M","Near Mint","2.68","2.33","","","0","0","2.1300",""
"6746060","Magic","Jumpstart 2022","Yidaro, Wandering Monster","","625","R","Near Mint","0.17","0.16","1.4300","0.1200","0","0","0.1500",""
"3201299","Magic","Kaladesh","Aether Hub","","242","U","Near Mint","0.14","0.14","1.3600","0.0500","4","0","0.1500",""
"3200831","Magic","Kaladesh","Aetherflux Reservoir","","192","R","Near Mint","19.31","24.49","18.9900","18.0000","0","0","18.6400",""
"3202482","Magic","Kaladesh","Aethersquall Ancient","","39","R","Near Mint","0.16","","1.3800","0.0700","0","0","0.1500",""
"3200209","Magic","Kaladesh","Aetherstorm Roc","","3","R","Near Mint","0.15","","1.3600","0.0500","0","0","0.1500",""
"3202502","Magic","Kaladesh","Authority of the Consuls","","5","R","Near Mint","4.50","8.48","5.0000","5.0000","0","0","5.0000",""
"3203682","Magic","Kaladesh","Confiscation Coup","","41","R","Near Mint","0.08","","1.3200","0.0100","2","0","0.1500",""
"3200319","Magic","Kaladesh","Depala, Pilot Exemplar","","178","R","Near Mint","0.20","0.20","1.3800","0.0700","1","0","0.1500",""
"3202242","Magic","Kaladesh","Eliminate the Competition","","78","R","Near Mint","0.16","","1.3700","0.0600","1","0","0.1500",""
"3203892","Magic","Kaladesh","Fateful Showdown","","114","R","Near Mint","0.25","0.23","1.4300","0.1200","1","0","0.1500",""
"3203392","Magic","Kaladesh","Foundry Inspector","","215","U","Near Mint","0.28","","1.5600","0.2500","0","0","0.2600",""
"3200004","Magic","Kaladesh","Inventors' Fair","","247","R","Near Mint","10.66","15.98","10.9600","9.9700","0","0","10.4700",""
"3200701","Magic","Kaladesh","Longtusk Cub","","161","U","Near Mint","0.11","","1.3200","0.0100","8","0","0.1500",""
"3204092","Magic","Kaladesh","Marionette Master","","90","R","Near Mint","1.43","2.39","2.6600","1.3500","0","0","1.3700",""
"3200871","Magic","Kaladesh","Master Trinketeer","","21","R","Near Mint","0.15","","1.3700","0.0600","0","0","0.1500",""
"3200721","Magic","Kaladesh","Metallurgic Summonings","","56","M","Near Mint","1.04","","2.1900","0.8800","0","0","0.9100",""
"3201710","Magic","Kaladesh","Midnight Oil","","92","R","Near Mint","0.13","0.13","1.3900","0.0800","2","0","0.1500",""
"3200439","Magic","Kaladesh","Multiform Wonder","","223","R","Near Mint","0.15","0.08","1.3900","0.0800","2","0","0.1500",""
"3200014","Magic","Kaladesh","Ovalchase Dragster","","225","U","Near Mint","0.07","0.07","1.3200","0.0100","1","0","0.1500",""
"3202622","Magic","Kaladesh","Padeem, Consul of Innovation","","59","R","Near Mint","1.22","1.59","2.2100","0.9000","0","0","0.9600",""
"3200891","Magic","Kaladesh","Paradoxical Outcome","","60","R","Near Mint","0.49","0.54","1.6100","0.3000","1","0","0.3400",""
"3200469","Magic","Kaladesh","Pia Nalaar","","124","R","Near Mint","0.16","","1.3900","0.0800","1","0","0.1500",""
"3203472","Magic","Kaladesh","Syndicate Trafficker","","101","R","Near Mint","0.16","0.06","1.3700","0.0600","1","0","0.1500",""
"3200766","Magic","Kaladesh","Territorial Gorger","","136","R","Near Mint","0.09","","1.3600","0.0500","1","0","0.1500",""
"3200796","Magic","Kaladesh","Wispweaver Angel","","35","U","Near Mint","0.08","","1.3300","0.0200","1","0","0.1500",""
"4692130","Magic","Kaldheim","Barkchannel Pathway (Borderless)","","290","R","Near Mint","2.98","3.20","3.7100","2.4000","0","0","2.8700",""
"4722624","Magic","Kaldheim","Battle for Bretagard","","203","R","Near Mint","0.16","0.12","1.4500","0.1400","1","0","0.1500",""
"4706562","Magic","Kaldheim","Behold the Multiverse","","46","C","Near Mint","0.15","0.19","1.4100","0.1000","0","0","0.1500",""
"4738558","Magic","Kaldheim","Birgi, God of Storytelling","","123","R","Near Mint","21.66","21.00","21.0000","19.7300","0","0","20.3100",""
"4730142","Magic","Kaldheim","Cosmos Elixir","","237","R","Near Mint","2.18","2.42","2.6000","1.2900","0","0","1.4700",""
"4730143","Magic","Kaldheim","Cosmos Elixir","","237","R","Lightly Played","2.01","","3.2000","1.8900","0","0","1.9200",""
"4735198","Magic","Kaldheim","Doomskar","","9","R","Near Mint","0.34","0.36","1.6400","0.3300","0","0","0.3300",""
"4719874","Magic","Kaldheim","Giant Ox","","11","C","Near Mint","0.11","0.10","1.3200","0.0100","1","0","0.1500",""
"4738008","Magic","Kaldheim","Glorious Protector","","12","R","Near Mint","0.24","0.19","1.4600","0.1500","1","0","0.1800",""
"4693022","Magic","Kaldheim","Halvar, God of Battle","","15","M","Near Mint","28.45","","26.5000","26.5000","0","0","26.8700",""
"4691074","Magic","Kaldheim","Hengegate Pathway","","260","R","Near Mint","4.48","5.28","5.0000","5.0000","0","0","5.0000",""
"4692340","Magic","Kaldheim","Hengegate Pathway (Borderless)","","293","R","Near Mint","3.67","3.83","3.7600","2.4500","0","0","3.3300",""
"4692345","Magic","Kaldheim","Hengegate Pathway (Borderless)","","293","R","Near Mint Foil","5.55","","5.2600","5.2600","0","0","5.3800",""
"4719544","Magic","Kaldheim","Kardur, Doomscourge","","216","U","Near Mint","0.53","","1.6500","0.3400","0","0","0.3800",""
"4733642","Magic","Kaldheim","Port of Karfell","","265","U","Near Mint","0.09","0.09","1.3700","0.0600","3","0","0.1500",""
"4712790","Magic","Kaldheim","Rally the Ranks","","20","R","Near Mint","0.46","0.43","1.7000","0.3100","0","0","0.3700",""
"4692492","Magic","Kaldheim","Realmwalker","","188","R","Near Mint","1.97","1.96","2.6800","1.3700","0","0","1.4900",""
"4710478","Magic","Kaldheim","Replicating Ring","","244","U","Near Mint","0.55","0.56","1.5900","0.2800","0","0","0.4500",""
"4708938","Magic","Kaldheim","Seize the Spoils","","149","C","Near Mint","0.35","","1.5600","0.2500","0","0","0.2700",""
"4691539","Magic","Kaldheim","Showdown of the Skalds","","229","R","Near Mint Foil","0.99","","1.9700","0.6600","0","0","0.7300",""
"4707667","Magic","Kaldheim","Snow-Covered Mountain (282)","","282","L","Near Mint Foil","1.01","1.99","1.7100","0.4000","1","0","0.5200",""
"4702657","Magic","Kaldheim","Snow-Covered Mountain (283)","","283","L","Near Mint Foil","0.64","0.64","1.7600","0.4500","1","0","0.4900",""
"4718626","Magic","Kaldheim","Starnheim Unleashed","","33","M","Near Mint","1.17","1.10","2.2100","0.9000","0","0","0.9500",""
"4723954","Magic","Kaldheim","Tergrid, God of Fright (Showcase)","","307","R","Near Mint","16.92","","16.9900","16.0000","0","0","16.4900",""
"4730032","Magic","Kaldheim","The Raven's Warning","","227","R","Near Mint","0.15","","1.3900","0.0800","1","0","0.1500",""
"4698985","Magic","Kaldheim","Toski, Bearer of Secrets","","197","R","Near Mint","2.23","","3.2200","1.9100","1","0","1.9800",""
"4703752","Magic","Kaldheim","Valki, God of Lies","","114","M","Near Mint","3.12","3.92","3.8000","2.4900","0","0","2.8100",""
"4693692","Magic","Kaldheim","Valkyrie Harbinger","","374","R","Near Mint","1.25","0.81","1.7100","0.4000","0","0","0.5600",""
"4709818","Magic","Kaldheim","Village Rites","","117","C","Near Mint","0.22","","1.5100","0.2000","0","0","0.2000",""
"4725424","Magic","Kaldheim","Weathered Runestone","","247","U","Near Mint","0.21","0.21","1.4100","0.1000","0","0","0.1500",""
"5373904","Magic","Kamigawa: Neon Dynasty","Ao, the Dawn Sky","","2","M","Near Mint Foil","1.82","1.72","2.5000","1.1900","0","0","1.3200",""
"5373228","Magic","Kamigawa: Neon Dynasty","Azusa's Many Journeys","","172","U","Near Mint","0.12","0.10","1.3200","0.0100","0","0","0.1500",""
"5373233","Magic","Kamigawa: Neon Dynasty","Azusa's Many Journeys","","172","U","Near Mint Foil","0.26","0.19","1.4300","0.1200","1","0","0.1500",""
"5387419","Magic","Kamigawa: Neon Dynasty","Biting-Palm Ninja (Showcase)","","338","R","Near Mint","0.46","0.39","1.7200","0.4100","0","0","0.4200",""
"5403659","Magic","Kamigawa: Neon Dynasty","Blade-Blizzard Kitsune (Showcase)","","331","U","Near Mint","0.06","0.03","1.3200","0.0100","1","0","0.1500",""
"5396820","Magic","Kamigawa: Neon Dynasty","Blade of the Oni","","89","M","Near Mint","0.82","0.70","1.7300","0.4200","0","0","0.5000",""
"5408778","Magic","Kamigawa: Neon Dynasty","Bloodfell Caves","","264","L","Near Mint","0.07","0.04","1.3500","0.0400","2","0","0.1500",""
"5408783","Magic","Kamigawa: Neon Dynasty","Bloodfell Caves","","264","L","Near Mint Foil","0.15","0.08","1.3600","0.0500","1","0","0.1500",""
"5373348","Magic","Kamigawa: Neon Dynasty","Boseiju Reaches Skyward","","177","U","Near Mint","0.12","0.06","1.3500","0.0400","4","0","0.1500",""
"5375529","Magic","Kamigawa: Neon Dynasty","Boseiju, Who Endures","","266","R","Near Mint","31.92","30.77","31.9900","30.6800","0","0","31.2400",""
"5375619","Magic","Kamigawa: Neon Dynasty","Boseiju, Who Endures (Borderless)","","412","R","Near Mint","44.12","47.51","41.7800","39.7900","0","0","41.0700",""
"5386713","Magic","Kamigawa: Neon Dynasty","Brilliant Restoration","","7","R","Near Mint","1.19","1.02","2.2000","0.8900","0","0","0.9400",""
"5386833","Magic","Kamigawa: Neon Dynasty","Brilliant Restoration (Showcase)","","363","R","Near Mint","1.24","0.95","2.1600","0.8500","0","0","0.9300",""
"5397861","Magic","Kamigawa: Neon Dynasty","Cloudsteel Kirin","","8","R","Near Mint Foil","0.39","0.25","1.5900","0.2800","0","0","0.3000",""
"5399851","Magic","Kamigawa: Neon Dynasty","Cloudsteel Kirin (Showcase)","","364","R","Near Mint","0.66","0.49","1.6700","0.3600","0","0","0.4200",""
"5409108","Magic","Kamigawa: Neon Dynasty","Dismal Backwater","","267","L","Near Mint","0.12","0.05","1.3800","0.0700","2","0","0.1500",""
"5410208","Magic","Kamigawa: Neon Dynasty","Eiganjo, Seat of the Empire","","268","R","Near Mint","4.15","5.38","4.1300","2.8200","0","0","3.4200",""
"5415158","Magic","Kamigawa: Neon Dynasty","Eiganjo, Seat of the Empire (Borderless)","","413","R","Near Mint","6.92","7.97","6.3100","5.0400","0","0","5.9800",""
"5392874","Magic","Kamigawa: Neon Dynasty","Eiganjo Uprising (Showcase)","","396","R","Near Mint","0.32","0.20","1.4900","0.1800","0","0","0.2100",""
"5375844","Magic","Kamigawa: Neon Dynasty","Enthusiastic Mechanaut","","218","U","Near Mint Foil","2.05","2.06","2.5200","1.2100","0","0","1.3800",""
"5384224","Magic","Kamigawa: Neon Dynasty","Fable of the Mirror-Breaker","","141","R","Near Mint","7.35","8.54","7.6700","7.6700","0","0","7.2300",""
"5408008","Magic","Kamigawa: Neon Dynasty","Farewell","","13","R","Near Mint","3.25","3.50","3.9100","2.6000","0","0","2.9400",""
"5383611","Magic","Kamigawa: Neon Dynasty","Generous Visitor","","185","U","Near Mint","0.13","0.10","1.3600","0.0500","1","0","0.1500",""
"5401385","Magic","Kamigawa: Neon Dynasty","Go-Shintai of Boundless Vigor","","187","U","Near Mint","0.22","0.15","1.4300","0.1200","0","0","0.1500",""
"5401390","Magic","Kamigawa: Neon Dynasty","Go-Shintai of Boundless Vigor","","187","U","Near Mint Foil","0.29","","1.4600","0.1500","0","0","0.1700",""
"5376129","Magic","Kamigawa: Neon Dynasty","Goro-Goro, Disciple of Ryusei","","145","R","Near Mint","0.73","","1.9600","0.6500","0","0","0.6700",""
"5413398","Magic","Kamigawa: Neon Dynasty","Greasefang, Okiba Boss","","220","R","Near Mint","0.17","0.18","1.3700","0.0600","0","0","0.1500",""
"5391259","Magic","Kamigawa: Neon Dynasty","Heiko Yamazaki, the General (Showcase)","","321","U","Near Mint","0.08","0.05","1.3400","0.0300","0","0","0.1500",""
"5386248","Magic","Kamigawa: Neon Dynasty","Hidetsugu Consumes All","","221","M","Near Mint","0.43","0.47","1.5600","0.2500","0","0","0.2900",""
"5346269","Magic","Kamigawa: Neon Dynasty","Hidetsugu, Devouring Chaos","","99","R","Near Mint","0.23","0.08","1.3900","0.0800","0","0","0.1500",""
"5399301","Magic","Kamigawa: Neon Dynasty","Hinata, Dawn-Crowned","","222","R","Near Mint","0.16","0.16","1.3900","0.0800","0","0","0.1500",""
"5412628","Magic","Kamigawa: Neon Dynasty","Inventive Iteration","","57","R","Near Mint","0.16","0.10","1.4000","0.0900","0","0","0.1500",""
"5412633","Magic","Kamigawa: Neon Dynasty","Inventive Iteration","","57","R","Near Mint Foil","0.31","","1.4600","0.1500","1","0","0.1800",""
"5380921","Magic","Kamigawa: Neon Dynasty","Invoke Calamity","","147","R","Near Mint","0.17","","1.4300","0.1200","0","0","0.1500",""
"5390519","Magic","Kamigawa: Neon Dynasty","Invoke Justice","","21","R","Near Mint","0.14","","1.3200","0.0100","0","0","0.1500",""
"5398406","Magic","Kamigawa: Neon Dynasty","Invoke the Winds","","58","R","Near Mint","0.14","0.10","1.3700","0.0600","0","0","0.1500",""
"5397751","Magic","Kamigawa: Neon Dynasty","Isshin, Two Heavens as One (Extended Art)","","488","R","Near Mint","4.40","5.17","4.9500","3.6400","0","0","4.0100",""
"5374679","Magic","Kamigawa: Neon Dynasty","Jin-Gitaxias, Progress Tyrant","","59","M","Near Mint","7.92","9.20","8.0400","8.0400","0","0","7.9900",""
"5375219","Magic","Kamigawa: Neon Dynasty","Jin-Gitaxias, Progress Tyrant (Showcase)","","371","M","Near Mint","16.72","16.98","15.9900","15.0000","0","0","15.8600",""
"5414393","Magic","Kamigawa: Neon Dynasty","Jugan Defends the Temple","","194","M","Near Mint Foil","1.25","1.62","2.3000","0.9900","0","0","1.0400",""
"5385778","Magic","Kamigawa: Neon Dynasty","Jukai Naturalist","","225","U","Near Mint Foil","0.58","0.59","1.7100","0.4000","0","0","0.4400",""
"5409328","Magic","Kamigawa: Neon Dynasty","Jungle Hollow","","269","L","Near Mint","0.09","0.02","1.3500","0.0400","0","0","0.1500",""
"5377189","Magic","Kamigawa: Neon Dynasty","Junji, the Midnight Sky","","102","M","Near Mint Foil","1.47","0.93","2.2400","0.9200","0","0","1.0300",""
"5374104","Magic","Kamigawa: Neon Dynasty","Kairi, the Swirling Sky (Borderless)","","408","M","Near Mint Foil","5.80","8.67","6.6100","5.4000","0","0","5.6000",""
"5346789","Magic","Kamigawa: Neon Dynasty","Kaito Shizuki","","226","M","Near Mint","0.98","0.75","2.0300","0.7200","0","0","0.7700",""
"5380701","Magic","Kamigawa: Neon Dynasty","Kappa Tech-Wrecker (Showcase)","","348","U","Near Mint","0.23","0.10","1.3200","0.0100","1","0","0.1500",""
"5430696","Magic","Kamigawa: Neon Dynasty","Kotose, the Silent Spider","","228","R","Near Mint","0.13","0.10","1.3500","0.0400","1","0","0.1500",""
"5414173","Magic","Kamigawa: Neon Dynasty","Kotose, the Silent Spider (Extended Art)","","490","R","Near Mint Foil","0.18","","1.3600","0.0500","1","0","0.1500",""
"5413508","Magic","Kamigawa: Neon Dynasty","Kumano Faces Kakkazan","","152","U","Near Mint","0.16","0.11","1.3300","0.0200","0","0","0.1500",""
"5401520","Magic","Kamigawa: Neon Dynasty","Kura, the Boundless Sky","","200","M","Near Mint","1.60","1.93","2.5100","1.2000","0","0","1.2800",""
"5374299","Magic","Kamigawa: Neon Dynasty","Kyodai, Soul of Kamigawa","","23","R","Near Mint","0.20","0.20","1.4100","0.1000","0","0","0.1500",""
"5393929","Magic","Kamigawa: Neon Dynasty","Light-Paws, Emperor's Voice","","25","R","Near Mint","0.86","0.86","2.0800","0.7700","0","0","0.7900",""
"5381441","Magic","Kamigawa: Neon Dynasty","Lion Sash","","26","R","Near Mint","1.73","2.21","1.9700","0.6600","0","0","0.8800",""
"5381181","Magic","Kamigawa: Neon Dynasty","Lizard Blades","","153","R","Near Mint","2.28","2.28","3.1000","1.7900","0","0","1.8800",""
"5385063","Magic","Kamigawa: Neon Dynasty","March of Reckless Joy","","154","R","Near Mint","0.16","0.10","1.3900","0.0800","0","0","0.1500",""
"5415378","Magic","Kamigawa: Neon Dynasty","March of Swirling Mist","","61","R","Near Mint","1.23","1.06","2.3000","0.9900","0","0","1.0400",""
"5393364","Magic","Kamigawa: Neon Dynasty","March of Wretched Sorrow","","111","R","Near Mint","0.17","0.14","1.4000","0.0900","2","0","0.1500",""
"5393479","Magic","Kamigawa: Neon Dynasty","March of Wretched Sorrow (Showcase)","","380","R","Near Mint Foil","1.46","1.16","1.7100","0.4000","1","0","0.6200",""
"5400958","Magic","Kamigawa: Neon Dynasty","Mech Hangar","","270","U","Near Mint","0.26","0.21","1.5000","0.1900","0","0","0.2000",""
"5384051","Magic","Kamigawa: Neon Dynasty","Mechtitan Core (Showcase)","","402","R","Near Mint","1.13","1.04","2.2600","0.9500","0","0","0.9800",""
"5372873","Magic","Kamigawa: Neon Dynasty","Michiko's Reign of Truth","","29","U","Near Mint","0.17","0.10","1.3500","0.0400","0","0","0.1500",""
"5415268","Magic","Kamigawa: Neon Dynasty","Mindlink Mech","","62","R","Near Mint","0.16","0.10","1.3900","0.0800","0","0","0.1500",""
"5414938","Magic","Kamigawa: Neon Dynasty","Mirrorshell Crab","","63","C","Near Mint","0.11","0.08","1.3600","0.0500","3","0","0.1500",""
"5377965","Magic","Kamigawa: Neon Dynasty","Moonsnare Prototype","","69","C","Near Mint","0.12","0.10","1.3700","0.0600","0","0","0.1500",""
"5414278","Magic","Kamigawa: Neon Dynasty","Mukotai Soulripper","","113","R","Near Mint","0.11","","1.3200","0.0100","0","0","0.1500",""
"5396370","Magic","Kamigawa: Neon Dynasty","Nashi, Moon Sage's Scion","","114","M","Near Mint","1.03","0.99","2.3100","1.0000","0","0","1.0100",""
"5417138","Magic","Kamigawa: Neon Dynasty","Ogre-Head Helm","","155","R","Near Mint","0.10","0.10","1.3200","0.0100","1","0","0.1500",""
"5422478","Magic","Kamigawa: Neon Dynasty","Ogre-Head Helm (Showcase)","","387","R","Near Mint","0.24","0.24","1.4700","0.1600","0","0","0.1800",""
"5392654","Magic","Kamigawa: Neon Dynasty","Otawara, Soaring City","","271","R","Near Mint","18.30","18.97","17.9900","16.9900","0","0","17.7500",""
"5417288","Magic","Kamigawa: Neon Dynasty","Rabbit Battery","","157","U","Near Mint","0.23","0.15","1.4600","0.1500","0","0","0.1700",""
"5383351","Magic","Kamigawa: Neon Dynasty","Raiyuu, Storm's Edge","","232","R","Near Mint","0.19","","1.4100","0.1000","0","0","0.1500",""
"5420058","Magic","Kamigawa: Neon Dynasty","Reinforced Ronin (Showcase)","","323","U","Near Mint","0.13","0.13","1.4100","0.1000","1","0","0.1500",""
"5404099","Magic","Kamigawa: Neon Dynasty","Risona, Asari Commander","","233","R","Near Mint","0.10","0.11","1.3800","0.0700","0","0","0.1500",""
"5410318","Magic","Kamigawa: Neon Dynasty","Roadside Reliquary","","272","U","Near Mint","0.13","0.12","1.3900","0.0800","1","0","0.1500",""
"5400848","Magic","Kamigawa: Neon Dynasty","Roaring Earth","","204","U","Near Mint","0.26","0.26","1.5200","0.2100","0","0","0.2200",""
"5409438","Magic","Kamigawa: Neon Dynasty","Rugged Highlands","","273","L","Near Mint","0.06","0.01","1.3200","0.0100","1","0","0.1500",""
"5347760","Magic","Kamigawa: Neon Dynasty","Satoru Umezawa","","234","R","Near Mint","0.34","","1.6100","0.3000","0","0","0.3100",""
"5390259","Magic","Kamigawa: Neon Dynasty","Satsuki, the Living Lore","","235","R","Near Mint","0.27","","1.4500","0.1400","0","0","0.1700",""
"5390484","Magic","Kamigawa: Neon Dynasty","Satsuki, the Living Lore (Extended Art)","","494","R","Near Mint Foil","0.46","","1.6500","0.3400","0","0","0.3600",""
"5409548","Magic","Kamigawa: Neon Dynasty","Scoured Barrens","","274","L","Near Mint","0.08","0.05","1.3600","0.0500","1","0","0.1500",""
"5385993","Magic","Kamigawa: Neon Dynasty","Secluded Courtyard","","275","U","Near Mint","0.29","","1.4100","0.1000","0","0","0.1500",""
"5380371","Magic","Kamigawa: Neon Dynasty","Sokenzan, Crucible of Defiance (Borderless)","","415","R","Near Mint","2.40","2.99","3.0100","1.6200","0","0","1.7700",""
"5399081","Magic","Kamigawa: Neon Dynasty","Soul Transfer","","122","R","Near Mint","0.12","","1.3600","0.0500","0","0","0.1500",""
"5394164","Magic","Kamigawa: Neon Dynasty","Spirit-Sister's Call","","237","M","Near Mint","0.20","0.20","1.4000","0.0900","0","0","0.1500",""
"5409658","Magic","Kamigawa: Neon Dynasty","Swiftwater Cliffs","","277","L","Near Mint","0.13","0.02","1.3500","0.0400","0","0","0.1500",""
"5379571","Magic","Kamigawa: Neon Dynasty","Tameshi, Reality Architect","","82","R","Near Mint","0.32","","1.4800","0.1700","0","0","0.2000",""
"5378326","Magic","Kamigawa: Neon Dynasty","Tatsunari, Toad Rider","","123","R","Near Mint","0.15","","1.3600","0.0500","1","0","0.1500",""
"5382031","Magic","Kamigawa: Neon Dynasty","Tempered in Solitude","","165","U","Near Mint","0.08","0.08","1.3200","0.0100","0","0","0.1500",""
"5374589","Magic","Kamigawa: Neon Dynasty","Tezzeret, Betrayer of Flesh","","84","M","Near Mint","0.63","0.70","1.6500","0.3400","0","0","0.3900",""
"5374999","Magic","Kamigawa: Neon Dynasty","Tezzeret, Betrayer of Flesh (Borderless)","","304","M","Near Mint","2.51","3.96","3.8000","1.3000","0","0","1.5400",""
"5375114","Magic","Kamigawa: Neon Dynasty","Tezzeret, Betrayer of Flesh (Showcase)","","376","M","Near Mint Foil","2.16","2.70","3.4100","2.1000","0","0","2.1100",""
"5376329","Magic","Kamigawa: Neon Dynasty","The Reality Chip","","74","R","Near Mint","2.66","2.67","3.4000","2.0900","0","0","2.2100",""
"5387179","Magic","Kamigawa: Neon Dynasty","The Restoration of Eiganjo","","34","R","Near Mint","0.34","0.30","1.6100","0.3000","0","0","0.3100",""
"5409768","Magic","Kamigawa: Neon Dynasty","Thornwood Falls","","279","L","Near Mint","0.07","0.01","1.3400","0.0300","2","0","0.1500",""
"5377785","Magic","Kamigawa: Neon Dynasty","Thousand-Faced Shadow","","86","R","Near Mint","0.77","0.69","1.7100","0.4000","0","0","0.4600",""
"5417998","Magic","Kamigawa: Neon Dynasty","Thundering Raiju","","166","R","Near Mint","0.34","0.29","1.5300","0.2200","0","0","0.2400",""
"5409878","Magic","Kamigawa: Neon Dynasty","Tranquil Cove","","280","L","Near Mint","0.06","0.02","1.3200","0.0100","3","0","0.1500",""
"5386193","Magic","Kamigawa: Neon Dynasty","Tribute to Horobi","","124","R","Near Mint","0.18","","1.4500","0.1400","0","0","0.1500",""
"5386198","Magic","Kamigawa: Neon Dynasty","Tribute to Horobi","","124","R","Near Mint Foil","0.34","0.66","1.4600","0.1500","1","0","0.1900",""
"5393749","Magic","Kamigawa: Neon Dynasty","Weaver of Harmony (Showcase)","","395","R","Near Mint","1.58","1.94","2.6500","1.2600","0","0","1.3200",""
"5409988","Magic","Kamigawa: Neon Dynasty","Wind-Scarred Crag","","282","L","Near Mint","0.08","0.03","1.3400","0.0300","2","0","0.1500",""
"1257987","Magic","Khans of Tarkir","Become Immense","","130","U","Near Mint","0.24","0.15","1.4300","0.1200","2","0","0.1500",""
"1257432","Magic","Khans of Tarkir","Grim Haruspex","","73","R","Near Mint","1.34","","2.4800","1.1700","0","0","1.2000",""
"1257433","Magic","Khans of Tarkir","Grim Haruspex","","73","R","Lightly Played","1.24","","2.4900","1.1800","0","0","1.1900",""
"1257413","Magic","Khans of Tarkir","Jeskai Ascendancy","","180","R","Lightly Played","1.15","1.27","2.2500","0.9400","0","0","0.9800",""
"1258627","Magic","Khans of Tarkir","Kin-Tree Invocation","","183","U","Near Mint","0.10","","1.3500","0.0400","0","0","0.1500",""
"1258868","Magic","Khans of Tarkir","Naturalize","","142","C","Lightly Played","0.19","0.06","1.3400","0.0300","1","0","0.1500",""
"1253832","Magic","Khans of Tarkir","Necropolis Fiend","","82","R","Near Mint","0.10","","1.3500","0.0400","2","0","0.1500",""
"1259027","Magic","Khans of Tarkir","Roar of Challenge","","145","U","Near Mint","0.24","","1.4800","0.1700","0","0","0.1800",""
"1255697","Magic","Khans of Tarkir","Stubborn Denial","","56","U","Near Mint","3.86","6.41","3.4000","2.0900","0","0","2.9700",""
"1257452","Magic","Khans of Tarkir","Surrak Dragonclaw","","206","M","Near Mint","3.11","3.94","3.8800","2.5700","0","0","2.8400",""
"1253842","Magic","Khans of Tarkir","Temur Ascendancy","","207","R","Near Mint","2.82","3.37","3.7900","2.4800","0","0","2.5500",""
"1258917","Magic","Khans of Tarkir","Trap Essence","","209","R","Near Mint","0.29","0.15","1.4600","0.1500","0","0","0.1800",""
"1258877","Magic","Khans of Tarkir","Treasure Cruise","","59","C","Near Mint","0.27","0.31","1.4900","0.1800","0","0","0.2000",""
"1254264","Magic","Khans of Tarkir","Ugin's Nexus","","227","M","Near Mint","2.52","2.99","3.3100","2.0000","0","0","2.1000",""
"1253982","Magic","Khans of Tarkir","Wooded Foothills","","249","R","Near Mint","12.34","15.98","12.4800","12.4800","0","0","11.5900",""
"1316135","Magic","Khans of Tarkir","Wooded Foothills","","249","R","Near Mint - Japanese","11.93","","15.1500","13.9300","0","0","13.9300",""
"3254366","Magic","Launch Party & Release Event Promos","Quicksmith Rebel","","93","P","Near Mint Foil","0.18","0.05","1.3600","0.0500","0","0","0.1500",""
"5724023","Magic","Launch Party & Release Event Promos","Weathered Wayfarer","","578","P","Near Mint Foil","2.62","4.20","2.7700","1.4600","0","0","1.6900",""
"23108","Magic","Legions","Blood Celebrant","","61","C","Near Mint","0.79","","1.9100","0.6000","0","0","0.6400",""
"23177","Magic","Legions","Vexing Beetle","","143","R","Near Mint","0.28","0.24","1.4600","0.1500","1","0","0.1800",""
"376510","Magic","Lorwyn","Doran, the Siege Tower","","247","R","Lightly Played","3.65","4.99","4.2800","2.9700","1","0","3.3100",""
"3407","Magic","Lorwyn","Knight of Meadowgrain","","28","U","Near Mint","0.48","","1.5700","0.2600","0","0","0.3000",""
"376617","Magic","Lorwyn","Merrow Commerce","","72","U","Lightly Played","6.95","7.67","6.8400","6.8400","0","0","6.9000",""
"3543","Magic","Lorwyn","Merrow Harbinger","","73","U","Near Mint","3.23","7.20","3.1100","1.8000","1","0","2.5200",""
"3551","Magic","Lorwyn","Merrow Reejerey","","74","U","Near Mint","0.41","0.41","1.6400","0.3300","1","0","0.3500",""
"376619","Magic","Lorwyn","Merrow Reejerey","","74","U","Lightly Played","0.36","0.35","1.5600","0.2500","0","0","0.2700",""
"118108","Magic","Lorwyn","Plains (283)","","283","L","Near Mint Foil","1.22","","2.5700","0.5900","0","0","0.7200",""
"376650","Magic","Lorwyn","Ponder","","79","C","Lightly Played","2.60","3.37","2.5900","0.8900","0","0","1.2400",""
"4263","Magic","Lorwyn","Timber Protector","","238","R","Near Mint","17.24","17.24","17.2400","17.2400","1","0","17.2600",""
"4271","Magic","Lorwyn","Treefolk Harbinger","","239","U","Near Mint","2.32","5.18","3.0000","1.6900","1","0","1.8200",""
"4375","Magic","Lorwyn","Wanderwine Prophets","","95","R","Near Mint","13.60","19.99","14.0000","13.0100","0","0","14.0000",""
"310657","Magic","Magic 2010 (M10)","Ball Lightning","","125","R","Near Mint","0.66","0.81","1.9000","0.5900","1","0","0.6000",""
"310752","Magic","Magic 2010 (M10)","Dragon's Claw","","210","U","Near Mint","0.21","","1.4100","0.1000","1","0","0.1500",""
"310840","Magic","Magic 2010 (M10)","Fabricate","","52","U","Near Mint","6.37","","6.4700","6.4700","0","0","6.4700",""
"310806","Magic","Magic 2010 (M10)","Fireball","","136","U","Near Mint","0.11","","1.3800","0.0700","0","0","0.1500",""
"310829","Magic","Magic 2010 (M10)","Glacial Fortress","","226","R","Near Mint","1.22","","2.4100","0.9200","0","0","0.9800",""
"310637","Magic","Magic 2010 (M10)","Hive Mind","","54","R","Near Mint","4.96","7.00","5.3300","4.0200","0","0","4.4900",""
"311335","Magic","Magic 2010 (M10)","Kalonian Behemoth","","188","R","Near Mint Foil","0.25","","1.5500","0.2400","0","0","0.2400",""
"310749","Magic","Magic 2010 (M10)","Lightning Bolt","","146","C","Near Mint","0.96","","1.9100","0.6000","0","0","0.6700",""
"311126","Magic","Magic 2010 (M10)","Lightwielder Paladin","","19","R","Near Mint Foil","0.23","0.46","1.5200","0.2100","0","0","0.2100",""
"310826","Magic","Magic 2010 (M10)","Llanowar Elves","","189","C","Near Mint","0.28","","1.5100","0.2000","1","0","0.2200",""
"310804","Magic","Magic 2010 (M10)","Ponder","","68","C","Near Mint","1.84","","2.8600","1.5500","0","0","1.6100",""
"363028","Magic","Magic 2010 (M10)","Rampant Growth","","201","C","Heavily Played","0.35","","1.6500","0.3400","1","0","0.3400",""
"378826","Magic","Magic 2010 (M10)","Terramorphic Expanse","","229","C","Lightly Played","0.10","0.11","1.4100","0.1000","1","0","0.1500",""
"310647","Magic","Magic 2010 (M10)","Wall of Frost","","80","U","Near Mint","0.17","","1.4600","0.1500","1","0","0.1500",""
"391768","Magic","Magic 2011 (M11)","Call to Mind","","47","U","Moderately Played","0.15","0.15","1.4500","0.1400","1","0","0.1500",""
"391863","Magic","Magic 2011 (M11)","Call to Mind","","47","U","Heavily Played","0.17","","1.3900","0.0800","0","0","0.1500",""
"390640","Magic","Magic 2011 (M11)","Cultivate","","168","C","Near Mint","0.70","0.75","1.7700","0.4600","0","0","0.5100",""
"391041","Magic","Magic 2011 (M11)","Destructive Force","","133","R","Near Mint","0.41","","1.6000","0.2900","0","0","0.3100",""
"389685","Magic","Magic 2011 (M11)","Drowned Catacomb","","224","R","Near Mint","1.60","","2.5600","1.2500","0","0","1.3200",""
"389646","Magic","Magic 2011 (M11)","Hoarding Dragon","","144","R","Near Mint","0.29","0.28","1.4100","0.1000","0","0","0.1500",""
"391316","Magic","Magic 2011 (M11)","Honor of the Pure","","17","R","Near Mint","0.68","","1.9600","0.6500","1","0","0.6600",""
"390959","Magic","Magic 2011 (M11)","Jace's Erasure","","59","C","Lightly Played","0.18","","1.4600","0.1500","0","0","0.1600",""
"389698","Magic","Magic 2011 (M11)","Knight Exemplar","","20","R","Near Mint","2.06","","3.6600","2.1600","0","0","2.1600",""
"390140","Magic","Magic 2011 (M11)","Knight Exemplar","","20","R","Heavily Played","1.61","","2.9800","1.4900","0","0","1.5100",""
"390628","Magic","Magic 2011 (M11)","Preordain","","70","C","Near Mint","0.85","1.49","1.8900","0.5800","0","0","0.6300",""
"391332","Magic","Magic 2011 (M11)","Silence","","30","R","Near Mint","7.26","","7.2000","7.2000","0","0","7.2300",""
"389680","Magic","Magic 2011 (M11)","Sun Titan","","35","M","Near Mint","0.84","","2.0000","0.6900","1","0","0.7200",""
"391288","Magic","Magic 2011 (M11)","Terramorphic Expanse","","229","C","Near Mint","0.14","","1.4100","0.1000","1","0","0.1500",""
"389694","Magic","Magic 2011 (M11)","Tome Scour","","76","C","Near Mint","0.19","","1.4100","0.1000","1","0","0.1500",""
"391978","Magic","Magic 2011 (M11)","Whispersilk Cloak","","221","U","Lightly Played","1.97","2.18","3.2100","1.9000","0","0","1.9300",""
"391788","Magic","Magic 2011 (M11)","Whispersilk Cloak","","221","U","Moderately Played","2.14","2.04","3.3300","2.0200","0","0","2.0400",""
"392010","Magic","Magic 2011 (M11)","White Knight","","39","U","Lightly Played","0.10","0.09","1.3600","0.0500","1","0","0.1500",""
"470844","Magic","Magic 2012 (M12)","Day of Judgment","","12","R","Near Mint","1.01","","2.3100","1.0000","0","0","1.0000",""
"840894","Magic","Magic 2012 (M12)","Druidic Satchel","","207","R","Lightly Played Foil","1.20","","2.4200","1.1100","1","0","1.1300",""
"474875","Magic","Magic 2012 (M12)","Goblin Chieftain","","138","R","Near Mint","3.72","","4.9400","3.6300","0","0","3.6700",""
"474850","Magic","Magic 2012 (M12)","Grand Abolisher","","19","R","Near Mint","11.23","18.22","11.1100","10.1200","0","0","10.6800",""
"474648","Magic","Magic 2012 (M12)","Jace, Memory Adept","","58","M","Lightly Played","2.74","","3.3900","2.0800","0","0","2.2200",""
"473809","Magic","Magic 2012 (M12)","Jace's Archivist","","59","R","Near Mint","7.05","","8.0000","6.7000","0","0","7.1000",""
"474865","Magic","Magic 2012 (M12)","Jade Mage","","181","U","Near Mint","0.14","","1.3600","0.0500","3","0","0.1500",""
"475261","Magic","Magic 2012 (M12)","Manabarbs","","150","R","Moderately Played","3.68","","4.8100","3.5000","0","0","3.5900",""
"474502","Magic","Magic 2012 (M12)","Phantasmal Image","","72","R","Near Mint","3.02","","4.2100","2.9000","0","0","2.9600",""
"470780","Magic","Magic 2012 (M12)","Rampant Growth","","190","C","Near Mint","0.63","0.55","1.6300","0.3200","1","0","0.3800",""
"471550","Magic","Magic 2012 (M12)","Rampant Growth","","190","C","Lightly Played","0.36","","1.6000","0.2900","0","0","0.3200",""
"474673","Magic","Magic 2012 (M12)","Rune-Scarred Demon","","106","R","Near Mint","0.85","9.99","2.0200","0.7100","1","0","0.7400",""
"939214","Magic","Magic 2013 (M13)","Acidic Slime","","159","U","Near Mint","0.10","","1.3800","0.0700","1","0","0.1500",""
"934682","Magic","Magic 2013 (M13)","Archaeomancer","","41","C","Near Mint","0.30","0.29","1.5100","0.2000","0","0","0.2100",""
"937407","Magic","Magic 2013 (M13)","Disciple of Bolas","","88","R","Lightly Played","0.52","","1.7000","0.3900","1","0","0.4200",""
"937315","Magic","Magic 2013 (M13)","Faith's Reward","","14","R","Near Mint","1.09","","2.3100","1.0000","0","0","1.0200",""
"939231","Magic","Magic 2013 (M13)","Farseek","","170","C","Near Mint","0.64","0.74","1.7700","0.4600","0","0","0.1500",""
"939822","Magic","Magic 2013 (M13)","Fervor","","129","R","Lightly Played","3.53","4.12","3.9700","2.6600","0","0","3.0900",""
"937310","Magic","Magic 2013 (M13)","Glacial Fortress","","225","R","Near Mint","0.60","0.49","1.6300","0.3200","0","0","0.3800",""
"939213","Magic","Magic 2013 (M13)","Negate","","62","C","Near Mint","0.18","","1.4200","0.1100","1","0","0.1500",""
"936913","Magic","Magic 2013 (M13)","Odric, Master Tactician","","23","R","Near Mint","0.39","","1.6100","0.2600","1","0","0.3100",""
"936892","Magic","Magic 2013 (M13)","Rhox Faithmender","","29","R","Near Mint","2.42","","3.3800","2.0700","0","0","2.1400",""
"937314","Magic","Magic 2013 (M13)","Rootbound Crag","","228","R","Near Mint","1.01","","1.8900","0.5800","0","0","0.6700",""
"937368","Magic","Magic 2013 (M13)","Rootbound Crag","","228","R","Moderately Played","0.83","","1.9600","0.6500","1","0","0.6900",""
"939107","Magic","Magic 2013 (M13)","Sign in Blood","","110","C","Near Mint","0.35","","1.6000","0.2900","0","0","0.3000",""
"939877","Magic","Magic 2013 (M13)","Stormtide Leviathan","","70","R","Lightly Played","0.48","","1.7500","0.4400","0","0","0.4500",""
"939013","Magic","Magic 2013 (M13)","Stuffy Doll","","218","R","Near Mint","7.40","","6.9900","6.0000","0","0","6.7000",""
"939060","Magic","Magic 2013 (M13)","Trading Post","","220","R","Lightly Played","0.30","","1.4400","0.1300","0","0","0.1600",""
"1097924","Magic","Magic 2014 (M14)","Archaeomancer","","43","C","Near Mint","0.20","","1.5100","0.2000","0","0","0.2000",""
"1124711","Magic","Magic 2014 (M14)","Dark Prophecy","","93","R","Near Mint","4.72","","5.3900","5.3900","0","0","5.0600",""
"1125084","Magic","Magic 2014 (M14)","Darksteel Forge","","206","M","Near Mint","39.80","40.08","38.5500","36.5500","0","0","38.0100",""
"1098234","Magic","Magic 2014 (M14)","Essence Scatter","","55","C","Near Mint","0.10","","1.3400","0.0300","1","0","0.1500",""
"1124710","Magic","Magic 2014 (M14)","Kalonian Hydra","","181","M","Near Mint","5.08","7.00","6.1100","4.8000","0","0","4.9400",""
"1124684","Magic","Magic 2014 (M14)","Millstone","","213","U","Near Mint","0.07","","1.3200","0.0100","2","0","0.1500",""
"1124434","Magic","Magic 2014 (M14)","Path of Bravery","","26","R","Near Mint","0.24","0.33","1.4600","0.1500","0","0","0.1700",""
"1125394","Magic","Magic 2014 (M14)","Silence","","35","R","Near Mint","7.90","8.06","7.0400","5.7500","0","0","6.8300",""
"1124464","Magic","Magic 2014 (M14)","Tidebinder Mage","","73","R","Near Mint","0.28","0.35","1.4000","0.0900","0","0","0.1500",""
"1125544","Magic","Magic 2014 (M14)","Traumatize","","77","R","Near Mint","4.01","","5.2100","3.9000","0","0","3.9100",""
"1229061","Magic","Magic 2015 (M15)","Battlefield Forge","","240","R","Near Mint","0.71","","1.7100","0.4000","1","0","0.4600",""
"1229071","Magic","Magic 2015 (M15)","Caves of Koilos","","241","R","Near Mint","0.79","0.80","1.9600","0.6500","1","0","0.6800",""
"1226491","Magic","Magic 2015 (M15)","Cruel Sadist","","93","R","Near Mint","0.15","","1.3800","0.0700","1","0","0.1500",""
"1227302","Magic","Magic 2015 (M15)","Elvish Mystic","","173","C","Near Mint","0.36","","1.6500","0.3400","0","0","0.3400",""
"1227304","Magic","Magic 2015 (M15)","Elvish Mystic","","173","C","Moderately Played","0.42","","1.5600","0.2500","1","0","0.2800",""
"1231933","Magic","Magic 2015 (M15)","Frenzied Goblin","","142","U","Near Mint","0.09","0.08","1.3500","0.0400","1","0","0.1500",""
"1226951","Magic","Magic 2015 (M15)","Garruk's Packleader","","283","U","Near Mint","0.20","","1.4600","0.1500","0","0","0.1600",""
"1226592","Magic","Magic 2015 (M15)","Goblin Rabblemaster","","145","R","Lightly Played","0.55","0.54","1.7300","0.4200","0","0","0.4500",""
"1231513","Magic","Magic 2015 (M15)","Kalonian Twingrove","","182","R","Near Mint","0.46","","1.6900","0.3800","0","0","0.4200",""
"1228457","Magic","Magic 2015 (M15)","Master of Predicaments","","67","R","Near Mint","0.36","","1.5600","0.2500","0","0","0.2700",""
"1231753","Magic","Magic 2015 (M15)","Mind Sculpt","","70","C","Near Mint","0.16","0.14","1.3900","0.0800","0","0","0.1500",""
"1226891","Magic","Magic 2015 (M15)","Nightmare","","276","R","Near Mint","0.10","","1.3600","0.0500","1","0","0.1500",""
"1228782","Magic","Magic 2015 (M15)","Obelisk of Urd","","222","R","Near Mint","2.66","","3.5500","2.2400","0","0","2.3200",""
"1226641","Magic","Magic 2015 (M15)","Phytotitan","","191","R","Near Mint","0.72","","1.9700","0.6600","0","0","0.6700",""
"1226354","Magic","Magic 2015 (M15)","Resolute Archangel","","28","R","Heavily Played","0.78","","2.0000","0.6900","0","0","0.7100",""
"1229086","Magic","Magic 2015 (M15)","Shivan Reef","","246","R","Near Mint","0.46","","1.6300","0.2800","1","0","0.3500",""
"1227081","Magic","Magic 2015 (M15)","Sign in Blood","","114","C","Near Mint","0.40","0.40","1.6200","0.3100","0","0","0.3300",""
"1231663","Magic","Magic 2015 (M15)","Spectra Ward","","36","R","Near Mint","2.40","","3.3000","1.9900","0","0","2.0600",""
"1228440","Magic","Magic 2015 (M15)","Spirit Bonds","","37","R","Heavily Played","0.36","","1.7200","0.4100","0","0","0.4100",""
"1226961","Magic","Magic 2015 (M15)","Terra Stomper","","284","R","Near Mint","0.13","","1.4100","0.1000","0","0","0.1500",""
"1228180","Magic","Magic 2015 (M15)","Wall of Mulch","","208","U","Near Mint","0.16","0.08","1.3900","0.0800","0","0","0.1500",""
"1185711","Magic","Magic Modern Event Deck","Dismember","","25","U","Near Mint","6.22","","5.6800","5.6800","1","0","6.2100",""
"2900766","Magic","Magic Origins","Alchemist's Vial","","220","C","Near Mint","0.07","0.04","1.3200","0.0100","1","0","0.1500",""
"2899617","Magic","Magic Origins","Artificer's Epiphany","","45","C","Near Mint","0.06","","1.3200","0.0100","2","0","0.1500",""
"2897023","Magic","Magic Origins","Caves of Koilos","","245","R","Near Mint","0.63","0.85","1.8100","0.5000","0","0","0.6000",""
"2899017","Magic","Magic Origins","Despoiler of Souls","","93","R","Near Mint","0.16","","1.4000","0.0900","1","0","0.1500",""
"2897307","Magic","Magic Origins","Dwynen's Elite","","173","U","Near Mint","0.24","","1.3800","0.0700","1","0","0.1500",""
"2896325","Magic","Magic Origins","Flameshadow Conjuring","","147","R","Lightly Played","2.71","","3.7100","2.4000","0","0","2.5200",""
"2899656","Magic","Magic Origins","Hangarback Walker","","229","R","Damaged","0.99","","1.8000","0.4900","1","0","0.5900",""
"2897952","Magic","Magic Origins","Harbinger of the Tides","","58","R","Near Mint","0.29","","1.4500","0.1400","1","0","0.1700",""
"2898937","Magic","Magic Origins","Helm of the Gods","","230","R","Near Mint","2.53","3.20","3.0900","1.7800","0","0","1.9400",""
"2896963","Magic","Magic Origins","Kytheon's Irregulars","","24","R","Near Mint","0.13","","1.3500","0.0400","1","0","0.1500",""
"2897034","Magic","Magic Origins","Llanowar Wastes","","248","R","Lightly Played","0.57","","1.6500","0.3400","0","0","0.3900",""
"2899995","Magic","Magic Origins","Negate","","65","C","Near Mint","0.12","","1.4300","0.1200","0","0","0.1500",""
"2895801","Magic","Magic Origins","Nissa, Vastwood Seer","","189","M","Near Mint","2.85","3.59","4.0600","2.7500","0","0","2.7700",""
"2899667","Magic","Magic Origins","Outland Colossus","","193","R","Near Mint","0.20","","1.3600","0.0500","0","0","0.1500",""
"2898987","Magic","Magic Origins","Priest of the Blood Rite","","112","R","Near Mint","0.13","","1.3700","0.0600","0","0","0.1500",""
"2898213","Magic","Magic Origins","Pyromancer's Goggles","","236","M","Lightly Played","0.84","","2.1500","0.8400","0","0","0.8400",""
"2900416","Magic","Magic Origins","Read the Bones","","114","C","Near Mint","0.14","","1.4400","0.1300","0","0","0.1500",""
"2897287","Magic","Magic Origins","Soulblade Djinn","","75","R","Near Mint","0.13","","1.4000","0.0900","1","0","0.1500",""
"2895947","Magic","Magic Origins","Sphinx's Tutelage","","76","U","Near Mint","1.36","1.41","2.3000","0.9900","0","0","1.0600",""
"2900856","Magic","Magic Origins","Sword of the Animist","","240","R","Near Mint","4.81","","5.5000","4.0000","0","0","4.4200",""
"2897297","Magic","Magic Origins","Sylvan Messenger","","199","U","Near Mint","0.12","","1.3600","0.0500","0","0","0.1500",""
"2899682","Magic","Magic Origins","Tragic Arrogance","","38","R","Near Mint","0.65","","1.5600","0.2500","1","0","0.3300",""
"4317892","Magic","MagicFest Cards","Path to Exile","","1","P","Near Mint","4.66","4.73","5.0000","3.6900","0","0","4.1700",""
"4317836","Magic","MagicFest Cards","Path to Exile","","1","P","Near Mint Foil","8.49","9.00","9.0000","9.0000","0","0","9.0000",""
"7056952","Magic","March of the Machine","Ancient Imperiosaur","","174","R","Near Mint","0.24","0.21","1.4900","0.1800","0","0","0.1900",""
"7039610","Magic","March of the Machine","Archangel Elspeth (Borderless)","","320","M","Near Mint","3.71","3.99","4.8100","3.5000","0","0","3.6000",""
"7043126","Magic","March of the Machine","Archpriest of Shadows","","89","R","Near Mint","1.74","2.63","1.8000","0.4900","0","0","0.7500",""
"7054513","Magic","March of the Machine","Ayara, Widow of the Realm","","90","R","Near Mint","0.26","0.24","1.5400","0.2300","0","0","0.2300",""
"7054432","Magic","March of the Machine","Ayara, Widow of the Realm (Showcase)","","296","R","Near Mint","0.28","0.25","1.5100","0.2000","0","0","0.2200",""
"7051826","Magic","March of the Machine","Baral and Kari Zev","","218","R","Near Mint","0.21","","1.4100","0.1000","1","0","0.1500",""
"7055360","Magic","March of the Machine","Baral and Kari Zev (Showcase)","","302","R","Near Mint Foil","0.34","","1.5700","0.2600","0","0","0.3000",""
"7059698","Magic","March of the Machine","Bloated Processor","","93","R","Near Mint","0.21","0.09","1.4100","0.1000","2","0","0.1500",""
"7055566","Magic","March of the Machine","Bloodfeather Phoenix","","132","R","Near Mint","0.12","0.10","1.3800","0.0700","3","0","0.1500",""
"7007337","Magic","March of the Machine","Blossoming Sands","","268","C","Near Mint","0.07","","1.3400","0.0300","1","0","0.1500",""
"7043046","Magic","March of the Machine","Boon-Bringer Valkyrie","","9","R","Near Mint","0.37","","1.5600","0.2500","0","0","0.2700",""
"7045756","Magic","March of the Machine","Borborygmos and Fblthp","","219","M","Near Mint","0.18","0.15","1.4100","0.1000","0","0","0.1500",""
"7045761","Magic","March of the Machine","Borborygmos and Fblthp","","219","M","Near Mint Foil","0.27","0.38","1.5300","0.2200","0","0","0.2300",""
"7006442","Magic","March of the Machine","Breach the Multiverse","","94","R","Near Mint","5.54","5.57","5.8900","4.5800","0","0","5.0800",""
"7006522","Magic","March of the Machine","Chandra, Hope's Beacon","","134","M","Near Mint","1.71","1.82","2.5500","1.2400","0","0","1.3300",""
"7008624","Magic","March of the Machine","Chandra, Hope's Beacon (Borderless)","","321","M","Near Mint","2.26","2.24","3.0500","1.7400","0","0","1.8400",""
"7051266","Magic","March of the Machine","Chrome Host Seedshark","","51","R","Near Mint","0.47","0.38","1.5100","0.2000","0","0","0.2500",""
"7053933","Magic","March of the Machine","City on Fire","","135","R","Near Mint","8.22","8.10","8.9800","6.9900","0","0","7.5700",""
"7056472","Magic","March of the Machine","Complete the Circuit","","52","R","Near Mint","0.18","0.18","1.4500","0.1400","0","0","0.1500",""
"7086943","Magic","March of the Machine","Cosmic Hunger","","182","C","Near Mint Foil","0.31","","1.4300","0.1200","1","0","0.1600",""
"7057032","Magic","March of the Machine","Deeproot Wayfinder","","184","R","Near Mint","0.39","0.12","1.4900","0.1800","0","0","0.2200",""
"7007097","Magic","March of the Machine","Dismal Backwater","","269","C","Near Mint","0.10","","1.3600","0.0500","2","0","0.1500",""
"7060868","Magic","March of the Machine","Djeru and Hazoret","","221","R","Near Mint","0.26","","1.5600","0.2500","0","0","0.2500",""
"7060948","Magic","March of the Machine","Djeru and Hazoret (Showcase)","","304","R","Near Mint","0.27","0.26","1.5400","0.2300","0","0","0.2400",""
"7057112","Magic","March of the Machine","Doomskar Warrior","","185","R","Near Mint","0.09","0.03","1.3600","0.0500","3","0","0.1500",""
"7006697","Magic","March of the Machine","Drana and Linvala","","222","R","Near Mint","4.74","4.45","5.0000","5.0000","0","0","5.0000",""
"7006702","Magic","March of the Machine","Drana and Linvala","","222","R","Near Mint Foil","6.22","8.25","5.9900","5.0000","0","0","5.6100",""
"7046766","Magic","March of the Machine","Drana and Linvala (Showcase)","","305","R","Near Mint","4.71","6.44","4.3200","3.0100","0","0","3.8600",""
"7058202","Magic","March of the Machine","Dusk Legion Duelist","","11","R","Near Mint","0.92","","2.0600","0.7500","0","0","0.7900",""
"7048971","Magic","March of the Machine","Elesh Norn (Showcase)","","292","M","Near Mint","5.59","5.70","5.6100","4.3000","0","0","5.7700",""
"7044811","Magic","March of the Machine","Elspeth's Smite","","13","U","Near Mint","0.17","0.15","1.4200","0.1100","0","0","0.1500",""
"7052196","Magic","March of the Machine","Errant and Giada","","224","R","Near Mint","0.31","0.25","1.5500","0.2400","0","0","0.2500",""
"7063364","Magic","March of the Machine","Errant and Giada (Showcase)","","306","R","Near Mint","0.25","0.19","1.5500","0.2400","0","0","0.2300",""
"7047951","Magic","March of the Machine","Essence of Orthodoxy","","323","R","Near Mint","0.22","0.12","1.4400","0.1300","0","0","0.1500",""
"7047376","Magic","March of the Machine","Etali, Primal Conqueror (Showcase)","","298","R","Near Mint","17.26","17.27","18.5800","17.2700","0","0","17.2700",""
"7006172","Magic","March of the Machine","Faerie Mastermind","","58","R","Near Mint","12.02","13.00","11.9200","11.9200","0","0","11.9800",""
"7006177","Magic","March of the Machine","Faerie Mastermind","","58","R","Near Mint Foil","12.16","18.79","12.9800","12.9800","0","0","12.0700",""
"7055972","Magic","March of the Machine","Furnace Reins","","141","U","Near Mint","0.12","0.09","1.4000","0.0900","1","0","0.1500",""
"7006617","Magic","March of the Machine","Ghalta and Mavren","","225","R","Near Mint","3.67","4.93","3.4600","2.1500","0","0","2.8900",""
"7007977","Magic","March of the Machine","Ghalta and Mavren (Showcase)","","307","R","Near Mint","1.62","1.70","2.0400","0.7300","0","0","0.9100",""
"7045271","Magic","March of the Machine","Glissa, Herald of Predation","","226","R","Near Mint","0.20","","1.4300","0.1200","0","0","0.1500",""
"7045356","Magic","March of the Machine","Glissa, Herald of Predation (Showcase)","","308","R","Near Mint","0.29","0.28","1.4600","0.1500","0","0","0.1800",""
"7059523","Magic","March of the Machine","Glistening Dawn","","187","R","Near Mint","0.11","0.05","1.3300","0.0200","1","0","0.1500",""
"7056212","Magic","March of the Machine","Glistening Deluge","","107","U","Near Mint","0.11","0.03","1.3300","0.0200","1","0","0.1500",""
"7056217","Magic","March of the Machine","Glistening Deluge","","107","U","Near Mint Foil","0.24","","1.4500","0.1400","1","0","0.1600",""
"7051346","Magic","March of the Machine","Grafted Butcher","","109","R","Near Mint","0.24","0.15","1.4600","0.1500","0","0","0.1700",""
"7051026","Magic","March of the Machine","Guardian of Ghirapur","","16","R","Near Mint","0.33","0.27","1.3600","0.0500","0","0","0.1500",""
"7005917","Magic","March of the Machine","Heliod, the Radiant Dawn","","17","R","Near Mint","1.19","","2.3100","1.0000","0","0","1.0400",""
"7007817","Magic","March of the Machine","Heliod, the Radiant Dawn (Showcase)","","293","R","Near Mint","2.24","3.75","2.4700","0.9700","0","0","1.2200",""
"7052276","Magic","March of the Machine","Hidetsugu and Kairi","","228","R","Near Mint","0.23","","1.5100","0.2000","0","0","0.2100",""
"7055733","Magic","March of the Machine","Hidetsugu and Kairi (Showcase)","","309","R","Near Mint Foil","0.39","0.35","1.6100","0.3000","0","0","0.3200",""
"7055144","Magic","March of the Machine","Hoarding Broodlord","","110","R","Near Mint","3.12","3.25","4.0000","2.6900","0","0","2.9100",""
"7057192","Magic","March of the Machine","Inga and Esika","","229","R","Near Mint","1.71","1.75","","","0","0","1.1400",""
"7057193","Magic","March of the Machine","Inga and Esika","","229","R","Lightly Played","1.40","","2.5500","1.2400","0","0","1.2700",""
"7048381","Magic","March of the Machine","Interdisciplinary Mascot","","326","R","Near Mint","0.11","0.09","1.3600","0.0500","3","0","0.1500",""
"7051426","Magic","March of the Machine","Into the Fire","","144","R","Near Mint","0.21","0.16","1.4300","0.1200","0","0","0.1500",""
"7065890","Magic","March of the Machine","Invasion of Alara","","230","R","Near Mint","0.25","0.18","1.4500","0.1400","0","0","0.1600",""
"7053853","Magic","March of the Machine","Invasion of Arcavios","","61","R","Near Mint","0.25","","1.5300","0.2200","0","0","0.2300",""
"7051106","Magic","March of the Machine","Invasion of Dominaria","","21","U","Near Mint","0.12","","1.3600","0.0500","1","0","0.1500",""
"7043306","Magic","March of the Machine","Invasion of Fiora","","114","R","Near Mint","0.53","0.60","1.6100","0.3000","0","0","0.3400",""
"7060543","Magic","March of the Machine","Invasion of Gobakhan","","22","R","Near Mint","0.45","0.43","1.6500","0.3400","0","0","0.3600",""
"7043216","Magic","March of the Machine","Invasion of Ikoria","","190","R","Near Mint","7.42","7.08","7.0800","7.0800","0","0","7.2600",""
"7058682","Magic","March of the Machine","Invasion of Innistrad","","115","M","Near Mint","0.26","0.26","1.4100","0.1000","0","0","0.1500",""
"7043386","Magic","March of the Machine","Invasion of Ixalan","","191","R","Near Mint","0.27","","1.5000","0.1900","0","0","0.2100",""
"7055275","Magic","March of the Machine","Invasion of Kaldheim","","145","R","Near Mint","0.29","0.25","1.5000","0.1900","0","0","0.2100",""
"7057352","Magic","March of the Machine","Invasion of Karsus","","146","R","Near Mint","0.19","0.03","1.4000","0.0900","3","0","0.1500",""
"7055891","Magic","March of the Machine","Invasion of Mercadia","","147","U","Near Mint","0.10","0.05","1.3400","0.0300","1","0","0.1500",""
"7043466","Magic","March of the Machine","Invasion of New Phyrexia","","239","M","Near Mint","1.10","1.14","1.9100","0.6000","0","0","0.7000",""
"7048031","Magic","March of the Machine","Invasion of Ravnica","","1","M","Near Mint","0.29","0.10","1.4500","0.1400","0","0","0.1700",""
"7052516","Magic","March of the Machine","Invasion of Segovia","","63","R","Near Mint","0.50","0.51","1.7100","0.4000","0","0","0.4200",""
"7051506","Magic","March of the Machine","Invasion of Tarkir","","149","M","Near Mint","1.34","1.62","2.3100","1.0000","0","0","1.0700",""
"7062353","Magic","March of the Machine","Invasion of Theros","","23","R","Near Mint","0.39","0.35","1.5000","0.1900","0","0","0.2300",""
"7051906","Magic","March of the Machine","Invasion of Tolvada","","241","R","Near Mint","0.29","0.25","1.4400","0.1300","0","0","0.1600",""
"7042292","Magic","March of the Machine","Invasion of Zendikar","","194","U","Near Mint","0.26","0.24","1.4600","0.1500","1","0","0.1500",""
"7042297","Magic","March of the Machine","Invasion of Zendikar","","194","U","Near Mint Foil","0.51","0.44","1.6100","0.3000","3","0","0.3400",""
"7050451","Magic","March of the Machine","Island (0284)","","284","L","Near Mint","0.16","0.10","1.4100","0.1000","0","0","0.1500",""
"7050131","Magic","March of the Machine","Island (0285)","","285","L","Near Mint","0.24","0.15","1.4600","0.1500","0","0","0.1700",""
"7050136","Magic","March of the Machine","Island (0285)","","285","L","Near Mint Foil","0.27","0.25","1.4900","0.1800","0","0","0.2000",""
"7006357","Magic","March of the Machine","Jin-Gitaxias","","65","M","Near Mint","11.69","11.65","11.1500","11.1500","0","0","11.7100",""
"7046846","Magic","March of the Machine","Kami of Whispered Hopes","","196","U","Near Mint","4.45","4.45","5.0500","5.0500","0","0","5.0500",""
"7046851","Magic","March of the Machine","Kami of Whispered Hopes","","196","U","Near Mint Foil","5.02","5.22","5.2100","3.7200","0","0","4.3800",""
"7060693","Magic","March of the Machine","Khenra Spellspear","","151","U","Near Mint","0.06","0.05","1.3200","0.0100","1","0","0.1500",""
"7052596","Magic","March of the Machine","Knight-Errant of Eos","","26","R","Near Mint","0.34","0.34","1.5600","0.2500","0","0","0.2700",""
"7054253","Magic","March of the Machine","Kogla and Yidaro","","244","R","Near Mint","1.50","1.46","2.4000","1.0900","0","0","1.1800",""
"7061063","Magic","March of the Machine","Kroxa and Kunoros (Showcase)","","312","M","Near Mint","0.52","0.63","1.6100","0.3000","0","0","0.3400",""
"7061068","Magic","March of the Machine","Kroxa and Kunoros (Showcase)","","312","M","Near Mint Foil","0.64","0.85","1.5600","0.2500","0","0","0.3300",""
"7047296","Magic","March of the Machine","Monastery Mentor","","28","M","Near Mint","1.11","1.11","2.1300","0.8200","0","0","0.8800",""
"7065650","Magic","March of the Machine","Nahiri's Warcrafting","","155","R","Near Mint","0.13","0.06","1.3800","0.0700","5","0","0.1500",""
"7066290","Magic","March of the Machine","Nezumi Freewheeler","","119","U","Near Mint","0.08","","1.3200","0.0100","3","0","0.1500",""
"7006937","Magic","March of the Machine","Omnath, Locus of All","","249","R","Near Mint","0.35","0.28","1.5800","0.2300","0","0","0.2900",""
"7008227","Magic","March of the Machine","Omnath, Locus of All (Showcase)","","313","R","Near Mint","0.24","0.23","1.5100","0.2000","0","0","0.2100",""
"7048301","Magic","March of the Machine","Orthion, Hero of Lavabrink","","334","R","Near Mint","3.80","4.34","4.3100","3.0000","0","0","3.4000",""
"7063208","Magic","March of the Machine","Ozolith, the Shattered Spire","","198","R","Near Mint","8.73","9.57","8.7700","7.5000","0","0","8.3800",""
"7059443","Magic","March of the Machine","Phyrexian Awakening","","30","U","Near Mint","0.12","0.10","1.3200","0.0100","0","0","0.1500",""
"7059833","Magic","March of the Machine","Phyrexian Censor","","31","U","Near Mint","0.22","0.22","1.4700","0.1600","0","0","0.1700",""
"7056132","Magic","March of the Machine","Pile On","","122","R","Near Mint","0.18","0.19","1.4300","0.1200","1","0","0.1500",""
"7049891","Magic","March of the Machine","Plains (0282)","","282","L","Near Mint","0.35","","1.4600","0.1500","0","0","0.1800",""
"7049681","Magic","March of the Machine","Plains (0283)","","283","L","Near Mint","0.20","","1.4100","0.1000","0","0","0.1500",""
"7045191","Magic","March of the Machine","Polukranos Reborn","","200","R","Near Mint","0.20","0.18","1.4900","0.1800","0","0","0.1800",""
"7047501","Magic","March of the Machine","Polukranos Reborn (Showcase)","","300","R","Near Mint","0.42","0.42","1.5600","0.2500","0","0","0.2800",""
"7065410","Magic","March of the Machine","Progenitor Exarch","","32","R","Near Mint","0.26","0.18","1.4600","0.1500","0","0","0.1700",""
"7065415","Magic","March of the Machine","Progenitor Exarch","","32","R","Near Mint Foil","0.31","0.30","1.5000","0.1900","2","0","0.2100",""
"7046076","Magic","March of the Machine","Quintorius, Loremaster","","250","R","Near Mint","0.15","0.15","1.4000","0.0900","2","0","0.1500",""
"7045996","Magic","March of the Machine","Quintorius, Loremaster (Showcase)","","314","R","Near Mint","0.18","0.15","1.3800","0.0700","1","0","0.1500",""
"7061188","Magic","March of the Machine","Rampaging Raptor","","160","R","Near Mint","0.21","0.19","1.4100","0.1000","3","0","0.1500",""
"7061193","Magic","March of the Machine","Rampaging Raptor","","160","R","Near Mint Foil","0.28","0.21","1.5000","0.1900","1","0","0.2100",""
"7052066","Magic","March of the Machine","Rankle and Torbran","","252","R","Near Mint","0.22","0.20","1.4800","0.1700","0","0","0.1800",""
"7055485","Magic","March of the Machine","Rankle and Torbran (Showcase)","","315","R","Near Mint","0.26","","1.3500","0.0400","0","0","0.1500",""
"7045516","Magic","March of the Machine","Realmbreaker, the Invasion Tree","","263","R","Near Mint","0.37","0.23","1.6100","0.3000","0","0","0.3100",""
"7061368","Magic","March of the Machine","Rona, Herald of Invasion","","75","R","Near Mint","0.98","0.64","2.1100","0.8000","0","0","0.8400",""
"7067070","Magic","March of the Machine","Rona, Herald of Invasion (Showcase)","","295","R","Near Mint","0.69","0.70","1.8000","0.4900","0","0","0.5300",""
"7046606","Magic","March of the Machine","Ruins Recluse","","336","U","Near Mint","0.83","0.98","2.1400","0.8300","0","0","0.8300",""
"7064985","Magic","March of the Machine","Scorn-Blade Berserker","","124","U","Near Mint","0.09","0.04","1.3600","0.0500","4","0","0.1500",""
"7007417","Magic","March of the Machine","Scoured Barrens","","272","C","Near Mint","0.11","0.09","1.3600","0.0500","1","0","0.1500",""
"7086618","Magic","March of the Machine","Scrollshift","","34","C","Near Mint","0.23","0.13","1.4800","0.1700","0","0","0.1800",""
"7056632","Magic","March of the Machine","See Double","","77","R","Near Mint","0.45","0.45","1.6200","0.3000","0","0","0.3300",""
"7048891","Magic","March of the Machine","Seer of Stolen Sight","","330","U","Near Mint","0.16","0.08","1.4100","0.1000","1","0","0.1500",""
"7064815","Magic","March of the Machine","Sheoldred","","125","M","Near Mint","12.53","15.85","10.6400","9.4400","0","0","11.9600",""
"7058963","Magic","March of the Machine","Sunfall","","40","R","Near Mint","0.67","0.33","1.7100","0.4000","0","0","0.4500",""
"7062953","Magic","March of the Machine","Sunfall (Extended Art)","","349","R","Near Mint Foil","2.36","2.33","3.0400","1.7300","0","0","1.8600",""
"7045916","Magic","March of the Machine","Surrak and Goreclaw","","337","R","Near Mint","6.88","6.98","6.9900","6.0000","0","0","6.4600",""
"7045921","Magic","March of the Machine","Surrak and Goreclaw","","337","R","Near Mint Foil","17.49","20.14","16.9900","15.0000","0","0","16.2400",""
"7050371","Magic","March of the Machine","Swamp (0286)","","286","L","Near Mint","0.45","0.45","1.5600","0.2500","0","0","0.2900",""
"7050376","Magic","March of the Machine","Swamp (0286)","","286","L","Near Mint Foil","0.53","","1.5400","0.2300","0","0","0.2900",""
"7049761","Magic","March of the Machine","Swamp (0287)","","287","L","Near Mint","0.47","0.47","1.5500","0.2400","0","0","0.2900",""
"7007497","Magic","March of the Machine","Swiftwater Cliffs","","273","C","Near Mint","0.08","0.05","1.3400","0.0300","3","0","0.1500",""
"7047711","Magic","March of the Machine","Terror of Towashi","","331","R","Near Mint","0.23","0.12","1.4400","0.1300","0","0","0.1500",""
"7006857","Magic","March of the Machine","Thalia and The Gitrog Monster","","255","M","Near Mint","3.70","4.26","4.1000","2.7900","0","0","3.2400",""
"7006862","Magic","March of the Machine","Thalia and The Gitrog Monster","","255","M","Near Mint Foil","4.34","8.01","5.0000","5.0000","0","0","5.0000",""
"7008147","Magic","March of the Machine","Thalia and The Gitrog Monster (Showcase)","","316","M","Near Mint Foil","5.68","5.63","5.3000","3.9900","0","0","4.8300",""
"7007737","Magic","March of the Machine","Thornwood Falls","","274","C","Near Mint","0.08","","1.3400","0.0300","1","0","0.1500",""
"7044646","Magic","March of the Machine","Transcendent Message","","83","R","Near Mint","0.22","0.05","1.4600","0.1500","0","0","0.1600",""
"7053657","Magic","March of the Machine","Tribute to the World Tree","","211","R","Near Mint","8.32","9.80","8.6500","7.9000","0","0","7.7500",""
"7051586","Magic","March of the Machine","Voldaren Thrillseeker","","171","R","Near Mint","0.16","0.13","1.4400","0.1300","0","0","0.1500",""
"7007657","Magic","March of the Machine","Wind-Scarred Crag","","276","C","Near Mint","0.08","","1.3500","0.0400","1","0","0.1500",""
"7007662","Magic","March of the Machine","Wind-Scarred Crag","","276","C","Near Mint Foil","0.11","0.04","1.3500","0.0400","1","0","0.1500",""
"7040717","Magic","March of the Machine","Wrenn and Realmbreaker","","217","M","Near Mint","4.19","4.10","4.5600","3.2500","0","0","3.6800",""
"7006777","Magic","March of the Machine","Yargle and Multani","","256","R","Near Mint","0.98","0.93","2.1600","0.8500","0","0","0.8800",""
"7008057","Magic","March of the Machine","Yargle and Multani (Showcase)","","317","R","Near Mint","0.72","0.73","1.8100","0.5000","0","0","0.5400",""
"7008062","Magic","March of the Machine","Yargle and Multani (Showcase)","","317","R","Near Mint Foil","1.11","1.24","2.1600","0.8500","0","0","0.9000",""
"7059363","Magic","March of the Machine","Zephyr Singer","","86","R","Near Mint","0.24","0.15","1.5000","0.1900","0","0","0.2000",""
"7059283","Magic","March of the Machine","Zimone and Dina","","257","M","Near Mint","0.37","","1.6500","0.3400","0","0","0.3500",""
"7046316","Magic","March of the Machine","Zurgo and Ojutai","","258","M","Near Mint","1.04","1.02","1.9000","0.5900","0","0","0.6800",""
"7046321","Magic","March of the Machine","Zurgo and Ojutai","","258","M","Near Mint Foil","2.24","1.89","2.8100","1.5000","0","0","1.6600",""
"7046926","Magic","March of the Machine","Zurgo and Ojutai (Showcase)","","319","M","Near Mint","1.01","1.09","1.8300","0.5200","0","0","0.6200",""
"7092535","Magic","March of the Machine: Multiverse Legends","Anafenza, Kin-Tree Spirit","","1","R","Near Mint","0.20","0.19","1.4400","0.1300","1","0","0.1500",""
"7074030","Magic","March of the Machine: Multiverse Legends","Arixmethes, Slumbering Isle","","32","R","Near Mint","0.64","0.49","1.6800","0.3700","0","0","0.4300",""
"7094375","Magic","March of the Machine: Multiverse Legends","Atris, Oracle of Half-Truths","","34","R","Near Mint","0.15","0.10","1.4000","0.0900","2","0","0.1500",""
"7094175","Magic","March of the Machine: Multiverse Legends","Aurelia, the Warleader","","35","M","Near Mint","14.69","16.49","14.9900","13.0100","0","0","13.8700",""
"7094180","Magic","March of the Machine: Multiverse Legends","Aurelia, the Warleader","","35","M","Near Mint Foil","18.06","26.77","17.9800","17.9800","0","0","17.9800",""
"7092815","Magic","March of the Machine: Multiverse Legends","Ayara, First of Locthwain","","13","R","Near Mint","4.50","4.86","5.0700","3.7600","0","0","4.0300",""
"7073950","Magic","March of the Machine: Multiverse Legends","Baral, Chief of Compliance","","8","R","Near Mint","2.11","2.21","2.7600","1.4500","0","0","1.5800",""
"7073951","Magic","March of the Machine: Multiverse Legends","Baral, Chief of Compliance","","8","R","Lightly Played","1.69","","2.7100","1.4000","0","0","1.4900",""
"7074150","Magic","March of the Machine: Multiverse Legends","Brudiclad, Telchor Engineer","","36","R","Near Mint","0.45","0.44","1.6100","0.3000","0","0","0.3200",""
"7047631","Magic","March of the Machine: Multiverse Legends","Captain Lannery Storm","","20","R","Near Mint","0.23","0.21","1.4500","0.1400","0","0","0.1600",""
"7093415","Magic","March of the Machine: Multiverse Legends","Daxos, Blessed by the Sun","","2","U","Near Mint","0.24","0.20","1.5000","0.1500","0","0","0.2000",""
"7044166","Magic","March of the Machine: Multiverse Legends","Emry, Lurker of the Loch","","9","R","Near Mint","1.18","1.19","2.1500","0.8000","0","0","0.9100",""
"7093815","Magic","March of the Machine: Multiverse Legends","Ezuri, Claw of Progress","","38","M","Near Mint","1.60","1.79","2.2100","0.9000","0","0","1.0400",""
"7092655","Magic","March of the Machine: Multiverse Legends","Firesong and Sunspeaker","","39","R","Near Mint","0.18","0.11","1.3200","0.0100","3","0","0.1500",""
"7093935","Magic","March of the Machine: Multiverse Legends","Fynn, the Fangbearer","","26","U","Near Mint","0.27","0.15","1.4600","0.1500","0","0","0.1700",""
"7093055","Magic","March of the Machine: Multiverse Legends","Goreclaw, Terror of Qal Sisma","","27","R","Near Mint","0.98","0.82","1.9700","0.6600","0","0","0.7200",""
"7072270","Magic","March of the Machine: Multiverse Legends","Gyruda, Doom of Depths","","42","R","Near Mint","0.39","0.34","1.5700","0.2600","0","0","0.2900",""
"7048771","Magic","March of the Machine: Multiverse Legends","Horobi, Death's Wail","","14","R","Near Mint","0.27","0.26","1.5100","0.2000","0","0","0.2200",""
"7097125","Magic","March of the Machine: Multiverse Legends","Imoti, Celebrant of Bounty (Foil Etched)","","108","U","Near Mint Foil","0.27","0.25","1.4600","0.1500","0","0","0.1700",""
"7046476","Magic","March of the Machine: Multiverse Legends","Jegantha, the Wellspring","","44","R","Near Mint","0.47","0.46","1.7000","0.3900","0","0","0.4100",""
"7044206","Magic","March of the Machine: Multiverse Legends","Jin-Gitaxias, Core Augur","","11","M","Near Mint","11.78","11.78","11.7800","11.7800","0","0","11.3300",""
"7094615","Magic","March of the Machine: Multiverse Legends","Judith, the Scourge Diva","","45","R","Near Mint","0.23","0.20","1.4100","0.1000","2","0","0.1500",""
"7072470","Magic","March of the Machine: Multiverse Legends","Kaheera, the Orphanguard","","47","R","Near Mint","0.79","0.80","1.5500","0.2400","0","0","0.3500",""
"7072030","Magic","March of the Machine: Multiverse Legends","Kenrith, the Returned King","","4","M","Near Mint","2.13","2.37","2.7900","1.4800","0","0","1.6100",""
"7090885","Magic","March of the Machine: Multiverse Legends","Kenrith, the Returned King","","4","M","Near Mint Foil","3.36","3.46","3.9000","2.5900","0","0","3.0200",""
"7072750","Magic","March of the Machine: Multiverse Legends","Keruga, the Macrosage","","48","R","Near Mint","0.29","0.15","1.4600","0.1500","0","0","0.1800",""
"7073350","Magic","March of the Machine: Multiverse Legends","Lathiel, the Bounteous Dawn","","50","R","Near Mint","0.61","0.37","1.7000","0.3900","0","0","0.4400",""
"7072830","Magic","March of the Machine: Multiverse Legends","Lurrus of the Dream-Den","","51","R","Near Mint","1.46","1.60","2.3100","1.0000","0","0","1.1000",""
"7072990","Magic","March of the Machine: Multiverse Legends","Lutri, the Spellchaser","","52","R","Near Mint","0.29","0.20","1.4700","0.1600","0","0","0.1900",""
"7044286","Magic","March of the Machine: Multiverse Legends","Niv-Mizzet Reborn","","53","M","Near Mint","0.75","0.48","1.7900","0.4800","0","0","0.5300",""
"7092175","Magic","March of the Machine: Multiverse Legends","Niv-Mizzet Reborn","","53","M","Near Mint Foil","0.87","0.72","2.0300","0.7200","0","0","0.7500",""
"7073030","Magic","March of the Machine: Multiverse Legends","Obosh, the Preypiercer","","54","R","Near Mint","0.33","","1.4600","0.1500","0","0","0.1900",""
"7092735","Magic","March of the Machine: Multiverse Legends","Renata, Called to the Hunt","","28","U","Near Mint","0.15","0.08","1.4100","0.1000","13","0","0.1500",""
"7094015","Magic","March of the Machine: Multiverse Legends","Seizan, Perverter of Truth","","15","R","Near Mint","1.38","1.94","2.0100","0.7000","0","0","0.8400",""
"7096015","Magic","March of the Machine: Multiverse Legends","Seizan, Perverter of Truth (Foil Etched)","","80","R","Near Mint Foil","1.39","1.52","2.5100","1.2000","0","0","1.2400",""
"7044326","Magic","March of the Machine: Multiverse Legends","Sheoldred, Whispering One","","16","M","Near Mint","18.74","18.98","18.5300","16.5400","0","0","17.6500",""
"7091255","Magic","March of the Machine: Multiverse Legends","Skithiryx, the Blight Dragon","","17","M","Near Mint Foil","11.72","12.67","12.4300","12.4300","0","0","12.4300",""
"7094935","Magic","March of the Machine: Multiverse Legends","Squee, the Immortal","","22","R","Near Mint","0.59","0.54","1.8100","0.5000","0","0","0.3700",""
"7073990","Magic","March of the Machine: Multiverse Legends","Sram, Senior Edificer","","6","R","Near Mint","1.96","2.18","2.3000","0.9900","0","0","1.1800",""
"7047461","Magic","March of the Machine: Multiverse Legends","Taigam, Ojutai Master","","60","R","Near Mint","0.25","0.21","1.5200","0.2100","0","0","0.2200",""
"7097565","Magic","March of the Machine: Multiverse Legends","Taigam, Ojutai Master (Foil Etched)","","125","R","Near Mint Foil","1.41","1.61","2.0900","0.7800","0","0","0.9100",""
"7093135","Magic","March of the Machine: Multiverse Legends","Teysa Karlov","","61","R","Near Mint","1.71","1.84","2.5100","1.2000","0","0","1.3000",""
"7046566","Magic","March of the Machine: Multiverse Legends","Thalia, Guardian of Thraben","","7","R","Near Mint","0.51","0.64","1.6600","0.3500","0","0","0.3800",""
"7094295","Magic","March of the Machine: Multiverse Legends","Tymaret, Chosen from Death","","18","U","Near Mint","0.09","0.05","1.3200","0.0100","1","0","0.1500",""
"7073110","Magic","March of the Machine: Multiverse Legends","Umori, the Collector","","62","R","Near Mint","0.22","0.17","1.4600","0.1500","0","0","0.1600",""
"7092335","Magic","March of the Machine: Multiverse Legends","Umori, the Collector","","62","R","Near Mint Foil","0.33","0.25","1.5100","0.1900","0","0","0.2300",""
"7044406","Magic","March of the Machine: Multiverse Legends","Urabrask the Hidden","","23","M","Near Mint","4.55","4.38","3.8100","2.5000","0","0","3.5200",""
"7044501","Magic","March of the Machine: Multiverse Legends","Yargle, Glutton of Urborg","","19","U","Near Mint","0.16","0.06","1.3600","0.0500","0","0","0.1500",""
"7074190","Magic","March of the Machine: Multiverse Legends","Yarok, the Desecrated","","63","M","Near Mint","3.49","2.96","4.0400","2.7300","0","0","3.1100",""
"7047671","Magic","March of the Machine: Multiverse Legends","Yedora, Grave Gardener","","30","R","Near Mint","0.30","0.25","1.4500","0.1400","0","0","0.1700",""
"7073190","Magic","March of the Machine: Multiverse Legends","Yorion, Sky Nomad","","64","R","Near Mint","0.46","0.50","1.6600","0.3500","0","0","0.3700",""
"7044551","Magic","March of the Machine: Multiverse Legends","Zada, Hedron Grinder","","25","U","Near Mint","0.19","0.10","1.3900","0.0800","0","0","0.1500",""
"7073270","Magic","March of the Machine: Multiverse Legends","Zirda, the Dawnwaker","","65","R","Near Mint","0.92","0.86","1.9500","0.6400","0","0","0.7000",""
"7145406","Magic","March of the Machine: The Aftermath","Calix, Guided by Fate (Showcase)","","76","M","Near Mint","15.72","16.51","14.8500","13.5400","0","0","14.6300",""
"7145411","Magic","March of the Machine: The Aftermath","Calix, Guided by Fate (Showcase)","","76","M","Near Mint Foil","15.33","25.51","14.6900","14.6900","0","0","15.0100",""
"7145131","Magic","March of the Machine: The Aftermath","Metropolis Reformer (Extended Art)","","152","R","Near Mint","1.52","1.49","2.3900","0.9000","0","0","1.1700",""
"7147396","Magic","March of the Machine: The Aftermath","Narset, Enlightened Exile (Foil Etched)","","138","M","Near Mint Foil","8.08","8.07","7.1000","6.1000","0","0","7.0900",""
"7140917","Magic","March of the Machine: The Aftermath","Niv-Mizzet, Supreme","","40","R","Near Mint","0.26","","1.4800","0.1700","0","0","0.1900",""
"7140922","Magic","March of the Machine: The Aftermath","Niv-Mizzet, Supreme","","40","R","Near Mint Foil","0.30","0.30","1.5300","0.2200","0","0","0.2400",""
"7148511","Magic","March of the Machine: The Aftermath","Niv-Mizzet, Supreme (Foil Etched)","","140","R","Near Mint Foil","0.40","","1.4300","0.1200","0","0","0.2400",""
"7140122","Magic","March of the Machine: The Aftermath","Open the Way","","23","R","Near Mint Foil","3.82","4.20","4.4100","3.1000","0","0","3.4600",""
"7144296","Magic","March of the Machine: The Aftermath","Sarkhan, Soul Aflame (Extended Art)","","181","M","Near Mint","7.28","7.13","5.9700","4.6600","0","0","5.9800",""
"7142527","Magic","March of the Machine: The Aftermath","Training Grounds","","9","R","Near Mint","4.41","5.31","5.1500","5.1500","0","0","5.1500",""
"8864365","Magic","Marvel's Spider-Man","Anti-Venom, Horrifying Healer","","1","M","Near Mint","10.07","9.83","8.7500","8.7500","0","0","9.0000",""
"8914825","Magic","Marvel's Spider-Man","Arana, Heart of the Spider","","123","R","Near Mint","0.39","0.28","1.5000","0.1900","0","0","0.2300",""
"8861114","Magic","Marvel's Spider-Man","Aunt May","","3","U","Near Mint","0.23","0.14","1.3500","0.0400","0","0","0.1500",""
"8918359","Magic","Marvel's Spider-Man","Biorganic Carapace","","124","R","Near Mint","0.29","0.25","1.3700","0.0600","0","0","0.1500",""
"8914225","Magic","Marvel's Spider-Man","Chameleon, Master of Disguise","","27","U","Near Mint","0.46","","1.4000","0.0900","0","0","0.1600",""
"8918189","Magic","Marvel's Spider-Man","Doc Ock's Tentacles","","162","R","Near Mint","0.43","0.37","1.3900","0.0800","0","0","0.1500",""
"8905570","Magic","Marvel's Spider-Man","Electro, Assaulting Battery","","76","R","Near Mint","2.55","3.58","3.3100","2.0000","0","0","2.1300",""
"8869404","Magic","Marvel's Spider-Man","Forest (0193)","","193","L","Near Mint","0.38","0.39","1.3500","0.0400","0","0","0.1500",""
"8921368","Magic","Marvel's Spider-Man","Friendly Neighborhood","","8","R","Near Mint","0.30","0.24","1.3500","0.0400","0","0","0.1500",""
"8917249","Magic","Marvel's Spider-Man","Hide on the Ceiling","","32","R","Near Mint","0.84","1.37","1.5300","0.2200","0","0","0.3700",""
"8911561","Magic","Marvel's Spider-Man","Hydro-Man, Fluid Felon","","33","R","Near Mint","0.37","0.35","1.4100","0.1000","0","0","0.1900",""
"8869204","Magic","Marvel's Spider-Man","Iron Spider, Stark Upgrade","","166","R","Near Mint","1.11","0.78","1.9100","0.6000","0","0","0.6900",""
"8904214","Magic","Marvel's Spider-Man","J. Jonah Jameson","","81","R","Near Mint","0.26","0.26","1.4000","0.0900","0","0","0.1500",""
"8917889","Magic","Marvel's Spider-Man","Jackal, Genius Geneticist","","131","R","Near Mint","0.39","0.47","1.4100","0.1000","0","0","0.1600",""
"8905690","Magic","Marvel's Spider-Man","Kraven the Hunter","","133","R","Near Mint","0.22","0.21","1.3900","0.0800","0","0","0.1500",""
"8862020","Magic","Marvel's Spider-Man","Kraven's Cats","","104","C","Near Mint","0.02","0.01","1.3200","0.0100","2","0","0.1500",""
"8870849","Magic","Marvel's Spider-Man","Kraven's Last Hunt","","105","R","Near Mint","0.12","0.14","1.3200","0.0100","0","0","0.1500",""
"8912586","Magic","Marvel's Spider-Man","Lady Octopus, Inspired Inventor","","35","R","Near Mint","0.69","0.88","1.5400","0.2300","0","0","0.3200",""
"8917089","Magic","Marvel's Spider-Man","Lizard, Connors's Curse","","106","R","Near Mint","0.26","0.31","1.3800","0.0700","0","0","0.1500",""
"8915932","Magic","Marvel's Spider-Man","Mary Jane Watson (Borderless)","","229","R","Near Mint","0.60","0.60","1.5200","0.2100","0","0","0.3000",""
"8918069","Magic","Marvel's Spider-Man","Maximum Carnage","","83","R","Near Mint","0.43","0.48","1.4900","0.1800","0","0","0.2300",""
"8861330","Magic","Marvel's Spider-Man","Mechanical Mobster","","168","C","Near Mint","0.01","0.01","1.3200","0.0100","4","0","0.1500",""
"8917949","Magic","Marvel's Spider-Man","Morlun, Devourer of Spiders","","59","R","Near Mint","0.49","0.49","1.5000","0.1900","0","0","0.2400",""
"8869524","Magic","Marvel's Spider-Man","Mountain (0192)","","192","L","Near Mint","0.33","0.35","1.3800","0.0700","0","0","0.1500",""
"8869529","Magic","Marvel's Spider-Man","Mountain (0192)","","192","L","Near Mint Foil","0.27","0.32","1.4000","0.0900","0","0","0.1500",""
"8869689","Magic","Marvel's Spider-Man","Multiversal Passage","","180","R","Near Mint","5.85","6.48","5.7000","5.7000","0","0","5.6000",""
"8864655","Magic","Marvel's Spider-Man","Origin of Spider-Man (Borderless)","","218","R","Near Mint","0.40","0.27","1.5100","0.2000","0","0","0.2400",""
"8914081","Magic","Marvel's Spider-Man","Oscorp Industries","","182","R","Near Mint","0.93","1.08","1.7100","0.4000","0","0","0.4900",""
"8914605","Magic","Marvel's Spider-Man","Parker Luck","","60","R","Near Mint","0.32","0.23","1.4100","0.1000","0","0","0.1500",""
"8915227","Magic","Marvel's Spider-Man","Passenger Ferry","","170","C","Near Mint","0.04","0.01","1.3200","0.0100","4","0","0.1500",""
"8870034","Magic","Marvel's Spider-Man","Plains (0189)","","189","L","Near Mint","0.46","0.43","1.3800","0.0700","0","0","0.1500",""
"8870039","Magic","Marvel's Spider-Man","Plains (0189)","","189","L","Near Mint Foil","0.39","0.44","1.4000","0.0900","0","0","0.1600",""
"8907925","Magic","Marvel's Spider-Man","Radioactive Spider","","111","R","Near Mint","0.33","0.49","1.4100","0.1000","0","0","0.1500",""
"8907690","Magic","Marvel's Spider-Man","Rent Is Due","","11","R","Near Mint Foil","0.27","0.36","1.4000","0.0900","0","0","0.1500",""
"8914021","Magic","Marvel's Spider-Man","Rocket-Powered Goblin Glider","","172","R","Near Mint","0.26","0.25","1.3800","0.0700","0","0","0.1500",""
"8905370","Magic","Marvel's Spider-Man","Sandman, Shifting Scoundrel","","112","R","Near Mint","0.45","0.52","1.4100","0.1000","0","0","0.1600",""
"8913906","Magic","Marvel's Spider-Man","Scarlet Spider, Ben Reilly","","142","R","Near Mint Foil","0.72","0.72","1.5800","0.2700","0","0","0.3600",""
"8914285","Magic","Marvel's Spider-Man","Shadow of the Goblin","","87","R","Near Mint","1.23","1.39","1.8100","0.5000","0","0","0.6300",""
"8861960","Magic","Marvel's Spider-Man","Shock","","88","C","Near Mint","0.02","0.01","1.3200","0.0100","2","0","0.1500",""
"8861965","Magic","Marvel's Spider-Man","Shock","","88","C","Near Mint Foil","0.08","0.05","1.3200","0.0100","1","0","0.1500",""
"8924648","Magic","Marvel's Spider-Man","SP//dr, Piloted by Peni (Borderless)","","199","U","Near Mint","0.23","0.24","1.4400","0.1300","0","0","0.1600",""
"8864965","Magic","Marvel's Spider-Man","Spectacular Spider-Man (Borderless)","","14","R","Near Mint","4.75","4.65","5.0000","3.6900","0","0","5.0000",""
"8862130","Magic","Marvel's Spider-Man","Spider-Ham, Peter Porker","","114","R","Near Mint","0.74","0.76","1.5400","0.2300","0","0","0.3400",""
"8866207","Magic","Marvel's Spider-Man","Spider-Man Noir (Borderless)","","204","U","Near Mint","0.25","0.26","1.4200","0.1100","0","0","0.1500",""
"8911936","Magic","Marvel's Spider-Man","Spider-Sense","","46","R","Near Mint","1.63","1.69","2.0600","0.7500","0","0","0.9500",""
"8912706","Magic","Marvel's Spider-Man","Spider-Woman, Stunning Savior","","152","R","Near Mint","1.04","1.28","1.5000","0.1900","0","0","0.3600",""
"8914505","Magic","Marvel's Spider-Man","Spinneret and Spiderling","","94","R","Near Mint","0.23","0.25","1.4000","0.0900","0","0","0.1500",""
"8914670","Magic","Marvel's Spider-Man","Strength of Will","","118","R","Near Mint Foil","1.39","1.39","2.0400","0.7300","0","0","0.8600",""
"8915287","Magic","Marvel's Spider-Man","Subway Train","","178","C","Near Mint","0.03","0.01","1.3200","0.0100","4","0","0.1500",""
"8912646","Magic","Marvel's Spider-Man","Superior Spider-Man","","155","R","Near Mint","1.62","1.64","2.3600","1.0500","0","0","1.1700",""
"8870094","Magic","Marvel's Spider-Man","Swamp (0191)","","191","L","Near Mint","0.25","0.35","1.3600","0.0500","0","0","0.1500",""
"8870099","Magic","Marvel's Spider-Man","Swamp (0191)","","191","L","Near Mint Foil","0.50","0.36","1.3800","0.0700","0","0","0.1600",""
"8868904","Magic","Marvel's Spider-Man","Symbiote Spider-Man","","156","R","Near Mint","0.56","0.56","1.4900","0.1800","0","0","0.2600",""
"8915107","Magic","Marvel's Spider-Man","The Spot, Living Portal","","153","R","Near Mint","0.19","0.21","1.4100","0.1000","0","0","0.1500",""
"8912356","Magic","Marvel's Spider-Man","Vibrant Cityscape","","188","C","Near Mint","0.09","0.05","1.3200","0.0100","0","0","0.1500",""
"8912361","Magic","Marvel's Spider-Man","Vibrant Cityscape","","188","C","Near Mint Foil","0.26","0.23","1.4500","0.1400","0","0","0.1700",""
"8921598","Magic","Marvel's Spider-Man","Villainous Wrath","","74","R","Near Mint","0.91","0.98","1.6600","0.3500","0","0","0.4800",""
"8910855","Magic","Marvel's Spider-Man","Web of Life and Destiny","","122","M","Near Mint","2.97","3.41","3.4400","2.1300","0","0","2.3100",""
"8869094","Magic","Marvel's Spider-Man","Web-Warriors (Borderless)","","203","U","Near Mint","0.18","0.16","1.3500","0.0400","0","0","0.1500",""
"3609627","Magic","Masters 25","Akroma, Angel of Wrath","","2","M","Near Mint","3.63","","4.5400","3.2300","0","0","3.4300",""
"3608996","Magic","Masters 25","Akroma's Vengeance","","3","R","Near Mint","0.43","","1.7100","0.4000","0","0","0.4100",""
"3609637","Magic","Masters 25","Ancient Stirrings","","159","U","Near Mint","0.30","0.24","1.4400","0.1300","0","0","0.1700",""
"3609347","Magic","Masters 25","Animar, Soul of Elements","","196","M","Near Mint","10.02","","10.4500","9.1400","0","0","10.4500",""
"3609352","Magic","Masters 25","Animar, Soul of Elements","","196","M","Near Mint Foil","41.25","","41.1900","41.1900","1","0","41.1900",""
"3611490","Magic","Masters 25","Arbor Elf","","160","C","Near Mint","0.36","","1.6000","0.2900","0","0","0.3000",""
"3611495","Magic","Masters 25","Arbor Elf","","160","C","Near Mint Foil","3.56","","4.5800","3.2700","2","0","3.4200",""
"3610970","Magic","Masters 25","Arcane Denial","","41","C","Near Mint","2.45","4.84","3.0100","1.7000","0","0","1.8500",""
"3608652","Magic","Masters 25","Ball Lightning","","121","R","Near Mint","0.65","","1.7000","0.3900","1","0","0.4400",""
"3611060","Magic","Masters 25","Boros Charm","","199","U","Near Mint","4.84","4.85","5.0000","5.0000","1","0","5.0000",""
"3609016","Magic","Masters 25","Brainstorm","","46","C","Near Mint","1.44","","2.5900","1.2800","0","0","1.3100",""
"3611520","Magic","Masters 25","Broodhatch Nantuko","","162","U","Near Mint","0.20","","1.4300","0.1200","1","0","0.1500",""
"3610690","Magic","Masters 25","Browbeat","","123","U","Near Mint","0.39","0.26","1.5500","0.2400","1","0","0.2700",""
"3610715","Magic","Masters 25","Chandra's Outrage","","124","C","Near Mint Foil","0.49","0.10","1.3400","0.0300","1","0","0.1500",""
"3609367","Magic","Masters 25","Coalition Relic","","223","R","Near Mint","0.74","1.12","1.7600","0.4500","0","0","0.5100",""
"3608864","Magic","Masters 25","Conflux","","202","R","Near Mint","2.12","3.99","3.0600","1.7500","0","0","1.8200",""
"3611615","Magic","Masters 25","Congregate","","8","U","Near Mint","0.11","","1.4100","0.1000","1","0","0.1500",""
"3611555","Magic","Masters 25","Cultivate","","165","C","Near Mint","0.54","0.59","1.8000","0.4900","2","0","0.5000",""
"3608874","Magic","Masters 25","Darien, King of Kjeldor","","9","R","Near Mint","0.61","0.64","1.7500","0.4400","0","0","0.4700",""
"3610439","Magic","Masters 25","Diabolic Edict","","85","C","Near Mint","0.11","0.10","","","1","0","0.1500",""
"3611665","Magic","Masters 25","Disenchant","","12","C","Near Mint","0.12","","1.3900","0.0800","3","0","0.1500",""
"3610890","Magic","Masters 25","Disfigure","","87","C","Near Mint","0.09","","1.3200","0.0100","1","0","0.1500",""
"3608894","Magic","Masters 25","Eidolon of the Great Revel","","128","R","Near Mint","1.84","2.24","2.6800","1.3700","0","0","1.4600",""
"3609056","Magic","Masters 25","Eladamri's Call","","203","R","Near Mint","9.87","11.11","10.0000","10.0000","0","0","10.0000",""
"3608692","Magic","Masters 25","Ensnaring Bridge","","224","M","Near Mint","9.34","11.97","9.1300","9.1300","0","0","9.2000",""
"3610449","Magic","Masters 25","Erg Raiders","","90","C","Near Mint","0.03","0.02","1.3200","0.0100","1","0","0.1500",""
"3608812","Magic","Masters 25","Fierce Empath","","171","U","Near Mint","0.16","","1.4300","0.1200","0","0","0.1500",""
"3609077","Magic","Masters 25","Flooded Grove","","239","R","Near Mint","0.80","0.89","1.7500","0.4400","0","0","0.5100",""
"3611150","Magic","Masters 25","Freed from the Real","","58","U","Near Mint","9.68","9.98","8.8700","7.8800","0","0","8.6200",""
"3608722","Magic","Masters 25","Goblin War Drums","","133","U","Near Mint","1.61","1.68","2.0600","0.7500","0","0","0.9200",""
"3611230","Magic","Masters 25","Haunted Fengraf","","240","C","Near Mint","0.14","","1.4100","0.1000","2","0","0.1500",""
"3609427","Magic","Masters 25","Hell's Caretaker","","92","R","Near Mint","1.81","2.14","2.5600","1.2500","0","0","1.3600",""
"3609437","Magic","Masters 25","Ihsan's Shade","","94","U","Near Mint","0.09","0.10","1.3400","0.0300","1","0","0.1500",""
"3609442","Magic","Masters 25","Ihsan's Shade","","94","U","Near Mint Foil","0.23","","1.5100","0.2000","1","0","0.2100",""
"3611635","Magic","Masters 25","Iwamori of the Open Fist","","174","U","Near Mint","0.20","","1.3800","0.0700","1","0","0.1500",""
"3609447","Magic","Masters 25","Izzet Chemister","","138","R","Near Mint","0.16","0.16","1.4100","0.1000","0","0","0.1500",""
"3609107","Magic","Masters 25","Jalira, Master Polymorphist","","63","U","Near Mint","0.21","0.18","1.4100","0.1000","0","0","0.1500",""
"3611675","Magic","Masters 25","Kavu Predator","","176","U","Near Mint","0.14","","1.4100","0.1000","1","0","0.1500",""
"3611775","Magic","Masters 25","Knight of the Skyward Eye","","19","C","Near Mint","0.05","","1.3200","0.0100","0","0","0.1500",""
"3611695","Magic","Masters 25","Krosan Colossus","","177","U","Near Mint","0.08","","1.3700","0.0600","1","0","0.1500",""
"3609257","Magic","Masters 25","Merfolk Looter","","65","U","Near Mint","0.24","","1.4300","0.1200","0","0","0.1500",""
"3609167","Magic","Masters 25","Mishra's Factory","","242","U","Near Mint","0.16","","1.3900","0.0800","1","0","0.1500",""
"3609477","Magic","Masters 25","Mystic Snake","","208","R","Near Mint","0.69","","1.9600","0.6500","0","0","0.6700",""
"3609487","Magic","Masters 25","Nettle Sentinel","","182","C","Near Mint","0.19","0.25","1.4100","0.1000","1","0","0.1500",""
"3612055","Magic","Masters 25","Perilous Myr","","227","U","Near Mint","0.07","","1.3800","0.0700","1","0","0.1500",""
"3610503","Magic","Masters 25","Pernicious Deed","","212","R","Near Mint","1.97","","3.1100","1.7600","0","0","1.8000",""
"3608171","Magic","Masters 25","Pillage","","144","C","Near Mint","0.10","","1.3500","0.0400","2","0","0.1500",""
"3608176","Magic","Masters 25","Pillage","","144","C","Near Mint Foil","0.33","","1.5100","0.2000","1","0","0.2300",""
"3611090","Magic","Masters 25","Plague Wind","","102","R","Near Mint","2.40","2.93","3.5000","2.1900","0","0","2.2400",""
"3610870","Magic","Masters 25","Pyroclasm","","146","U","Near Mint","0.30","","1.4400","0.1300","0","0","0.1600",""
"3611270","Magic","Masters 25","Quicksand","","245","U","Near Mint","0.13","","1.4000","0.0900","1","0","0.1500",""
"3611825","Magic","Masters 25","Rancor","","186","U","Near Mint","0.82","","1.8100","0.5000","0","0","0.5600",""
"3609187","Magic","Masters 25","Reef Worm","","70","R","Near Mint","0.28","","1.4600","0.1500","0","0","0.1800",""
"3608934","Magic","Masters 25","Rishadan Port","","246","R","Near Mint","5.51","7.48","5.5000","4.1900","0","0","5.5000",""
"3608939","Magic","Masters 25","Rishadan Port","","246","R","Near Mint Foil","10.52","12.42","9.4400","9.4400","0","0","9.9800",""
"3611240","Magic","Masters 25","Ruthless Ripper","","107","C","Near Mint","0.18","","1.3900","0.0600","0","0","0.1500",""
"3609737","Magic","Masters 25","Simian Spirit Guide","","148","U","Near Mint","2.90","4.98","3.2000","1.8900","0","0","2.0900",""
"3608636","Magic","Masters 25","Sundering Titan","","233","R","Near Mint","0.43","","1.6300","0.3200","0","0","0.3400",""
"3612105","Magic","Masters 25","Swiftfoot Boots","","234","U","Near Mint","1.43","","2.5600","1.2500","0","0","1.2900",""
"3612106","Magic","Masters 25","Swiftfoot Boots","","234","U","Lightly Played","1.17","","2.4800","1.1700","0","0","1.1700",""
"3611945","Magic","Masters 25","Swords to Plowshares","","35","U","Near Mint","1.21","1.70","2.4500","1.1400","0","0","1.1500",""
"3612120","Magic","Masters 25","Treasure Keeper","","235","U","Near Mint Foil","0.20","","1.4900","0.1800","0","0","0.1800",""
"3611925","Magic","Masters 25","Tree of Redemption","","191","M","Near Mint","4.08","","2.9900","1.6800","0","0","2.8800",""
"3610513","Magic","Masters 25","Triskaidekaphobia","","110","R","Near Mint","0.22","","1.4600","0.1500","0","0","0.1600",""
"3609302","Magic","Masters 25","Twilight Mire","","248","R","Near Mint Foil","7.33","8.43","7.5000","7.5000","1","0","7.5000",""
"3611955","Magic","Masters 25","Utopia Sprawl","","192","U","Near Mint","0.96","","2.1600","0.8500","0","0","0.8700",""
"3609317","Magic","Masters 25","Vesuvan Shapeshifter","","77","R","Near Mint","0.28","","1.5400","0.2300","1","0","0.2400",""
"3611430","Magic","Masters 25","Will-o'-the-Wisp","","115","U","Near Mint","0.14","","1.4000","0.0900","1","0","0.1500",""
"3609552","Magic","Masters 25","Zada, Hedron Grinder","","156","U","Near Mint Foil","0.17","","1.4600","0.1500","0","0","0.1500",""
"3611470","Magic","Masters 25","Zulaport Cutthroat","","117","U","Near Mint","1.68","","2.7300","1.4200","1","0","1.4700",""
"4143866","Magic","Media Promos","Beast Whisperer","","123","P","Near Mint Foil","3.28","","4.2900","2.9800","1","0","3.1300",""
"19965","Magic","Mercadian Masques","Cho-Arrim Alchemist","","8","R","Near Mint","0.47","0.49","1.6100","0.3000","0","0","0.3300",""
"369256","Magic","Mercadian Masques","Collective Unconscious","","236","R","Lightly Played","0.81","","1.8900","0.5800","1","0","0.6200",""
"43783","Magic","Mercadian Masques","Corrupt Official","","128","R","Near Mint Foil","4.47","","9.4600","8.4700","0","0","4.4700",""
"19980","Magic","Mercadian Masques","Counterspell","","69","C","Near Mint","2.15","","2.9400","1.6300","0","0","1.7300",""
"20062","Magic","Mercadian Masques","Intimidation","","142","U","Near Mint","0.66","","1.9600","0.6500","1","0","0.6500",""
"20098","Magic","Mercadian Masques","Midnight Ritual","","146","R","Near Mint","0.29","","1.5500","0.2400","0","0","0.2500",""
"20193","Magic","Mercadian Masques","Spiritual Focus","","49","R","Near Mint","0.49","","1.6900","0.3800","0","0","0.4000",""
"20210","Magic","Mercadian Masques","Tectonic Break","","216","R","Near Mint","6.77","","8.9500","8.9500","1","0","8.9500",""
"12863","Magic","Mirage","Marble Diamond","","","U","Near Mint","0.64","0.49","1.7100","0.4000","2","0","0.4500",""
"367951","Magic","Mirage","Moss Diamond","","","U","Lightly Played","0.31","","1.4600","0.1500","1","0","0.1800",""
"13455","Magic","Mirage","Sea Scryer","","","C","Near Mint","0.22","","1.3900","0.0800","0","0","0.1500",""
"8975","Magic","Mirrodin","Damping Matrix","","161","R","Near Mint","0.79","","1.8100","0.5000","1","0","0.5600",""
"9863","Magic","Mirrodin","Glimmervoid","","281","R","Near Mint","4.52","","5.5100","4.2000","0","0","4.3600",""
"9263","Magic","Mirrodin","Lightning Greaves","","199","U","Near Mint","5.42","7.97","5.3000","3.7700","1","0","4.5900",""
"8519","Magic","Mirrodin","Mass Hysteria","","99","R","Near Mint","3.52","","4.1600","2.8500","0","0","3.1900",""
"373159","Magic","Mirrodin","Mesmeric Orb","","204","R","Lightly Played","20.58","","19.8900","18.9000","0","0","19.3500",""
"9615","Magic","Mirrodin","Steel Wall","","248","C","Near Mint","0.22","","1.4200","0.1100","0","0","0.1500",""
"9623","Magic","Mirrodin","Sun Droplet","","249","U","Near Mint","0.29","","1.5600","0.2500","3","0","0.2600",""
"9663","Magic","Mirrodin","Talisman of Impulse","","254","U","Near Mint","0.97","","1.8900","0.5800","1","0","0.6600",""
"373205","Magic","Mirrodin","Talisman of Impulse","","254","U","Lightly Played","0.73","","1.7100","0.4000","1","0","0.4700",""
"9671","Magic","Mirrodin","Talisman of Indulgence","","255","U","Near Mint","2.42","1.95","3.1300","1.8200","1","0","1.9400",""
"9687","Magic","Mirrodin","Talisman of Unity","","257","U","Near Mint","0.65","0.49","1.8100","0.5000","1","0","0.5300",""
"9799","Magic","Mirrodin","Vorrac Battlehorns","","271","C","Near Mint","0.80","0.79","1.8800","0.5700","1","0","0.6200",""
"413951","Magic","Mirrodin Besieged","Blightsteel Colossus","","99","M","Near Mint","37.48","","37.4500","36.1400","0","0","36.5400",""
"414255","Magic","Mirrodin Besieged","Blue Sun's Zenith","","20","R","Near Mint","1.50","","2.6200","1.3100","1","0","1.3500",""
"413941","Magic","Mirrodin Besieged","Brass Squire","","101","U","Near Mint","1.22","1.28","2.2800","0.9700","0","0","1.0200",""
"414541","Magic","Mirrodin Besieged","Darksteel Plate","","104","R","Near Mint","5.66","","5.3600","5.3600","0","0","4.5900",""
"413947","Magic","Mirrodin Besieged","Green Sun's Zenith","","81","R","Near Mint","16.23","16.31","16.2200","14.9200","0","0","15.5700",""
"413975","Magic","Mirrodin Besieged","Melira's Keepers","","83","U","Near Mint","0.10","","1.3200","0.0100","2","0","0.1500",""
"414547","Magic","Mirrodin Besieged","Myr Turbine","","117","R","Near Mint","3.60","4.74","4.6100","2.6200","0","0","3.1100",""
"413967","Magic","Mirrodin Besieged","Phyrexian Vatmother","","52","R","Near Mint","0.32","","1.5100","0.2000","0","0","0.2200",""
"414506","Magic","Mirrodin Besieged","Quilled Slagwurm","","89","U","Near Mint","0.12","","1.3700","0.0600","2","0","0.1500",""
"414247","Magic","Mirrodin Besieged","Shimmer Myr","","129","R","Lightly Played","0.34","","1.5600","0.2500","0","0","0.2700",""
"414238","Magic","Mirrodin Besieged","Tezzeret, Agent of Bolas","","97","M","Lightly Played","3.21","","3.7800","2.4200","0","0","2.8400",""
"4077474","Magic","Modern Horizons","Altar of Dementia","","218","R","Near Mint","11.51","11.62","11.5000","11.5000","0","0","11.5000",""
"4059940","Magic","Modern Horizons","Archmage's Charm","","40","R","Near Mint","1.13","1.17","2.1800","0.8700","0","0","0.9200",""
"4053374","Magic","Modern Horizons","Astral Drift","","3","R","Near Mint","0.22","0.22","1.4100","0.1000","0","0","0.1500",""
"4066897","Magic","Modern Horizons","Barren Moor","","236","U","Near Mint","0.20","","1.4100","0.1000","2","0","0.1500",""
"4070050","Magic","Modern Horizons","Ephemerate","","7","C","Near Mint","4.24","3.90","4.8100","3.5000","0","0","3.8300",""
"4054469","Magic","Modern Horizons","Fiery Islet","","238","R","Near Mint","3.11","3.38","3.1100","1.8000","0","0","2.4600",""
"4058410","Magic","Modern Horizons","Force of Rage","","124","R","Near Mint","0.20","0.20","1.3600","0.0500","1","0","0.1500",""
"4052328","Magic","Modern Horizons","Force of Vigor","","164","R","Near Mint","6.16","6.28","6.0000","5.0000","0","0","5.5800",""
"4058740","Magic","Modern Horizons","Force of Virtue","","10","R","Near Mint","0.36","0.43","1.5100","0.2000","0","0","0.2300",""
"4066677","Magic","Modern Horizons","Forgotten Cave","","239","U","Near Mint","0.10","0.10","1.4100","0.1000","4","0","0.1500",""
"4056493","Magic","Modern Horizons","Generous Gift","","11","U","Near Mint","1.01","1.10","1.8800","0.5500","0","0","0.6400",""
"4056498","Magic","Modern Horizons","Generous Gift","","11","U","Near Mint Foil","1.72","","2.7700","1.4600","1","0","1.4600",""
"4057750","Magic","Modern Horizons","Genesis","","166","R","Near Mint","0.55","0.51","1.7400","0.4300","0","0","0.4600",""
"4055206","Magic","Modern Horizons","Goblin Engineer","","128","R","Near Mint","7.27","8.77","7.8700","6.8700","0","0","7.0700",""
"4067598","Magic","Modern Horizons","Hall of Heliod's Generosity","","241","R","Near Mint","8.80","9.85","7.5500","7.5500","0","0","8.2000",""
"4066787","Magic","Modern Horizons","Lonely Sandbar","","242","U","Near Mint","0.14","0.14","1.4100","0.1000","5","0","0.1500",""
"4069383","Magic","Modern Horizons","Mirrodin Besieged","","57","R","Near Mint","4.98","5.70","5.0800","5.0800","0","0","5.0800",""
"4066047","Magic","Modern Horizons","Mist-Syndicate Naga","","58","R","Near Mint","2.64","2.72","2.6200","1.3100","0","0","1.5800",""
"4053954","Magic","Modern Horizons","Nurturing Peatland","","243","R","Near Mint","5.78","5.92","5.7300","5.7300","0","0","5.7300",""
"4078929","Magic","Modern Horizons","Putrid Goblin","","101","C","Near Mint","0.25","0.23","1.5500","0.2400","0","0","0.2400",""
"4057043","Magic","Modern Horizons","Regrowth","","175","U","Near Mint","0.38","","1.6100","0.3000","0","0","0.3100",""
"4066567","Magic","Modern Horizons","Secluded Steppe","","245","U","Near Mint","0.16","","1.3900","0.0800","2","0","0.1500",""
"4054209","Magic","Modern Horizons","Silent Clearing","","246","R","Near Mint","5.95","6.47","5.6900","4.3800","0","0","5.1700",""
"4051003","Magic","Modern Horizons","Snow-Covered Island","","251","L","Near Mint","1.26","1.69","2.1100","0.8000","0","0","0.9200",""
"4051333","Magic","Modern Horizons","Snow-Covered Swamp","","252","L","Near Mint","0.76","0.90","1.7600","0.4500","0","0","0.5400",""
"4073708","Magic","Modern Horizons","Soulherder","","214","U","Near Mint","1.75","1.89","2.4900","1.1800","0","0","1.4900",""
"4059510","Magic","Modern Horizons","Springbloom Druid","","181","C","Near Mint","0.24","","1.4900","0.1800","0","0","0.1900",""
"4060405","Magic","Modern Horizons","Sword of Sinew and Steel","","228","M","Near Mint Foil","19.49","","17.9900","17.9900","0","0","18.7400",""
"4987998","Magic","Modern Horizons","Sword of Sinew and Steel (Retro Frame)","","31","M","Near Mint Foil","13.86","","20.9900","20.9900","0","0","20.9900",""
"4060510","Magic","Modern Horizons","Sword of Truth and Justice","","229","M","Near Mint","28.94","33.32","28.9400","28.9400","0","0","28.9400",""
"4061320","Magic","Modern Horizons","Talisman of Hierarchy","","233","U","Near Mint","0.65","0.60","1.6800","0.3500","0","0","0.4100",""
"4982577","Magic","Modern Horizons","Talisman of Hierarchy (Retro Frame)","","36","U","Near Mint Foil","2.91","2.90","3.9600","2.6500","0","0","2.7000",""
"4063671","Magic","Modern Horizons","Talisman of Resilience","","234","U","Near Mint","0.34","0.33","1.4800","0.1700","2","0","0.2000",""
"4067007","Magic","Modern Horizons","Tranquil Thicket","","248","U","Near Mint","0.18","0.10","1.3900","0.0800","0","0","0.1500",""
"4069163","Magic","Modern Horizons","Unsettled Mariner","","216","R","Near Mint","2.73","3.48","3.2100","1.9000","0","0","2.0700",""
"4984012","Magic","Modern Horizons","Urza, Lord High Artificer (Retro Frame)","","11","M","Near Mint Foil","25.05","25.50","22.8900","21.4400","0","0","22.5200",""
"4074148","Magic","Modern Horizons","Wall of Blossoms","","190","U","Near Mint","0.18","0.15","1.4100","0.1000","2","0","0.1500",""
"4054089","Magic","Modern Horizons","Waterlogged Grove","","249","R","Near Mint","0.93","1.13","1.8000","0.4900","0","0","0.5800",""
"4979525","Magic","Modern Horizons 2","Academy Manufactor","","219","R","Near Mint","4.62","5.83","4.9500","3.6400","0","0","4.1300",""
"4966056","Magic","Modern Horizons 2","Aeve, Progenitor Ooze","","148","R","Near Mint","0.22","0.24","1.4600","0.1500","0","0","0.1600",""
"4969751","Magic","Modern Horizons 2","Arcbound Mouser","","3","C","Near Mint","0.04","","1.3200","0.0100","2","0","0.1500",""
"4975806","Magic","Modern Horizons 2","Archfiend of Sorrows","","74","U","Near Mint","0.16","0.10","1.3200","0.0100","1","0","0.1500",""
"4985282","Magic","Modern Horizons 2","Archon of Cruelty","","75","M","Near Mint","6.12","5.99","5.9900","5.9900","0","0","5.5600",""
"4942652","Magic","Modern Horizons 2","Arid Mesa","","244","R","Near Mint","22.22","21.98","22.2200","22.2200","0","0","23.0900",""
"4943202","Magic","Modern Horizons 2","Arid Mesa (Extended Art)","","475","R","Near Mint","27.04","28.66","26.3100","25.0000","0","0","25.6100",""
"4964176","Magic","Modern Horizons 2","Asmoranomardicadaistinaculdacar","","186","R","Near Mint","0.27","","1.4900","0.1800","0","0","0.2000",""
"4984402","Magic","Modern Horizons 2","Batterbone","","221","U","Near Mint","0.13","","1.3700","0.0600","0","0","0.1500",""
"4988693","Magic","Modern Horizons 2","Blacksmith's Skill","","6","C","Near Mint","0.19","0.21","1.4400","0.1300","0","0","0.1500",""
"5006751","Magic","Modern Horizons 2","Blessed Respite","","150","U","Near Mint","0.25","","1.5200","0.2100","0","0","0.2300",""
"4986502","Magic","Modern Horizons 2","Bloodbraid Marauder","","116","R","Near Mint","0.08","0.10","1.3200","0.0100","0","0","0.1500",""
"4986612","Magic","Modern Horizons 2","Bloodbraid Marauder (Extended Art)","","454","R","Near Mint","0.20","","1.4000","0.0900","1","0","0.1500",""
"4969866","Magic","Modern Horizons 2","Bone Shards","","76","C","Near Mint","0.14","0.14","1.4400","0.1300","1","0","0.1500",""
"4980845","Magic","Modern Horizons 2","Braids, Cabal Minion","","273","R","Near Mint","0.46","0.47","1.6100","0.3000","0","0","0.3300",""
"4943842","Magic","Modern Horizons 2","Brainstone","","223","U","Near Mint","0.08","0.07","1.3700","0.0600","4","0","0.1500",""
"4954629","Magic","Modern Horizons 2","Break Ties","","8","C","Near Mint","0.06","0.01","1.3200","0.0100","0","0","0.1500",""
"4998226","Magic","Modern Horizons 2","Breathless Knight","","187","C","Near Mint","0.09","","1.3200","0.0100","1","0","0.1500",""
"4977398","Magic","Modern Horizons 2","Breya's Apprentice","","117","R","Near Mint","0.22","","1.4100","0.1000","1","0","0.1500",""
"4971366","Magic","Modern Horizons 2","Calibrated Blast","","118","R","Near Mint","0.11","0.09","1.3200","0.0100","0","0","0.1500",""
"4960906","Magic","Modern Horizons 2","Carth the Lion","","189","R","Near Mint","0.14","0.10","1.3800","0.0700","0","0","0.1500",""
"4985672","Magic","Modern Horizons 2","Chainer, Nightmare Adept","","289","R","Near Mint","0.68","0.69","1.8700","0.5600","1","0","0.5600",""
"4991735","Magic","Modern Horizons 2","Chainer, Nightmare Adept (Retro Frame)","","419","R","Near Mint","0.74","","2.0000","0.6900","0","0","0.7000",""
"4960376","Magic","Modern Horizons 2","Chance Encounter","","277","R","Near Mint","0.17","","1.4100","0.1000","0","0","0.1500",""
"4959694","Magic","Modern Horizons 2","Chef's Kiss","","120","R","Near Mint","0.27","","1.4600","0.1500","0","0","0.1700",""
"4990845","Magic","Modern Horizons 2","Combine Chrysalis (Showcase)","","362","U","Near Mint","0.07","","1.3400","0.0300","0","0","0.1500",""
"4985062","Magic","Modern Horizons 2","Cursed Totem","","295","R","Near Mint","0.76","0.81","1.8600","0.5500","0","0","0.5900",""
"4981682","Magic","Modern Horizons 2","Damn","","80","R","Near Mint","1.77","1.96","2.2600","0.9500","0","0","1.1000",""
"4962966","Magic","Modern Horizons 2","Darkmoss Bridge","","245","C","Near Mint","0.21","0.19","1.4100","0.1000","7","0","0.1500",""
"4986172","Magic","Modern Horizons 2","Dauthi Voidwalker","","81","R","Near Mint","5.82","6.63","5.8000","4.4900","0","0","5.2100",""
"4943952","Magic","Modern Horizons 2","Diamond Lion","","225","R","Near Mint","0.16","0.17","1.3200","0.0100","0","0","0.1500",""
"4980405","Magic","Modern Horizons 2","Dragon's Rage Channeler","","121","U","Near Mint","1.54","1.25","1.8000","0.3100","0","0","0.5600",""
"4973076","Magic","Modern Horizons 2","Dress Down","","39","R","Near Mint","0.55","0.72","1.5500","0.2200","0","0","0.3100",""
"4963516","Magic","Modern Horizons 2","Drossforge Bridge","","246","C","Near Mint","0.93","","2.0700","0.7600","0","0","0.7900",""
"4979965","Magic","Modern Horizons 2","Enchantress's Presence","","283","R","Near Mint","0.96","1.64","1.7800","0.4700","0","0","0.5600",""
"4979970","Magic","Modern Horizons 2","Enchantress's Presence","","283","R","Near Mint Foil","4.74","9.74","3.8000","2.4900","1","0","3.6200",""
"4978205","Magic","Modern Horizons 2","Esper Sentinel","","12","R","Near Mint","41.49","46.44","41.9200","40.4300","0","0","41.3400",""
"4978210","Magic","Modern Horizons 2","Esper Sentinel","","12","R","Near Mint Foil","62.87","75.95","62.4500","62.4500","0","0","62.5800",""
"7927949","Magic","Modern Horizons 2","Esper Sentinel (Retro Frame)","","2","R","Near Mint","47.08","48.02","41.2400","41.2400","0","0","43.0000",""
"4980185","Magic","Modern Horizons 2","Fae Offering","","158","U","Near Mint","0.15","","1.3700","0.0600","2","0","0.1500",""
"4989140","Magic","Modern Horizons 2","Faithless Salvaging","","122","C","Near Mint","0.04","0.03","1.3200","0.0100","0","0","0.1500",""
"4978865","Magic","Modern Horizons 2","Filigree Attendant","","41","U","Near Mint","0.09","","1.3200","0.0100","1","0","0.1500",""
"4983622","Magic","Modern Horizons 2","Fire // Ice","","290","R","Near Mint","0.15","0.14","1.3600","0.0500","1","0","0.1500",""
"4986392","Magic","Modern Horizons 2","Foundation Breaker","","160","U","Near Mint","0.26","0.25","1.5100","0.2000","0","0","0.2100",""
"4955179","Magic","Modern Horizons 2","Fractured Sanity","","44","R","Near Mint","3.46","3.88","3.1100","1.8000","0","0","2.6200",""
"4955309","Magic","Modern Horizons 2","Fractured Sanity (Showcase)","","336","R","Near Mint","1.70","1.82","2.8000","1.4900","0","0","1.5300",""
"4958114","Magic","Modern Horizons 2","Garth One-Eye","","197","M","Near Mint","0.29","0.28","1.4800","0.1700","0","0","0.1900",""
"4973296","Magic","Modern Horizons 2","General Ferrous Rokiric","","198","R","Near Mint","0.60","0.79","1.6400","0.3300","0","0","0.3900",""
"4981213","Magic","Modern Horizons 2","Geyadrone Dihada","","199","M","Near Mint","0.67","0.74","1.7900","0.4800","0","0","0.5200",""
"4967836","Magic","Modern Horizons 2","Glimpse of Tomorrow","","129","R","Near Mint","0.17","0.16","1.3600","0.0500","0","0","0.1500",""
"4976983","Magic","Modern Horizons 2","Glorious Enforcer","","14","U","Near Mint","0.07","0.07","1.3200","0.0100","0","0","0.1500",""
"4974346","Magic","Modern Horizons 2","Goblin Bombardment","","279","R","Near Mint","3.51","2.89","3.8000","2.4900","0","0","2.9800",""
"4963406","Magic","Modern Horizons 2","Goldmire Bridge","","247","C","Near Mint","0.23","0.20","1.4500","0.1400","0","0","0.1600",""
"5000541","Magic","Modern Horizons 2","Gouged Zealot","","131","C","Near Mint","0.03","0.01","1.3200","0.0100","0","0","0.1500",""
"4970926","Magic","Modern Horizons 2","Graceful Restoration","","201","U","Near Mint","0.06","0.01","1.3200","0.0100","0","0","0.1500",""
"4951899","Magic","Modern Horizons 2","Grief","","87","M","Near Mint","1.95","2.99","2.4000","1.0900","0","0","1.2600",""
"4971146","Magic","Modern Horizons 2","Harmonic Prodigy","","132","R","Near Mint","9.88","11.74","10.6300","10.6300","0","0","10.7900",""
"4975696","Magic","Modern Horizons 2","Herd Baloth","","165","U","Near Mint","0.37","0.29","1.5800","0.2700","0","0","0.2900",""
"4970486","Magic","Modern Horizons 2","Ignoble Hierarch","","166","R","Near Mint","2.36","2.95","2.1100","0.8000","0","0","1.0800",""
"4968181","Magic","Modern Horizons 2","Imperial Recruiter","","281","M","Near Mint","10.98","13.66","10.9600","10.9600","0","0","11.0300",""
"4987883","Magic","Modern Horizons 2","Inevitable Betrayal","","47","R","Near Mint","0.58","0.61","1.7800","0.4700","0","0","0.4900",""
"4980955","Magic","Modern Horizons 2","Kaldra Compleat","","227","M","Near Mint","7.20","8.24","7.3100","5.3100","0","0","6.2800",""
"4981175","Magic","Modern Horizons 2","Kaldra Compleat (Showcase)","","379","M","Near Mint","7.12","7.59","6.4300","6.4300","0","0","6.7800",""
"4983182","Magic","Modern Horizons 2","Karmic Guide","","263","R","Near Mint","0.82","0.84","1.9500","0.6400","0","0","0.6500",""
"5003451","Magic","Modern Horizons 2","Lens Flare","","20","C","Near Mint","0.03","","1.3200","0.0100","0","0","0.1500",""
"4974016","Magic","Modern Horizons 2","Liquimetal Torque","","228","U","Near Mint","2.02","2.74","2.9100","1.6000","0","0","1.6600",""
"4973906","Magic","Modern Horizons 2","Liquimetal Torque (Retro Frame)","","428","U","Near Mint","1.56","2.43","2.3800","1.0700","0","0","1.1600",""
"4970596","Magic","Modern Horizons 2","Lonis, Cryptozoologist","","204","R","Near Mint","0.14","0.08","1.3600","0.0500","0","0","0.1500",""
"4997615","Magic","Modern Horizons 2","Magus of the Bridge","","92","R","Near Mint","0.12","0.10","1.3200","0.0100","1","0","0.1500",""
"4997730","Magic","Modern Horizons 2","Magus of the Bridge (Showcase)","","344","R","Near Mint Foil","0.24","","1.4500","0.1400","1","0","0.1600",""
"4942762","Magic","Modern Horizons 2","Marsh Flats","","248","R","Near Mint","20.75","22.95","20.8000","20.8000","0","0","20.2400",""
"4979635","Magic","Modern Horizons 2","Master of Death","","205","R","Near Mint","0.18","0.18","1.4000","0.0900","0","0","0.1500",""
"4982052","Magic","Modern Horizons 2","Millikin","","297","U","Near Mint","0.12","0.13","1.4000","0.0900","2","0","0.1500",""
"4972306","Magic","Modern Horizons 2","Mirari's Wake","","291","M","Near Mint","5.31","7.04","5.2500","5.2500","0","0","5.4500",""
"4972311","Magic","Modern Horizons 2","Mirari's Wake","","291","M","Near Mint Foil","7.13","","7.9900","7.0000","0","0","7.0600",""
"4961261","Magic","Modern Horizons 2","Mishra's Factory","","302","U","Near Mint","0.12","0.10","1.3800","0.0700","2","0","0.1500",""
"4963736","Magic","Modern Horizons 2","Mistvault Bridge","","249","C","Near Mint","0.50","0.42","1.7000","0.3900","0","0","0.4100",""
"4963741","Magic","Modern Horizons 2","Mistvault Bridge","","249","C","Near Mint Foil","0.88","0.87","1.8900","0.5800","0","0","0.6400",""
"4942872","Magic","Modern Horizons 2","Misty Rainforest","","250","R","Near Mint","24.61","25.64","23.9700","22.9800","0","0","23.3500",""
"4947637","Magic","Modern Horizons 2","Misty Rainforest (Retro Frame)","","438","R","Near Mint","33.21","39.99","31.3100","30.0000","0","0","30.9600",""
"4984732","Magic","Modern Horizons 2","Moderation","","206","R","Near Mint","0.14","0.06","1.3400","0.0300","1","0","0.1500",""
"4997895","Magic","Modern Horizons 2","Murktide Regent","","52","M","Near Mint","7.63","9.49","7.0500","5.8500","0","0","7.5400",""
"4989990","Magic","Modern Horizons 2","Necrogoyf","","93","R","Near Mint","0.25","0.24","1.4500","0.1400","0","0","0.1600",""
"4984842","Magic","Modern Horizons 2","Nettlecyst","","231","R","Near Mint","2.16","4.77","2.5400","1.2300","0","0","1.4200",""
"4979415","Magic","Modern Horizons 2","Nevinyrral's Disk","","298","R","Near Mint","0.36","","1.6000","0.2900","0","0","0.3000",""
"5004001","Magic","Modern Horizons 2","Nykthos Paragon","","22","R","Near Mint","0.49","0.44","1.7400","0.4300","0","0","0.4400",""
"4970816","Magic","Modern Horizons 2","Obsidian Charmaw","","137","R","Near Mint","0.89","1.94","1.5600","0.2500","0","0","0.3800",""
"4998680","Magic","Modern Horizons 2","Ornithopter of Paradise","","232","C","Near Mint","0.39","","1.6900","0.3800","0","0","0.3800",""
"5006221","Magic","Modern Horizons 2","Ornithopter of Paradise (Retro Frame)","","430","C","Near Mint","0.29","0.25","1.5600","0.2500","0","0","0.2600",""
"4978095","Magic","Modern Horizons 2","Out of Time","","23","R","Near Mint","0.21","0.20","1.4100","0.1000","0","0","0.1500",""
"4967491","Magic","Modern Horizons 2","Patriarch's Bidding","","275","R","Near Mint","2.76","2.88","3.9400","2.6300","0","0","2.1800",""
"4982802","Magic","Modern Horizons 2","Persist (Showcase)","","345","R","Near Mint","2.96","3.57","2.8100","1.5000","0","0","1.7800",""
"4997245","Magic","Modern Horizons 2","Phantasmal Dreadmaw (Showcase)","","339","C","Near Mint","0.07","0.02","1.3200","0.0100","0","0","0.1500",""
"4972086","Magic","Modern Horizons 2","Piru, the Volatile","","207","R","Near Mint","0.17","","1.4500","0.1400","0","0","0.1500",""
"4990410","Magic","Modern Horizons 2","Power Depot","","251","U","Near Mint","0.41","0.35","1.6600","0.3500","0","0","0.3600",""
"4990415","Magic","Modern Horizons 2","Power Depot","","251","U","Near Mint Foil","0.35","","1.7500","0.4400","0","0","0.4500",""
"4959174","Magic","Modern Horizons 2","Priest of Fell Rites","","208","R","Near Mint","0.36","0.35","1.4700","0.1600","0","0","0.2000",""
"4952009","Magic","Modern Horizons 2","Profane Tutor","","97","R","Near Mint","3.30","3.88","4.0600","2.7500","0","0","3.0500",""
"4952014","Magic","Modern Horizons 2","Profane Tutor","","97","R","Near Mint Foil","4.28","5.93","4.6300","3.3200","0","0","3.8000",""
"4968741","Magic","Modern Horizons 2","Quirion Ranger","","285","U","Near Mint","0.71","0.61","1.6100","0.3000","0","0","0.3800",""
"4963846","Magic","Modern Horizons 2","Razortide Bridge","","252","C","Near Mint","0.26","","1.4300","0.1200","0","0","0.1500",""
"4990525","Magic","Modern Horizons 2","Riptide Laboratory","","303","R","Near Mint","0.51","0.45","1.7000","0.3900","0","0","0.4100",""
"4957319","Magic","Modern Horizons 2","Rise and Shine","","58","R","Near Mint","0.24","","1.4600","0.1500","0","0","0.1700",""
"4957434","Magic","Modern Horizons 2","Rise and Shine (Showcase)","","340","R","Near Mint Foil","0.30","","1.6000","0.2900","0","0","0.2900",""
"4951789","Magic","Modern Horizons 2","Rishadan Dockhand","","59","R","Near Mint","0.10","0.10","1.3200","0.0100","1","0","0.1500",""
"4962746","Magic","Modern Horizons 2","Road // Ruin","","212","U","Near Mint","0.09","","1.3600","0.0500","3","0","0.1500",""
"4963186","Magic","Modern Horizons 2","Rustvale Bridge","","253","C","Near Mint","0.19","0.21","1.4700","0.1600","0","0","0.1700",""
"4983512","Magic","Modern Horizons 2","Sanctifier en-Vec","","27","R","Near Mint","0.25","0.25","1.4100","0.1000","0","0","0.1500",""
"4942982","Magic","Modern Horizons 2","Scalding Tarn","","254","R","Near Mint","23.29","24.99","23.5800","22.5900","0","0","22.6900",""
"4973741","Magic","Modern Horizons 2","Scion of Draco (Retro Frame)","","431","M","Near Mint Foil","6.73","6.76","6.7400","4.7400","0","0","5.7400",""
"4962041","Magic","Modern Horizons 2","Scurry Oak","","172","U","Near Mint","1.62","1.14","2.2100","0.9000","0","0","1.0500",""
"4968631","Magic","Modern Horizons 2","Seal of Cleansing","","264","U","Near Mint","0.09","","1.3900","0.0800","1","0","0.1500",""
"4992125","Magic","Modern Horizons 2","Search the Premises","","29","R","Near Mint","0.14","0.14","1.3500","0.0400","1","0","0.1500",""
"4958584","Magic","Modern Horizons 2","Serra's Emissary","","30","M","Near Mint","5.96","6.29","5.1500","3.3000","0","0","4.9000",""
"4992765","Magic","Modern Horizons 2","Shardless Agent","","292","R","Near Mint","0.20","","1.4500","0.1400","0","0","0.1500",""
"4995790","Magic","Modern Horizons 2","Shardless Agent (Borderless)","","321","R","Near Mint Foil","1.08","1.02","2.1300","0.8200","0","0","0.8700",""
"4963076","Magic","Modern Horizons 2","Silverbluff Bridge","","255","C","Near Mint","0.26","0.25","1.5000","0.1900","0","0","0.2000",""
"4963081","Magic","Modern Horizons 2","Silverbluff Bridge","","255","C","Near Mint Foil","0.48","","1.5900","0.2800","0","0","0.3200",""
"4974786","Magic","Modern Horizons 2","Skirge Familiar","","276","U","Near Mint","0.27","0.20","1.5500","0.2400","0","0","0.2400",""
"4963626","Magic","Modern Horizons 2","Slagwoods Bridge","","256","C","Near Mint","0.18","0.21","1.4500","0.1400","0","0","0.1500",""
"5005161","Magic","Modern Horizons 2","Sojourner's Companion","","235","C","Near Mint","0.17","0.17","1.4000","0.0900","1","0","0.1500",""
"4993805","Magic","Modern Horizons 2","Sol Talisman","","236","R","Near Mint","1.16","0.99","2.0200","0.7100","0","0","0.8000",""
"4978645","Magic","Modern Horizons 2","Solitary Confinement","","265","R","Near Mint","0.36","0.34","1.6100","0.3000","0","0","0.3100",""
"5003231","Magic","Modern Horizons 2","Soul of Migration","","33","C","Near Mint","0.03","0.01","1.3200","0.0100","0","0","0.1500",""
"4953789","Magic","Modern Horizons 2","Squirrel Mob","","286","R","Near Mint","0.52","0.50","1.6300","0.3200","0","0","0.3600",""
"4953899","Magic","Modern Horizons 2","Squirrel Sanctuary","","174","U","Near Mint","0.19","","1.4200","0.1100","0","0","0.1500",""
"4954119","Magic","Modern Horizons 2","Squirrel Sovereign","","175","U","Near Mint","0.24","0.22","1.3600","0.0500","2","0","0.1500",""
"4994275","Magic","Modern Horizons 2","Steelfin Whale","","65","C","Near Mint","0.08","","1.3200","0.0100","0","0","0.1500",""
"4979855","Magic","Modern Horizons 2","Sterling Grove","","293","R","Near Mint","3.19","2.99","4.4200","2.9200","0","0","3.0400",""
"4984512","Magic","Modern Horizons 2","Strike It Rich","","143","U","Near Mint","0.67","0.57","1.8100","0.5000","0","0","0.5400",""
"4962226","Magic","Modern Horizons 2","Suspend","","68","R","Near Mint","0.32","0.27","1.5000","0.1900","0","0","0.2200",""
"4978755","Magic","Modern Horizons 2","Svyelun of Sea and Sky","","69","M","Near Mint","0.38","","1.4500","0.1400","1","0","0.1900",""
"4958254","Magic","Modern Horizons 2","Sword of Hearth and Home","","238","M","Near Mint","17.65","15.00","18.0600","17.0700","0","0","17.4700",""
"4961821","Magic","Modern Horizons 2","Sylvan Anthem","","176","R","Near Mint","1.00","","2.1800","0.8700","0","0","0.9000",""
"4961826","Magic","Modern Horizons 2","Sylvan Anthem","","176","R","Near Mint Foil","1.63","","2.6200","1.3100","0","0","1.3700",""
"4994665","Magic","Modern Horizons 2","Sythis, Harvest's Hand","","214","R","Near Mint","2.07","2.16","2.8100","1.5000","0","0","1.6000",""
"4963956","Magic","Modern Horizons 2","Tanglepool Bridge","","257","C","Near Mint","0.20","0.20","1.4100","0.1000","5","0","0.1500",""
"4963961","Magic","Modern Horizons 2","Tanglepool Bridge","","257","C","Near Mint Foil","0.28","0.26","1.4000","0.0900","0","0","0.1500",""
"4972746","Magic","Modern Horizons 2","Terramorph","","177","U","Near Mint","0.12","","1.3300","0.0200","2","0","0.1500",""
"4975586","Magic","Modern Horizons 2","Territorial Kavu","","216","R","Near Mint","0.25","0.25","1.3400","0.0300","1","0","0.1500",""
"4975591","Magic","Modern Horizons 2","Territorial Kavu","","216","R","Near Mint Foil","0.31","0.31","1.5600","0.2500","1","0","0.2600",""
"4965226","Magic","Modern Horizons 2","The Underworld Cookbook","","240","U","Near Mint","0.28","0.26","1.5600","0.2500","0","0","0.2600",""
"4965726","Magic","Modern Horizons 2","The Underworld Cookbook (Retro Frame)","","434","U","Near Mint","0.33","","1.4600","0.1500","0","0","0.1900",""
"4963296","Magic","Modern Horizons 2","Thornglint Bridge","","258","C","Near Mint","0.17","0.19","1.4100","0.1000","3","0","0.1500",""
"4986282","Magic","Modern Horizons 2","Thought Monitor","","71","R","Near Mint","1.73","2.19","1.7800","0.4700","0","0","0.7200",""
"4951679","Magic","Modern Horizons 2","Timeless Dragon","","35","R","Near Mint","0.22","","1.3600","0.0500","0","0","0.1500",""
"4980075","Magic","Modern Horizons 2","Timeless Witness","","179","U","Near Mint","0.29","0.25","1.4500","0.1400","0","0","0.1600",""
"4983292","Magic","Modern Horizons 2","Timeless Witness (Showcase)","","358","U","Near Mint","0.24","","1.5000","0.1900","0","0","0.2000",""
"4985392","Magic","Modern Horizons 2","Tireless Provisioner","","180","U","Near Mint","1.67","1.39","2.6100","1.3000","0","0","1.3700",""
"4968851","Magic","Modern Horizons 2","Tormod's Cryptkeeper","","239","C","Near Mint","0.06","","1.3200","0.0100","0","0","0.1500",""
"5001531","Magic","Modern Horizons 2","Unholy Heat","","145","C","Near Mint","0.13","0.13","1.3200","0.0100","0","0","0.1500",""
"4950619","Magic","Modern Horizons 2","Unmarked Grave","","106","R","Near Mint","2.07","2.69","3.0400","1.7300","0","0","1.8100",""
"4972196","Magic","Modern Horizons 2","Upheaval","","270","R","Near Mint","0.18","0.19","1.3700","0.0600","0","0","0.1500",""
"4974456","Magic","Modern Horizons 2","Vedalken Infiltrator","","73","U","Near Mint","0.05","0.02","1.3200","0.0100","0","0","0.1500",""
"4943092","Magic","Modern Horizons 2","Verdant Catacombs","","260","R","Near Mint","18.76","18.71","19.3500","19.3500","0","0","19.3500",""
"4947857","Magic","Modern Horizons 2","Verdant Catacombs (Retro Frame)","","440","R","Near Mint","24.66","24.50","24.5000","24.5000","0","0","24.1200",""
"4947862","Magic","Modern Horizons 2","Verdant Catacombs (Retro Frame)","","440","R","Near Mint Foil","26.71","33.35","26.6100","25.6100","0","0","25.9400",""
"4972856","Magic","Modern Horizons 2","Verdant Command","","182","R","Near Mint","0.51","0.49","1.6600","0.3500","0","0","0.3800",""
"4972966","Magic","Modern Horizons 2","Verdant Command (Showcase)","","359","R","Near Mint","0.34","0.42","1.4500","0.1400","0","0","0.1800",""
"4957784","Magic","Modern Horizons 2","Void Mirror (Retro Frame)","","435","R","Near Mint","1.08","5.50","1.7500","0.4400","0","0","0.5700",""
"4955444","Magic","Modern Horizons 2","Wonder","","271","R","Near Mint","2.32","2.42","2.8000","1.4900","0","0","1.6700",""
"4955449","Magic","Modern Horizons 2","Wonder","","271","R","Near Mint Foil","4.85","","5.9500","4.6400","0","0","4.7400",""
"4987112","Magic","Modern Horizons 2","Wren's Run Hydra","","183","U","Near Mint","0.13","","1.4100","0.1000","0","0","0.1500",""
"4979305","Magic","Modern Horizons 2","Yavimaya, Cradle of Growth","","261","R","Near Mint","7.73","6.77","7.9900","6.7700","0","0","7.3700",""
"4959569","Magic","Modern Horizons 2","Zabaz, the Glimmerwasp","","243","R","Near Mint","0.15","0.14","1.3900","0.0800","0","0","0.1500",""
"7948385","Magic","Modern Horizons 3","Abstruse Appropriation","","177","R","Near Mint","0.21","0.18","1.4100","0.1000","0","0","0.1500",""
"7948545","Magic","Modern Horizons 3","Ajani Fells the Godsire","","19","U","Near Mint","0.08","0.05","1.3200","0.0100","0","0","0.1500",""
"7790492","Magic","Modern Horizons 3","Ajani, Nacatl Pariah","","237","M","Near Mint","6.38","6.37","6.2400","5.2500","0","0","5.8600",""
"7940847","Magic","Modern Horizons 3","Amped Raptor","","114","U","Near Mint","0.10","0.08","1.3500","0.0400","0","0","0.1500",""
"7960399","Magic","Modern Horizons 3","Arena of Glory","","215","R","Near Mint","6.96","6.91","7.2600","7.2600","0","0","7.0600",""
"7951725","Magic","Modern Horizons 3","Ashling, Flame Dancer (Retro Frame)","","415","M","Near Mint","3.44","19.86","4.3100","3.0000","0","0","3.2200",""
"7938500","Magic","Modern Horizons 3","Barbarian Ring","","299","U","Near Mint","0.08","0.09","1.3500","0.0400","0","0","0.1500",""
"7923520","Magic","Modern Horizons 3","Basking Broodscale","","145","C","Near Mint","0.23","0.09","1.4100","0.1000","0","0","0.1500",""
"7960739","Magic","Modern Horizons 3","Bountiful Landscape","","217","C","Near Mint","0.16","0.07","1.3200","0.0100","2","0","0.1500",""
"7960744","Magic","Modern Horizons 3","Bountiful Landscape","","217","C","Near Mint Foil","0.38","0.38","1.4600","0.1500","0","0","0.2000",""
"7963159","Magic","Modern Horizons 3","Branching Evolution","","285","R","Near Mint","2.43","2.13","3.3000","1.9900","0","0","2.0900",""
"7958739","Magic","Modern Horizons 3","Breathe Your Last","","82","C","Near Mint","0.11","0.03","1.3200","0.0100","1","0","0.1500",""
"7936265","Magic","Modern Horizons 3","Bridgeworks Battle","","249","U","Near Mint","0.67","","1.8500","0.5400","0","0","0.5700",""
"7938095","Magic","Modern Horizons 3","Cephalid Coliseum","","300","U","Near Mint","0.18","0.16","1.4400","0.1300","0","0","0.1500",""
"7942174","Magic","Modern Horizons 3","Charitable Levy","","21","U","Near Mint","0.09","0.05","1.3400","0.0300","1","0","0.1500",""
"7900627","Magic","Modern Horizons 3","Chthonian Nightmare","","83","R","Near Mint","0.70","0.67","1.7600","0.4500","0","0","0.5000",""
"7937855","Magic","Modern Horizons 3","Collective Resistance","","147","U","Near Mint","1.21","1.24","2.1900","0.8800","0","0","0.9100",""
"7960939","Magic","Modern Horizons 3","Contaminated Landscape","","218","C","Near Mint","0.16","0.05","1.3800","0.0700","2","0","0.1500",""
"7943744","Magic","Modern Horizons 3","Crabomination","","85","R","Near Mint","0.25","0.24","1.4100","0.1000","0","0","0.1500",""
"7942334","Magic","Modern Horizons 3","Cranial Ram","","180","C","Near Mint","0.06","0.03","1.3200","0.0100","0","0","0.1500",""
"7943214","Magic","Modern Horizons 3","Cursed Mirror","","279","R","Near Mint","1.26","1.49","2.1900","0.8800","0","0","0.9600",""
"7961039","Magic","Modern Horizons 3","Deceptive Landscape","","219","C","Near Mint","0.11","0.05","1.3600","0.0500","2","0","0.1500",""
"7961045","Magic","Modern Horizons 3","Deceptive Landscape","","219","C","Lightly Played Foil","0.20","","1.4100","0.1000","1","0","0.1500",""
"7957179","Magic","Modern Horizons 3","Deem Inferior","","57","C","Near Mint","0.07","0.04","1.3200","0.0100","0","0","0.1500",""
"7924309","Magic","Modern Horizons 3","Deserted Temple","","301","R","Near Mint","1.14","1.17","2.0600","0.7500","0","0","0.8400",""
"7928129","Magic","Modern Horizons 3","Detective's Phoenix","","116","R","Near Mint","0.25","0.29","1.4400","0.1300","0","0","0.1500",""
"7915691","Magic","Modern Horizons 3","Devourer of Destiny","","2","R","Near Mint","1.30","2.88","1.8700","0.5600","0","0","0.7100",""
"7935149","Magic","Modern Horizons 3","Disciple of Freyalise","","250","U","Near Mint","1.85","1.67","2.6300","1.3200","0","0","1.4200",""
"7945415","Magic","Modern Horizons 3","Dreamtide Whale","","59","R","Near Mint","2.97","2.64","3.7500","2.4400","0","0","2.7900",""
"7962519","Magic","Modern Horizons 3","Drownyard Lurker","","3","C","Near Mint","0.02","0.01","1.3200","0.0100","0","0","0.1500",""
"7923434","Magic","Modern Horizons 3","Echoes of Eternity","","4","R","Near Mint","1.04","1.11","2.0600","0.7500","0","0","0.8200",""
"7947665","Magic","Modern Horizons 3","Eldrazi Linebreaker","","117","R","Near Mint","0.29","0.30","1.4500","0.1400","0","0","0.1700",""
"7963319","Magic","Modern Horizons 3","Eldrazi Repurposer","","150","C","Near Mint","0.13","0.05","1.3200","0.0100","0","0","0.1500",""
"7924149","Magic","Modern Horizons 3","Emerald Medallion","","291","R","Near Mint","2.02","2.90","2.7700","1.4600","0","0","1.5900",""
"7938340","Magic","Modern Horizons 3","Emperor of Bones","","90","R","Near Mint","1.37","1.41","2.2900","0.9800","0","0","0.8900",""
"7789612","Magic","Modern Horizons 3","Emrakul, the World Anew","","6","M","Near Mint","5.88","7.73","5.5600","4.2500","0","0","4.9600",""
"7942974","Magic","Modern Horizons 3","Estrid's Invocation","","269","R","Near Mint","0.39","0.43","1.6100","0.3000","0","0","0.3300",""
"7947255","Magic","Modern Horizons 3","Etherium Pteramander","","92","U","Near Mint","0.09","0.04","1.3200","0.0100","0","0","0.1500",""
"7930249","Magic","Modern Horizons 3","Evolution Witness (Retro Frame)","","424","C","Near Mint","0.43","0.26","1.5600","0.2500","0","0","0.2900",""
"7942734","Magic","Modern Horizons 3","Expanding Ooze","","184","C","Near Mint","0.04","0.01","1.3200","0.0100","0","0","0.1500",""
"7944933","Magic","Modern Horizons 3","Expel the Unworthy","","25","C","Near Mint","0.02","0.01","1.3200","0.0100","0","0","0.1500",""
"7944938","Magic","Modern Horizons 3","Expel the Unworthy","","25","C","Near Mint Foil","0.06","0.01","1.3200","0.0100","0","0","0.1500",""
"7946615","Magic","Modern Horizons 3","Fanatic of Rhonas","","152","R","Near Mint","5.98","5.64","6.0000","6.0000","0","0","5.5000",""
"7945175","Magic","Modern Horizons 3","Fangs of Kalonia","","153","U","Near Mint","0.27","0.15","1.4500","0.1400","0","0","0.1600",""
"7959159","Magic","Modern Horizons 3","Fetid Gargantua","","94","C","Near Mint","0.02","0.01","1.3200","0.0100","0","0","0.1500",""
"7789772","Magic","Modern Horizons 3","Flare of Cultivation","","154","R","Near Mint","0.68","0.65","1.8600","0.5500","0","0","0.5700",""
"7927449","Magic","Modern Horizons 3","Flare of Duplication","","119","R","Near Mint","1.48","1.15","2.4900","0.9900","0","0","1.0800",""
"7926179","Magic","Modern Horizons 3","Flare of Fortitude","","26","R","Near Mint","3.17","4.12","3.8600","2.5500","0","0","2.8000",""
"7790252","Magic","Modern Horizons 3","Flooded Strand","","220","R","Near Mint","13.07","13.44","12.9800","11.6700","0","0","12.1500",""
"7791762","Magic","Modern Horizons 3","Flooded Strand (Extended Art)","","464","R","Near Mint","17.47","17.46","15.5000","14.2500","0","0","15.8500",""
"7961219","Magic","Modern Horizons 3","Foreboding Landscape","","221","C","Near Mint","0.13","0.05","1.3900","0.0800","2","0","0.1500",""
"7946375","Magic","Modern Horizons 3","Ghostfire Slice","","123","U","Near Mint","0.13","0.10","1.4100","0.1000","2","0","0.1500",""
"7943374","Magic","Modern Horizons 3","Guide of Souls","","29","R","Near Mint","3.10","3.11","3.3000","1.9900","0","0","2.5300",""
"7943379","Magic","Modern Horizons 3","Guide of Souls","","29","R","Near Mint Foil","3.85","4.72","4.1600","2.8500","0","0","3.3300",""
"7900517","Magic","Modern Horizons 3","Herigast, Erupting Nullkite","","8","M","Near Mint","1.98","1.96","2.5600","1.2500","0","0","1.4000",""
"7957359","Magic","Modern Horizons 3","Hope-Ender Coatl","","64","U","Near Mint","0.09","0.05","1.3200","0.0100","1","0","0.1500",""
"7948705","Magic","Modern Horizons 3","Hydra Trainer","","159","U","Near Mint","0.08","0.04","1.3200","0.0100","0","0","0.1500",""
"7948865","Magic","Modern Horizons 3","Idol of False Gods","","210","U","Near Mint","0.16","0.15","1.4300","0.1200","0","0","0.1500",""
"7941934","Magic","Modern Horizons 3","Imskir Iron-Eater","","189","R","Near Mint","0.11","0.12","1.3600","0.0500","0","0","0.1500",""
"7960619","Magic","Modern Horizons 3","Inventor's Axe","","126","C","Near Mint","0.03","0.01","1.3200","0.0100","0","0","0.1500",""
"7946215","Magic","Modern Horizons 3","Invert Polarity","","190","R","Near Mint","0.40","0.47","1.6100","0.3000","0","0","0.3200",""
"7927999","Magic","Modern Horizons 3","Jet Medallion","","292","R","Near Mint","7.45","8.80","7.3800","6.0800","0","0","6.8200",""
"7931874","Magic","Modern Horizons 3","K'rrik, Son of Yawgmoth (Borderless)","","365","R","Near Mint","0.76","0.87","1.8000","0.4900","0","0","0.5500",""
"7902202","Magic","Modern Horizons 3","Kappa Cannoneer (Retro Frame)","","401","R","Near Mint","2.01","6.21","3.0000","1.6900","0","0","1.4000",""
"7901662","Magic","Modern Horizons 3","Kudo, King Among Bears","","192","R","Near Mint","0.20","0.19","1.4100","0.1000","0","0","0.1500",""
"7791157","Magic","Modern Horizons 3","Laelia, the Blade Reforged (Foil Etched)","","482","R","Near Mint Foil","1.33","2.99","2.1100","0.8000","0","0","0.9100",""
"7939805","Magic","Modern Horizons 3","Legion Leadership","","255","U","Near Mint","0.50","","1.7200","0.4100","0","0","0.4300",""
"7964119","Magic","Modern Horizons 3","Lion Umbra","","160","U","Near Mint","0.15","0.14","1.4100","0.1000","0","0","0.1500",""
"7901497","Magic","Modern Horizons 3","Meltdown","","282","U","Near Mint","0.14","0.13","1.4100","0.1000","1","0","0.1500",""
"7949505","Magic","Modern Horizons 3","Monstrous Vortex","","162","U","Near Mint","0.20","0.17","1.4500","0.1400","0","0","0.1500",""
"7949510","Magic","Modern Horizons 3","Monstrous Vortex","","162","U","Near Mint Foil","0.45","0.49","1.6100","0.3000","0","0","0.3300",""
"7949185","Magic","Modern Horizons 3","Nadu, Winged Wisdom","","193","R","Near Mint","0.44","0.36","1.4600","0.1500","0","0","0.2100",""
"7946535","Magic","Modern Horizons 3","Necrodominance","","102","M","Near Mint","1.69","1.12","2.4300","1.1200","0","0","1.2300",""
"7962039","Magic","Modern Horizons 3","Nesting Grounds","","302","U","Near Mint","0.17","0.14","1.4100","0.1000","0","0","0.1500",""
"7962204","Magic","Modern Horizons 3","Nesting Grounds (Retro Frame)","","437","U","Near Mint Foil","0.31","0.25","1.4700","0.1600","1","0","0.1900",""
"7900787","Magic","Modern Horizons 3","Nulldrifter","","13","R","Near Mint","1.00","0.99","1.9700","0.6600","0","0","0.5800",""
"7963479","Magic","Modern Horizons 3","Obstinate Gargoyle","","195","C","Near Mint","0.05","0.01","1.3200","0.0100","0","0","0.1500",""
"7900247","Magic","Modern Horizons 3","Orim's Chant","","265","R","Near Mint","3.96","3.57","4.3000","2.9900","0","0","3.4800",""
"7938180","Magic","Modern Horizons 3","Path of Annihilation","","165","U","Near Mint","0.18","0.12","1.4100","0.1000","0","0","0.1500",""
"7927079","Magic","Modern Horizons 3","Pearl Medallion","","294","R","Near Mint","2.97","4.04","3.5100","1.6600","0","0","0.6000",""
"7929744","Magic","Modern Horizons 3","Pearl Medallion (Borderless)","","347","R","Near Mint","6.67","7.25","6.6800","5.6900","0","0","6.2000",""
"7961479","Magic","Modern Horizons 3","Perilous Landscape","","223","C","Near Mint","0.12","0.05","1.3500","0.0400","4","0","0.1500",""
"7923600","Magic","Modern Horizons 3","Petrifying Meddler","","66","C","Near Mint","0.04","0.01","1.3200","0.0100","0","0","0.1500",""
"7901407","Magic","Modern Horizons 3","Phelia, Exuberant Shepherd","","40","R","Near Mint","5.20","9.67","5.5000","5.5000","0","0","5.5000",""
"7938580","Magic","Modern Horizons 3","Phlage, Titan of Fire's Fury","","197","M","Near Mint","9.43","9.15","9.2900","7.9800","0","0","9.3600",""
"7962124","Magic","Modern Horizons 3","Pinnacle Monk","","246","U","Near Mint Foil","4.46","4.71","4.6000","3.2900","0","0","3.8800",""
"7792482","Magic","Modern Horizons 3","Plains (0304)","","304","L","Near Mint Foil","0.23","0.19","1.3700","0.0600","0","0","0.1500",""
"7929399","Magic","Modern Horizons 3","Powerbalance (Borderless)","","335","R","Near Mint","0.60","0.62","1.7400","0.4300","0","0","0.4600",""
"7964199","Magic","Modern Horizons 3","Propagator Drone","","167","U","Near Mint","0.09","0.05","1.3600","0.0500","2","0","0.1500",""
"7943664","Magic","Modern Horizons 3","Pyretic Rebirth","","200","U","Near Mint","0.07","0.05","1.3200","0.0100","0","0","0.1500",""
"7936425","Magic","Modern Horizons 3","Razorgrass Ambush","","238","U","Near Mint","0.31","0.24","1.4700","0.1600","0","0","0.1900",""
"7963399","Magic","Modern Horizons 3","Riddle Gate Gargoyle","","201","C","Near Mint","0.04","0.01","1.3200","0.0100","0","0","0.1500",""
"7949345","Magic","Modern Horizons 3","Ripples of Undeath","","107","R","Near Mint","5.37","4.85","5.3600","5.3600","0","0","5.4500",""
"7939140","Magic","Modern Horizons 3","Rush of Inspiration","","257","U","Near Mint","0.13","0.07","1.3600","0.0500","1","0","0.1500",""
"7957739","Magic","Modern Horizons 3","Sage of the Unknowable","","68","C","Near Mint","0.03","0.01","1.3200","0.0100","0","0","0.1500",""
"7925749","Magic","Modern Horizons 3","Sapphire Medallion","","296","R","Near Mint","3.85","5.51","4.1600","2.8500","0","0","3.4200",""
"7961579","Magic","Modern Horizons 3","Seething Landscape","","225","C","Near Mint","0.24","0.08","1.4100","0.1000","0","0","0.1500",""
"7924869","Magic","Modern Horizons 3","Serum Visionary","","69","C","Near Mint","0.05","0.01","1.3200","0.0100","0","0","0.1500",""
"7924549","Magic","Modern Horizons 3","Shadow of the Second Sun","","70","M","Near Mint","0.88","1.03","1.6700","0.3600","0","0","0.4500",""
"7961679","Magic","Modern Horizons 3","Shattered Landscape","","226","C","Near Mint","0.14","0.05","1.3600","0.0500","2","0","0.1500",""
"7961799","Magic","Modern Horizons 3","Sheltering Landscape","","227","C","Near Mint","0.17","0.06","1.4100","0.1000","2","0","0.1500",""
"7953950","Magic","Modern Horizons 3","Shilgengar, Sire of Famine","","109","R","Near Mint","0.25","0.25","1.4000","0.0900","0","0","0.1500",""
"7942574","Magic","Modern Horizons 3","Signature Slam","","168","U","Near Mint","0.07","0.05","1.3400","0.0300","0","0","0.1500",""
"7924629","Magic","Modern Horizons 3","Six","","169","R","Near Mint","5.63","5.64","5.6500","5.6500","0","0","5.5800",""
"7940928","Magic","Modern Horizons 3","Skoa, Embermage","","138","C","Near Mint","0.05","0.01","1.3200","0.0100","0","0","0.1500",""
"7962599","Magic","Modern Horizons 3","Smelted Chargebug","","139","C","Near Mint","0.03","0.01","1.3200","0.0100","0","0","0.1500",""
"7898793","Magic","Modern Horizons 3","Snow-Covered Wastes (0229)","","229","U","Near Mint","0.25","0.24","1.3700","0.0600","0","0","0.1500",""
"7949265","Magic","Modern Horizons 3","Solar Transformer","","211","U","Near Mint","0.12","0.05","1.3600","0.0500","0","0","0.1500",""
"7956659","Magic","Modern Horizons 3","Solstice Zealot","","43","C","Near Mint","0.03","0.01","1.3200","0.0100","0","0","0.1500",""
"7943824","Magic","Modern Horizons 3","Sowing Mycospawn","","170","R","Near Mint","1.94","2.62","2.5600","1.0600","0","0","1.2400",""
"7901577","Magic","Modern Horizons 3","Spawn-Gang Commander","","140","U","Near Mint","0.11","0.07","1.3400","0.0300","1","0","0.1500",""
"7948785","Magic","Modern Horizons 3","Springheart Nantuko","","171","R","Near Mint","3.86","3.13","4.9500","3.6400","0","0","3.7500",""
"7937940","Magic","Modern Horizons 3","Spymaster's Vault","","230","R","Near Mint Foil","1.22","1.77","2.3100","1.0000","0","0","1.0400",""
"7940607","Magic","Modern Horizons 3","Spymaster's Vault (Borderless)","","358","R","Near Mint","1.93","2.14","2.3100","1.0000","0","0","1.1900",""
"7939645","Magic","Modern Horizons 3","Strength of the Harvest","","258","U","Near Mint","0.26","0.22","1.5100","0.1500","0","0","0.1700",""
"7939650","Magic","Modern Horizons 3","Strength of the Harvest","","258","U","Near Mint Foil","1.27","1.59","1.9900","0.6800","0","0","0.8000",""
"7937695","Magic","Modern Horizons 3","Strix Serenade","","71","R","Near Mint","1.60","1.28","2.3000","0.9900","0","0","1.0800",""
"7939725","Magic","Modern Horizons 3","Stump Stomp","","259","U","Near Mint","0.34","","1.5800","0.2200","0","0","0.2500",""
"7936585","Magic","Modern Horizons 3","Sundering Eruption","","248","U","Near Mint","0.95","","2.1500","0.8400","0","0","0.8700",""
"7900437","Magic","Modern Horizons 3","Sylvan Safekeeper","","287","R","Near Mint","6.13","6.12","6.2500","6.2500","0","0","6.1300",""
"7928829","Magic","Modern Horizons 3","Tamiyo, Inquisitive Student","","242","M","Near Mint","20.63","19.38","21.0700","19.5800","0","0","20.9900",""
"7930169","Magic","Modern Horizons 3","Tamiyo, Inquisitive Student (Borderless)","","443","M","Near Mint","32.49","37.43","26.2500","26.2500","0","0","30.0600",""
"7948065","Magic","Modern Horizons 3","The Hunger Tide Rises","","158","U","Near Mint","0.08","0.05","1.3200","0.0100","1","0","0.1500",""
"7934944","Magic","Modern Horizons 3","The Necrobloom","","194","R","Near Mint","0.27","0.25","1.4600","0.1500","0","0","0.1700",""
"7932619","Magic","Modern Horizons 3","Thief of Existence","","174","R","Near Mint","0.18","0.18","1.4100","0.1000","0","0","0.1500",""
"7961879","Magic","Modern Horizons 3","Tranquil Landscape","","231","C","Near Mint","0.15","0.05","1.4100","0.1000","0","0","0.1500",""
"7925349","Magic","Modern Horizons 3","Trickster's Elk","","175","U","Near Mint","0.13","0.10","1.3600","0.0500","0","0","0.1500",""
"7940285","Magic","Modern Horizons 3","Triton Wavebreaker","","74","U","Near Mint","0.05","0.04","1.3200","0.0100","1","0","0.1500",""
"7961959","Magic","Modern Horizons 3","Twisted Landscape","","232","C","Near Mint","0.20","0.03","1.3600","0.0500","0","0","0.1500",""
"7957959","Magic","Modern Horizons 3","Ugin's Binding","","76","M","Near Mint","1.18","1.21","2.0600","0.7500","0","0","0.8500",""
"7957964","Magic","Modern Horizons 3","Ugin's Binding","","76","M","Near Mint Foil","1.65","1.89","2.3200","1.0100","0","0","1.1400",""
"7900947","Magic","Modern Horizons 3","Urza's Cave","","234","U","Near Mint","1.63","1.51","2.8000","1.4900","0","0","1.5300",""
"7945335","Magic","Modern Horizons 3","Vexing Bauble","","212","U","Near Mint","1.52","0.99","2.2300","0.9200","0","0","1.0400",""
"7928469","Magic","Modern Horizons 3","Volatile Stormdrake","","79","R","Near Mint","0.40","0.44","1.6100","0.3000","0","0","0.3200",""
"7926099","Magic","Modern Horizons 3","Wheel of Potential","","144","R","Near Mint","0.12","0.12","1.4100","0.1000","1","0","0.1500",""
"7924389","Magic","Modern Horizons 3","White Orchid Phantom","","47","R","Near Mint","0.63","0.95","1.5600","0.2500","0","0","0.3300",""
"7901317","Magic","Modern Horizons 3","Wight of the Reliquary","","207","R","Near Mint","1.60","2.40","2.2000","0.8900","0","0","0.8600",""
"7789932","Magic","Modern Horizons 3","Windswept Heath","","235","R","Near Mint","8.41","8.16","9.0900","8.1000","0","0","8.6300",""
"7956819","Magic","Modern Horizons 3","Wing It","","48","C","Near Mint","0.03","0.01","1.3200","0.0100","0","0","0.1500",""
"7899992","Magic","Modern Horizons 3","Winter Moon","","213","R","Near Mint Foil","0.94","0.92","2.0300","0.7000","0","0","0.7600",""
"7938660","Magic","Modern Horizons 3","Wirewood Symbiote","","288","U","Near Mint","0.13","0.11","1.3900","0.0800","1","0","0.1500",""
"7929009","Magic","Modern Horizons 3","Witch Enchanter","","239","U","Near Mint","3.82","3.32","4.6100","3.3000","0","0","3.6200",""
"7959799","Magic","Modern Horizons 3","Wither and Bloom","","111","C","Near Mint","0.03","0.01","1.3200","0.0100","0","0","0.1500",""
"7790332","Magic","Modern Horizons 3","Wooded Foothills","","236","R","Near Mint","12.19","11.66","12.1900","12.1900","0","0","12.3900",""
"7791392","Magic","Modern Horizons 3","Wooded Foothills (Extended Art)","","467","R","Near Mint","16.09","18.09","15.7000","14.2000","0","0","15.2400",""
"7938260","Magic","Modern Horizons 3","Worn Powerstone","","298","U","Near Mint","0.20","0.19","1.4600","0.1500","0","0","0.1600",""
"7937170","Magic","Modern Horizons 3","Wrath of the Skies","","49","R","Near Mint Foil","2.24","4.87","2.3100","1.0000","0","0","1.2500",""
"1091235","Magic","Modern Masters","Kataki, War's Wage","","20","R","Near Mint","1.45","0.99","2.4500","1.1400","0","0","1.2000",""
"1090951","Magic","Modern Masters","Kodama's Reach","","151","C","Near Mint","1.51","","2.7400","1.4300","0","0","1.4500",""
"2879397","Magic","Modern Masters 2015","Argent Sphinx","","41","R","Near Mint","0.23","","1.4100","0.1000","1","0","0.1500",""
"2880917","Magic","Modern Masters 2015","Darksteel Citadel","","238","C","Near Mint","1.08","","2.3000","0.9900","0","0","1.0100",""
"2878586","Magic","Modern Masters 2015","Dispatch","","15","U","Near Mint","1.38","1.19","2.3000","0.9900","1","0","1.0800",""
"2880928","Magic","Modern Masters 2015","Evolving Wilds","","241","C","Lightly Played","0.06","","1.3600","0.0500","1","0","0.1500",""
"2879837","Magic","Modern Masters 2015","Sign in Blood","","97","C","Near Mint","0.37","","1.6100","0.3000","0","0","0.3200",""
"2879537","Magic","Modern Masters 2015","Steady Progress","","58","C","Near Mint","0.23","","1.4900","0.1800","1","0","0.1900",""
"2879557","Magic","Modern Masters 2015","Surrakar Spellblade","","60","R","Near Mint","0.34","","1.5500","0.2400","0","0","0.2600",""
"3316821","Magic","Modern Masters 2017","Basilisk Collar","","216","R","Near Mint","3.37","7.49","4.6800","3.3700","0","0","3.3700",""
"3317157","Magic","Modern Masters 2017","Blood Moon","","90","R","Near Mint","6.33","7.99","6.7400","6.7400","0","0","6.6400",""
"3318667","Magic","Modern Masters 2017","Explore","","125","C","Near Mint","0.19","","1.4600","0.1500","1","0","0.1600",""
"3317248","Magic","Modern Masters 2017","Gruul Signet","","222","U","Lightly Played","0.43","","1.6800","0.3700","1","0","0.3800",""
"3317307","Magic","Modern Masters 2017","Orzhov Signet","","224","U","Near Mint","0.38","","1.6000","0.2900","1","0","0.3100",""
"3317377","Magic","Modern Masters 2017","Serum Visions","","49","U","Near Mint","0.59","0.65","1.8900","0.5800","0","0","0.5800",""
"3319507","Magic","Modern Masters 2017","Soul Warden","","24","C","Near Mint","3.33","4.30","3.4000","2.0900","0","0","2.7100",""
"3319512","Magic","Modern Masters 2017","Soul Warden","","24","C","Near Mint Foil","3.78","","5.0600","3.7500","0","0","3.7600",""
"115704","Magic","Morningtide","Distant Melody","","32","C","Near Mint","0.70","0.81","1.8600","0.5500","1","0","0.5800",""
"115730","Magic","Morningtide","Indomitable Ancients","","13","R","Near Mint","6.36","","4.0900","2.7800","1","0","4.5700",""
"115735","Magic","Morningtide","Kinsbaile Cavalier","","15","R","Near Mint","10.44","","9.6900","8.3900","1","0","10.0400",""
"115736","Magic","Morningtide","Kithkin Zephyrnaut","","16","C","Near Mint","0.10","","1.3400","0.0300","1","0","0.1500",""
"376801","Magic","Morningtide","Leaf-Crowned Elder","","128","R","Lightly Played","3.60","4.99","4.1000","2.7900","1","0","3.2000",""
"115803","Magic","Morningtide","Stonybrook Banneret","","51","C","Near Mint","0.39","0.57","1.4800","0.1700","0","0","0.2100",""
"376875","Magic","Morningtide","Unstoppable Ash","","137","R","Lightly Played","0.97","","2.1000","0.7900","1","0","0.8300",""
"7665478","Magic","Murders at Karlov Manor","Assassin's Trophy","","187","R","Near Mint","2.43","2.71","3.3900","2.0800","0","0","2.1500",""
"7592092","Magic","Murders at Karlov Manor","Aurelia, the Law Above","","188","R","Near Mint","1.25","0.93","2.4600","1.1500","0","0","1.0800",""
"7594392","Magic","Murders at Karlov Manor","Aurelia, the Law Above (Showcase) (0317)","","317","R","Near Mint","3.12","4.05","3.3100","1.8200","0","0","2.6100",""
"7684165","Magic","Murders at Karlov Manor","Case of the Locked Hothouse","","155","R","Near Mint Foil","3.89","4.21","4.3100","3.0000","0","0","3.4500",""
"7679413","Magic","Murders at Karlov Manor","Delney, Streetwise Lookout","","12","M","Near Mint Foil","33.15","37.97","34.1800","32.6900","0","0","32.8300",""
"7591837","Magic","Murders at Karlov Manor","Demand Answers","","122","C","Near Mint","0.29","0.24","1.5600","0.2500","0","0","0.2600",""
"7696408","Magic","Murders at Karlov Manor","Doorkeeper Thrull (Showcase)","","338","R","Near Mint","0.60","0.25","1.6100","0.3000","0","0","0.3600",""
"7695303","Magic","Murders at Karlov Manor","Forensic Gadgeteer","","57","R","Near Mint","2.04","2.10","2.7100","1.4000","0","0","1.5400",""
"7665718","Magic","Murders at Karlov Manor","Massacre Girl, Known Killer","","94","M","Near Mint","5.12","5.08","5.0500","5.0500","0","0","5.0800",""
"7685701","Magic","Murders at Karlov Manor","The Pride of Hull Clade","","172","M","Near Mint","1.48","1.50","2.4600","1.1500","0","0","1.2200",""
"7687663","Magic","Murders at Karlov Manor","Undergrowth Recon","","181","M","Near Mint","2.14","2.14","3.1700","1.6700","0","0","1.8600",""
"7680208","Magic","Murders at Karlov Manor","Vannifar, Evolved Enigma (Showcase) (Invisible Ink)","","389","M","Near Mint Foil","1.86","3.80","3.3100","2.0000","0","0","2.0000",""
"7680048","Magic","Murders at Karlov Manor","Vein Ripper (Showcase)","","346","M","Near Mint","6.08","6.86","6.4100","6.4100","0","0","6.2400",""
"7592002","Magic","Murders at Karlov Manor","Wojek Investigator (a)","","36","R","Near Mint","0.13","0.08","1.3900","0.0800","1","0","0.1500",""
"5152435","Magic","Mystery Booster: Convention Edition Exclusives","You're In Command (No PW Symbol)","","","S","Near Mint","0.19","0.19","1.4500","0.1400","0","0","0.1500",""
"369889","Magic","Nemesis","Daze","","30","C","Lightly Played","2.39","2.27","2.8400","1.5300","0","0","1.7000",""
"369890","Magic","Nemesis","Death Pit Offering","","56","R","Lightly Played","0.34","","1.5100","0.2000","1","0","0.2300",""
"20653","Magic","Nemesis","Murderous Betrayal","","61","R","Near Mint","0.25","","1.5100","0.2000","0","0","0.2100",""
"20658","Magic","Nemesis","Oracle's Attendants","","16","R","Near Mint","0.17","","1.4100","0.1000","1","0","0.1500",""
"20718","Magic","Nemesis","Terrain Generator","","143","U","Near Mint","2.86","","3.2800","1.9700","1","0","1.9700",""
"417133","Magic","New Phyrexia","Beast Within","","103","U","Near Mint","1.20","1.29","2.2500","0.9400","0","0","0.9900",""
"417123","Magic","New Phyrexia","Chancellor of the Tangle","","106","R","Near Mint","0.73","","1.8300","0.5200","0","0","0.5600",""
"417202","Magic","New Phyrexia","Gitaxian Probe","","35","C","Near Mint","3.29","3.14","4.0600","2.7500","0","0","3.0000",""
"417142","Magic","New Phyrexia","Immolating Souleater","","139","C","Near Mint","0.13","","1.3200","0.0100","1","0","0.1500",""
"417147","Magic","New Phyrexia","Jin-Gitaxias, Core Augur","","37","M","Near Mint","10.72","","12.3400","12.3400","0","0","9.1600",""
"416752","Magic","New Phyrexia","Suture Priest","","25","C","Near Mint","1.53","2.20","2.5600","1.2500","0","0","1.3100",""
"416913","Magic","New Phyrexia","Suture Priest","","25","C","Lightly Played","1.21","0.99","2.5100","1.2000","0","0","1.2100",""
"417252","Magic","New Phyrexia","Unwinding Clock","","164","R","Near Mint","16.43","","17.2900","15.9800","0","0","16.2100",""
"417201","Magic","New Phyrexia","War Report","","26","C","Near Mint","0.24","","1.5000","0.1700","0","0","0.1800",""
"3042754","Magic","Oath of the Gatewatch","Deceiver of Form","","1","R","Near Mint","0.41","","1.5100","0.2000","0","0","0.2400",""
"3043327","Magic","Oath of the Gatewatch","Drana's Chosen","","84","R","Near Mint","0.15","0.10","1.3800","0.0700","0","0","0.1500",""
"3043328","Magic","Oath of the Gatewatch","Drana's Chosen","","84","R","Lightly Played","0.09","0.08","1.3700","0.0600","1","0","0.1500",""
"3042679","Magic","Oath of the Gatewatch","Eldrazi Obligator","","96","R","Near Mint","0.26","","1.5100","0.2000","0","0","0.2100",""
"3041680","Magic","Oath of the Gatewatch","Goblin Dark-Dwellers","","110","R","Near Mint","0.17","","1.4000","0.0900","0","0","0.1500",""
"3043170","Magic","Oath of the Gatewatch","Hedron Alignment","","57","R","Near Mint","0.13","","1.3800","0.0700","2","0","0.1500",""
"3044396","Magic","Oath of the Gatewatch","Natural State","","136","C","Near Mint","0.12","0.09","1.3400","0.0300","1","0","0.1500",""
"3044411","Magic","Oath of the Gatewatch","Negate","","59","C","Near Mint Foil","0.76","","2.0200","0.7100","1","0","0.7200",""
"3042659","Magic","Oath of the Gatewatch","Reflector Mage","","157","U","Near Mint","0.31","","1.5700","0.2600","0","0","0.2700",""
"3042297","Magic","Oath of the Gatewatch","Stone Haven Outfitter","","37","R","Near Mint","0.23","0.22","1.4200","0.1100","0","0","0.1500",""
"3042729","Magic","Oath of the Gatewatch","Vile Redeemer","","125","R","Near Mint","0.18","","1.4100","0.1000","0","0","0.1500",""
"3044766","Magic","Oath of the Gatewatch","Wall of Resurgence","","39","U","Near Mint","0.12","","1.3500","0.0400","1","0","0.1500",""
"3043897","Magic","Oath of the Gatewatch","Zendikar Resurgent","","147","R","Near Mint","2.87","6.84","3.4000","2.0900","0","0","2.2500",""
"22153","Magic","Odyssey","Chamber of Manipulation","","76","U","Near Mint","1.13","","2.0600","0.7500","0","0","0.8300",""
"22269","Magic","Odyssey","Epicenter","","192","R","Near Mint","2.58","","3.9300","2.6200","0","0","2.6200",""
"22291","Magic","Odyssey","Price of Glory","","214","U","Near Mint","10.53","","11.9800","10.9900","0","0","9.0800",""
"22172","Magic","Odyssey","Psionic Gift","","95","C","Near Mint","0.17","","1.4000","0.0900","1","0","0.1500",""
"22866","Magic","Onslaught","Barren Moor","","312","C","Near Mint","0.27","0.27","1.4100","0.1000","1","0","0.1500",""
"372147","Magic","Onslaught","Barren Moor","","312","C","Lightly Played","0.24","0.20","1.4400","0.1300","1","0","0.1500",""
"22854","Magic","Onslaught","Grand Coliseum","","319","R","Near Mint","4.69","","5.0600","5.0600","1","0","5.0600",""
"372263","Magic","Onslaught","Wall of Mulch","","298","U","Lightly Played","0.22","","1.4800","0.1700","1","0","0.1800",""
"22888","Magic","Onslaught","Words of War","","244","R","Near Mint","0.52","","1.6500","0.3400","0","0","0.3800",""
"371981","Magic","Onslaught","Words of Worship","","61","R","Lightly Played","1.60","","2.2600","0.9500","0","0","1.0800",""
"7408841","Magic","Open House Promos","Drown in the Loch (Retro Frame)","","1","P","Near Mint Foil","0.89","","1.8700","0.5600","0","0","0.6300",""
"7816700","Magic","Outlaws of Thunder Junction","Abraded Bluffs","","251","L","Near Mint","0.12","0.10","1.4100","0.1000","0","0","0.1500",""
"7838280","Magic","Outlaws of Thunder Junction","Annie Joins Up","","191","R","Near Mint","2.52","2.44","3.1900","1.8800","0","0","2.0000",""
"7832574","Magic","Outlaws of Thunder Junction","Another Round","","1","R","Near Mint","0.27","0.18","1.5100","0.2000","0","0","0.2100",""
"7828642","Magic","Outlaws of Thunder Junction","Archangel of Tithes","","2","M","Near Mint","1.83","","2.6000","1.2900","0","0","1.3900",""
"7836550","Magic","Outlaws of Thunder Junction","Archmage's Newt","","39","R","Near Mint","0.11","","1.3400","0.0300","1","0","0.1500",""
"7822708","Magic","Outlaws of Thunder Junction","Arid Archway","","252","U","Near Mint","0.35","0.30","1.6100","0.3000","0","0","0.1500",""
"7822713","Magic","Outlaws of Thunder Junction","Arid Archway","","252","U","Near Mint Foil","0.77","0.74","2.0100","0.7000","0","0","0.7100",""
"7826242","Magic","Outlaws of Thunder Junction","Assimilation Aegis","","192","M","Near Mint","0.40","0.24","1.5000","0.1900","0","0","0.1500",""
"7827207","Magic","Outlaws of Thunder Junction","Bonny Pall, Clearcutter","","196","R","Near Mint Foil","0.88","1.08","1.6400","0.3300","0","0","0.4300",""
"7820382","Magic","Outlaws of Thunder Junction","Botanical Sanctum (Borderless)","","301","R","Near Mint","1.47","2.35","2.1600","0.8500","0","0","0.9700",""
"7837880","Magic","Outlaws of Thunder Junction","Breeches, the Blastmaker","","197","R","Near Mint","0.10","0.07","1.3500","0.0400","0","0","0.1500",""
"7816860","Magic","Outlaws of Thunder Junction","Bristling Backwoods","","253","L","Near Mint","0.12","0.10","1.3900","0.0800","1","0","0.1500",""
"7816865","Magic","Outlaws of Thunder Junction","Bristling Backwoods","","253","L","Near Mint Foil","0.19","0.11","1.4300","0.1200","0","0","0.1500",""
"7824368","Magic","Outlaws of Thunder Junction","Bruse Tarl, Roving Rancher","","198","R","Near Mint","0.10","","1.3300","0.0200","1","0","0.1500",""
"7816460","Magic","Outlaws of Thunder Junction","Colossal Rattlewurm","","159","R","Near Mint","0.10","0.06","1.3600","0.0500","0","0","0.1500",""
"7840112","Magic","Outlaws of Thunder Junction","Conduit Pylons","","254","C","Near Mint","0.13","0.01","1.3500","0.0400","3","0","0.1500",""
"7817100","Magic","Outlaws of Thunder Junction","Creosote Heath","","255","L","Near Mint","0.08","0.02","1.3600","0.0500","3","0","0.1500",""
"7822368","Magic","Outlaws of Thunder Junction","Double Down","","44","M","Near Mint","0.66","0.53","1.5600","0.2500","0","0","0.3300",""
"7811716","Magic","Outlaws of Thunder Junction","Duelist of the Mind","","45","R","Near Mint","0.13","0.03","1.3400","0.0300","1","0","0.1500",""
"7842262","Magic","Outlaws of Thunder Junction","Dust Animus","","9","R","Near Mint","0.12","0.03","1.3500","0.0400","0","0","0.1500",""
"7836470","Magic","Outlaws of Thunder Junction","Eriette, the Beguiler","","202","R","Near Mint","0.10","","1.3500","0.0400","0","0","0.1500",""
"7788607","Magic","Outlaws of Thunder Junction","Fblthp, Lost on the Range","","48","R","Near Mint","0.22","0.10","1.3600","0.0500","0","0","0.1500",""
"7816940","Magic","Outlaws of Thunder Junction","Festering Gulch","","257","L","Near Mint","0.13","0.08","1.4000","0.0900","1","0","0.1500",""
"7816945","Magic","Outlaws of Thunder Junction","Festering Gulch","","257","L","Near Mint Foil","1.03","0.12","1.4200","0.1100","0","0","0.2900",""
"7817020","Magic","Outlaws of Thunder Junction","Forlorn Flats","","258","L","Near Mint","0.08","0.02","1.3600","0.0500","0","0","0.1500",""
"7819242","Magic","Outlaws of Thunder Junction","Freestrider Lookout","","163","R","Near Mint","0.22","0.08","1.4100","0.1000","0","0","0.1500",""
"7830764","Magic","Outlaws of Thunder Junction","Ghired, Mirror of the Wilds","","205","M","Near Mint","0.26","0.09","1.4500","0.1400","0","0","0.1600",""
"7830924","Magic","Outlaws of Thunder Junction","Gold Rush","","166","U","Near Mint","0.10","","1.3200","0.0100","2","0","0.1500",""
"7819642","Magic","Outlaws of Thunder Junction","Great Train Heist","","125","R","Near Mint","1.46","1.58","2.5600","1.2500","0","0","1.2900",""
"7820602","Magic","Outlaws of Thunder Junction","Great Train Heist (Extended Art)","","331","R","Near Mint","3.74","5.69","3.5400","2.2300","0","0","2.9600",""
"7792797","Magic","Outlaws of Thunder Junction","Hell to Pay","","126","R","Near Mint","0.25","0.21","1.5000","0.1900","0","0","0.2000",""
"7814314","Magic","Outlaws of Thunder Junction","Insatiable Avarice","","91","R","Near Mint","2.45","2.23","3.2100","1.9000","0","0","1.3000",""
"7832044","Magic","Outlaws of Thunder Junction","Intrepid Stablemaster","","169","U","Near Mint","0.10","","1.3500","0.0400","0","0","0.1500",""
"7829809","Magic","Outlaws of Thunder Junction","Kaervek, the Punisher","","92","R","Near Mint Foil","0.37","0.24","1.5500","0.2400","0","0","0.2700",""
"7827762","Magic","Outlaws of Thunder Junction","Kellan Joins Up","","212","R","Near Mint","0.25","0.05","1.3900","0.0800","0","0","0.1500",""
"7815255","Magic","Outlaws of Thunder Junction","Kellan, the Kid","","213","M","Near Mint","0.55","0.40","1.7600","0.4500","0","0","0.4600",""
"7820652","Magic","Outlaws of Thunder Junction","Kellan, the Kid (Showcase)","","294","M","Near Mint","0.86","0.90","2.1200","0.8100","0","0","0.8200",""
"7824528","Magic","Outlaws of Thunder Junction","Lavaspur Boots","","243","U","Near Mint","0.87","0.80","2.0000","0.6900","0","0","0.7200",""
"7831004","Magic","Outlaws of Thunder Junction","Lilah, Undefeated Slickshot","","217","R","Near Mint","0.10","0.03","1.3400","0.0300","1","0","0.1500",""
"7817570","Magic","Outlaws of Thunder Junction","Lonely Arroyo","","260","L","Near Mint","0.11","0.05","1.3900","0.0800","2","0","0.1500",""
"7817575","Magic","Outlaws of Thunder Junction","Lonely Arroyo","","260","L","Near Mint Foil","0.22","0.03","1.3400","0.0300","1","0","0.1500",""
"7816780","Magic","Outlaws of Thunder Junction","Lush Oasis","","261","L","Near Mint","0.18","","1.3900","0.0800","1","0","0.1500",""
"7819402","Magic","Outlaws of Thunder Junction","Magda, the Hoardmaster","","133","R","Near Mint","0.48","0.46","1.6500","0.3400","0","0","0.3700",""
"7841352","Magic","Outlaws of Thunder Junction","Map the Frontier","","170","U","Near Mint","0.08","0.06","1.3200","0.0100","1","0","0.1500",""
"7829212","Magic","Outlaws of Thunder Junction","Marchesa, Dealer of Death (Extended Art)","","357","R","Near Mint","0.32","0.22","1.5100","0.2000","1","0","0.2200",""
"7836150","Magic","Outlaws of Thunder Junction","Mirage Mesa","","262","C","Near Mint","0.07","0.03","1.3200","0.0100","2","0","0.1500",""
"7836155","Magic","Outlaws of Thunder Junction","Mirage Mesa","","262","C","Near Mint Foil","0.12","0.01","1.3600","0.0500","0","0","0.1500",""
"7841012","Magic","Outlaws of Thunder Junction","Obeka, Splitter of Seconds","","222","R","Near Mint","0.12","0.12","1.4100","0.1000","0","0","0.1500",""
"7832414","Magic","Outlaws of Thunder Junction","Pillage the Bog","","224","R","Near Mint","0.16","0.06","1.3600","0.0500","1","0","0.1500",""
"7835700","Magic","Outlaws of Thunder Junction","Pitiless Carnage","","98","R","Near Mint","0.21","0.14","1.3600","0.0500","0","0","0.1500",""
"7835460","Magic","Outlaws of Thunder Junction","Rakdos Joins Up","","225","R","Near Mint","0.29","0.24","1.5300","0.2200","0","0","0.2300",""
"7819802","Magic","Outlaws of Thunder Junction","Rakdos, the Muscle","","226","M","Near Mint","0.81","0.49","1.9000","0.5900","0","0","0.6300",""
"7830044","Magic","Outlaws of Thunder Junction","Requisition Raid","","26","U","Near Mint","0.42","0.40","1.6100","0.3000","0","0","0.3600",""
"7841192","Magic","Outlaws of Thunder Junction","Return the Favor","","142","U","Near Mint","1.51","1.81","2.2800","0.9700","0","0","1.0800",""
"7835780","Magic","Outlaws of Thunder Junction","Sandstorm Verge","","263","U","Near Mint","0.08","0.03","1.3400","0.0300","1","0","0.1500",""
"7822208","Magic","Outlaws of Thunder Junction","Satoru, the Infiltrator","","230","R","Near Mint","0.24","0.22","1.4500","0.1400","0","0","0.1600",""
"7838520","Magic","Outlaws of Thunder Junction","Seraphic Steed","","232","R","Near Mint","0.13","","1.3700","0.0600","0","0","0.1500",""
"7817490","Magic","Outlaws of Thunder Junction","Soured Springs","","264","L","Near Mint","0.13","0.06","1.3500","0.0400","2","0","0.1500",""
"7819972","Magic","Outlaws of Thunder Junction","Spirebluff Canal","","270","R","Near Mint","1.50","1.47","2.4500","1.1000","0","0","1.1800",""
"7839000","Magic","Outlaws of Thunder Junction","Stoic Sphinx","","71","R","Near Mint","0.17","0.02","1.3400","0.0300","0","0","0.1500",""
"7832974","Magic","Outlaws of Thunder Junction","Taii Wakeen, Perfect Shot","","234","R","Near Mint","0.12","","1.3600","0.0500","0","0","0.1500",""
"7828002","Magic","Outlaws of Thunder Junction","Three Steps Ahead","","75","R","Near Mint","5.08","4.13","5.0800","5.0800","0","0","5.0800",""
"7837400","Magic","Outlaws of Thunder Junction","Trash the Town","","186","U","Near Mint","0.09","0.05","1.3600","0.0500","0","0","0.1500",""
"7827682","Magic","Outlaws of Thunder Junction","Vadmir, New Blood","","113","R","Near Mint","0.10","0.08","1.3600","0.0500","0","0","0.1500",""
"7814394","Magic","Outlaws of Thunder Junction","Vraska Joins Up","","236","R","Near Mint","0.38","0.24","1.5600","0.2500","0","0","0.2700",""
"7837560","Magic","Outlaws of Thunder Junction","Wylie Duke, Atiin Hero","","239","R","Near Mint","0.13","0.09","1.3900","0.0800","0","0","0.1500",""
"7847645","Magic","Outlaws of Thunder Junction: Breaking News","Bedevil","","37","R","Near Mint","0.25","","1.5300","0.2200","0","0","0.2300",""
"7818187","Magic","Outlaws of Thunder Junction: Breaking News","Clear Shot","","28","U","Near Mint Foil","0.17","","1.3200","0.0100","0","0","0.1500",""
"7844545","Magic","Outlaws of Thunder Junction: Breaking News","Cruel Ultimatum","","40","R","Near Mint","0.19","","1.4600","0.1500","0","0","0.1600",""
"7847155","Magic","Outlaws of Thunder Junction: Breaking News","Electrodominance","","23","R","Near Mint","0.29","0.25","1.4700","0.1200","0","0","0.1900",""
"7847160","Magic","Outlaws of Thunder Junction: Breaking News","Electrodominance","","23","R","Near Mint Foil","0.60","0.60","1.7200","0.4100","0","0","0.4500",""
"7846105","Magic","Outlaws of Thunder Junction: Breaking News","Endless Detour","","44","R","Near Mint","0.12","","1.3600","0.0500","0","0","0.1500",""
"7845685","Magic","Outlaws of Thunder Junction: Breaking News","Fractured Identity","","45","M","Near Mint","0.34","","1.5500","0.2400","0","0","0.2600",""
"7818022","Magic","Outlaws of Thunder Junction: Breaking News","Mana Drain","","11","M","Near Mint","36.63","36.39","36.7400","35.7400","0","0","35.9600",""
"7846265","Magic","Outlaws of Thunder Junction: Breaking News","Pariah","","5","R","Near Mint","0.56","0.52","1.5500","0.2400","0","0","0.3000",""
"7846430","Magic","Outlaws of Thunder Junction: Breaking News","Skewer the Critics","","26","U","Near Mint Foil","0.14","","1.3800","0.0700","1","0","0.1500",""
"7845205","Magic","Outlaws of Thunder Junction: Breaking News","Skullcrack","","27","R","Near Mint","0.17","","1.3800","0.0700","0","0","0.1500",""
"7793007","Magic","Outlaws of Thunder Junction: The Big Score","Nexus of Becoming","","25","M","Near Mint","1.11","1.10","2.1400","0.8300","0","0","0.8900",""
"7848741","Magic","Outlaws of Thunder Junction: The Big Score","Omenpath Journey","","18","M","Near Mint","1.58","1.72","2.5000","1.1900","0","0","1.2700",""
"7852457","Magic","Outlaws of Thunder Junction: The Big Score","Tarnation Vista","","30","M","Near Mint","0.65","0.61","1.7100","0.4000","0","0","0.4500",""
"7869142","Magic","Outlaws of Thunder Junction: The Big Score","Territory Forge","","15","M","Near Mint","0.29","0.16","1.4300","0.1200","0","0","0.1500",""
"6961579","Magic","Phyrexia: All Will Be One","Adaptive Sporesinger","","157","C","Near Mint","0.06","","1.3200","0.0100","0","0","0.1500",""
"6955351","Magic","Phyrexia: All Will Be One","All Will Be One","","118","M","Near Mint","16.05","16.11","15.4900","15.4900","0","0","15.8000",""
"6934263","Magic","Phyrexia: All Will Be One","Annex Sentry","","2","U","Near Mint","0.08","0.04","1.3500","0.0400","2","0","0.1500",""
"6934589","Magic","Phyrexia: All Will Be One","Archfiend of the Dross","","82","R","Near Mint","0.24","0.24","1.4600","0.1500","0","0","0.1700",""
"6938009","Magic","Phyrexia: All Will Be One","Archfiend of the Dross (Showcase)","","304","R","Near Mint","0.29","0.25","1.5000","0.1900","0","0","0.2100",""
"6948668","Magic","Phyrexia: All Will Be One","Argentum Masticore","","222","R","Near Mint","0.13","0.08","1.3900","0.0800","0","0","0.1500",""
"6956235","Magic","Phyrexia: All Will Be One","Armored Scrapgorger","","158","U","Near Mint","0.11","0.09","1.3200","0.0100","8","0","0.1500",""
"6956240","Magic","Phyrexia: All Will Be One","Armored Scrapgorger","","158","U","Near Mint Foil","0.22","0.12","1.4100","0.1000","0","0","0.1500",""
"6937829","Magic","Phyrexia: All Will Be One","Atraxa, Grand Unifier","","196","M","Near Mint","12.24","12.22","11.4900","11.4900","0","0","11.8700",""
"6965799","Magic","Phyrexia: All Will Be One","Basilica Shepherd","","4","C","Near Mint","0.05","0.01","1.3300","0.0200","0","0","0.1500",""
"6944920","Magic","Phyrexia: All Will Be One","Bilious Skulldweller","","83","U","Near Mint","0.11","0.10","1.3600","0.0500","0","0","0.1500",""
"6929863","Magic","Phyrexia: All Will Be One","Black Sun's Twilight","","84","R","Near Mint","0.28","","1.4100","0.1000","0","0","0.1500",""
"6930693","Magic","Phyrexia: All Will Be One","Blackcleave Cliffs","","248","R","Near Mint","0.75","0.73","1.7900","0.4800","0","0","0.5300",""
"6940179","Magic","Phyrexia: All Will Be One","Blackcleave Cliffs (Borderless)","","370","R","Near Mint","1.41","1.46","2.3900","1.0800","0","0","1.1500",""
"6929423","Magic","Phyrexia: All Will Be One","Blade of Shared Souls","","42","R","Near Mint","0.12","0.10","1.3500","0.0400","2","0","0.1500",""
"6962059","Magic","Phyrexia: All Will Be One","Bladegraft Aspirant","","122","C","Near Mint","0.09","0.03","1.3600","0.0100","1","0","0.1500",""
"6931743","Magic","Phyrexia: All Will Be One","Bloated Contaminator","","159","R","Near Mint","1.05","0.98","2.2100","0.9000","0","0","0.9300",""
"6911590","Magic","Phyrexia: All Will Be One","Blue Sun's Twilight","","43","R","Near Mint","0.26","0.31","1.4100","0.1000","0","0","0.1500",""
"6944501","Magic","Phyrexia: All Will Be One","Cacophony Scamp","","124","U","Near Mint","0.14","0.08","1.3900","0.0400","3","0","0.1500",""
"6958773","Magic","Phyrexia: All Will Be One","Cankerbloom","","161","U","Near Mint","0.21","0.20","1.4100","0.1000","0","0","0.1500",""
"6950614","Magic","Phyrexia: All Will Be One","Cankerbloom (Showcase)","","294","U","Near Mint","0.13","0.07","1.3700","0.0600","13","0","0.1500",""
"6950619","Magic","Phyrexia: All Will Be One","Cankerbloom (Showcase)","","294","U","Near Mint Foil","0.26","0.25","1.4600","0.1500","0","0","0.1700",""
"6936709","Magic","Phyrexia: All Will Be One","Capricious Hellraiser","","125","M","Near Mint","0.26","0.25","1.4400","0.1300","1","0","0.1600",""
"6942961","Magic","Phyrexia: All Will Be One","Capricious Hellraiser (Showcase)","","310","M","Near Mint","0.35","0.39","1.4800","0.1700","0","0","0.2100",""
"6933141","Magic","Phyrexia: All Will Be One","Carnivorous Canopy","","162","C","Near Mint","0.10","0.10","1.3600","0.0500","1","0","0.1500",""
"6958583","Magic","Phyrexia: All Will Be One","Cephalopod Sentry","","198","U","Near Mint","0.08","0.01","1.3200","0.0100","0","0","0.1500",""
"6962779","Magic","Phyrexia: All Will Be One","Chimney Rabble","","126","C","Near Mint","0.03","0.01","1.3200","0.0100","0","0","0.1500",""
"6960459","Magic","Phyrexia: All Will Be One","Chrome Prowler","","45","C","Near Mint","0.08","0.01","1.3200","0.0100","4","0","0.1500",""
"6935149","Magic","Phyrexia: All Will Be One","Conduit of Worlds","","163","R","Near Mint","4.30","4.29","4.7500","3.4400","0","0","3.8800",""
"6961259","Magic","Phyrexia: All Will Be One","Copper Longlegs","","165","C","Near Mint","0.06","0.06","1.3400","0.0300","0","0","0.1500",""
"6930773","Magic","Phyrexia: All Will Be One","Copperline Gorge","","249","R","Near Mint","0.48","0.42","1.6300","0.3200","0","0","0.3600",""
"6930858","Magic","Phyrexia: All Will Be One","Darkslick Shores","","250","R","Near Mint","1.30","1.29","2.0600","0.7500","0","0","0.8600",""
"6940709","Magic","Phyrexia: All Will Be One","Darkslick Shores (Borderless)","","372","R","Near Mint","1.21","1.30","2.2700","0.9600","0","0","0.2400",""
"6948348","Magic","Phyrexia: All Will Be One","Dragonwing Glider","","128","R","Near Mint","0.12","0.09","1.3600","0.0500","5","0","0.1500",""
"6955554","Magic","Phyrexia: All Will Be One","Drivnod, Carnage Dominus","","90","M","Near Mint","5.52","6.50","5.0500","3.7400","0","0","2.7700",""
"6953294","Magic","Phyrexia: All Will Be One","Drown in Ichor","","91","U","Near Mint","0.30","0.30","1.5000","0.1900","0","0","0.2100",""
"6965399","Magic","Phyrexia: All Will Be One","Duelist of Deep Faith","","9","C","Near Mint","0.05","0.01","1.3200","0.0100","0","0","0.1500",""
"6911350","Magic","Phyrexia: All Will Be One","Elesh Norn, Mother of Machines","","10","M","Near Mint","19.16","18.94","18.9400","18.9400","1","0","19.0800",""
"6934509","Magic","Phyrexia: All Will Be One","Encroaching Mycosynth","","47","R","Near Mint","0.32","0.26","1.5600","0.2100","0","0","0.2300",""
"6937124","Magic","Phyrexia: All Will Be One","Evolved Spinoderm","","166","R","Near Mint","0.10","0.04","1.3400","0.0300","3","0","0.1500",""
"6940359","Magic","Phyrexia: All Will Be One","Evolved Spinoderm (Showcase)","","313","R","Near Mint","0.17","0.08","1.3600","0.0500","0","0","0.1500",""
"6942556","Magic","Phyrexia: All Will Be One","Expand the Sphere","","168","U","Near Mint","0.09","0.09","1.3800","0.0700","11","0","0.1500",""
"6934434","Magic","Phyrexia: All Will Be One","Experimental Augury","","49","C","Near Mint Foil","0.30","0.23","1.4900","0.1800","1","0","0.2000",""
"6960779","Magic","Phyrexia: All Will Be One","Eye of Malcator","","50","C","Near Mint","0.03","0.01","1.3200","0.0100","0","0","0.1500",""
"6930448","Magic","Phyrexia: All Will Be One","Ezuri, Stalker of Spheres","","201","R","Near Mint","0.44","0.40","1.7100","0.4000","0","0","0.4100",""
"6931663","Magic","Phyrexia: All Will Be One","Ezuri, Stalker of Spheres (Showcase)","","317","R","Near Mint","0.46","0.45","1.6600","0.3500","0","0","0.3400",""
"6912310","Magic","Phyrexia: All Will Be One","Forest (271) - Full Art","","271","L","Near Mint","0.58","0.48","1.5000","0.1900","0","0","0.2700",""
"6929758","Magic","Phyrexia: All Will Be One","Geth, Thane of Contracts","","95","R","Near Mint","0.11","0.01","1.3300","0.0200","6","0","0.1500",""
"6930528","Magic","Phyrexia: All Will Be One","Geth, Thane of Contracts (Showcase)","","306","R","Near Mint","0.15","0.10","1.3500","0.0400","2","0","0.1500",""
"6930533","Magic","Phyrexia: All Will Be One","Geth, Thane of Contracts (Showcase)","","306","R","Near Mint Foil","0.21","","1.3700","0.0600","1","0","0.1500",""
"6960939","Magic","Phyrexia: All Will Be One","Gitaxian Anatomist","","52","C","Near Mint","0.04","0.01","1.3200","0.0100","0","0","0.1500",""
"6942396","Magic","Phyrexia: All Will Be One","Gleeful Demolition","","134","U","Near Mint","0.09","0.09","1.3600","0.0500","0","0","0.1500",""
"6930368","Magic","Phyrexia: All Will Be One","Glissa Sunslayer","","202","R","Near Mint","0.95","0.94","2.0400","0.5500","0","0","0.6300",""
"6939154","Magic","Phyrexia: All Will Be One","Goliath Hatchery","","408","R","Near Mint","0.13","0.10","1.3800","0.0700","2","0","0.1500",""
"6935654","Magic","Phyrexia: All Will Be One","Graaz, Unstoppable Juggernaut","","229","R","Near Mint","0.19","0.15","1.4100","0.1000","0","0","0.1500",""
"6939344","Magic","Phyrexia: All Will Be One","Graaz, Unstoppable Juggernaut (Borderless)","","334","R","Near Mint","0.27","0.27","1.4100","0.1000","0","0","0.1500",""
"6935069","Magic","Phyrexia: All Will Be One","Green Sun's Twilight","","169","R","Near Mint","0.20","0.22","1.4000","0.0900","0","0","0.1500",""
"6935074","Magic","Phyrexia: All Will Be One","Green Sun's Twilight","","169","R","Near Mint Foil","0.30","","1.4600","0.1500","0","0","0.1800",""
"6945170","Magic","Phyrexia: All Will Be One","Hexgold Halberd","","136","U","Near Mint","0.09","0.02","1.3300","0.0200","2","0","0.1500",""
"6949228","Magic","Phyrexia: All Will Be One","Ichormoon Gauntlet","","56","M","Near Mint","3.82","5.40","4.4800","3.1700","0","0","1.9700",""
"6947555","Magic","Phyrexia: All Will Be One","Ichorplate Golem","","230","U","Near Mint","0.07","0.01","1.3200","0.0100","1","0","0.1500",""
"6950319","Magic","Phyrexia: All Will Be One","Infectious Bite","","172","U","Near Mint","0.22","0.19","1.4700","0.1600","0","0","0.1700",""
"6950324","Magic","Phyrexia: All Will Be One","Infectious Bite","","172","U","Near Mint Foil","0.43","0.38","1.6100","0.3000","0","0","0.3300",""
"6965239","Magic","Phyrexia: All Will Be One","Infectious Inquiry","","97","C","Near Mint","0.16","0.15","1.4500","0.1000","1","0","0.1500",""
"6944401","Magic","Phyrexia: All Will Be One","Infested Fleshcutter","","17","U","Near Mint","0.08","0.02","1.3300","0.0200","1","0","0.1500",""
"6944406","Magic","Phyrexia: All Will Be One","Infested Fleshcutter","","17","U","Near Mint Foil","1.02","0.25","1.4100","0.1000","0","0","0.2800",""
"6910795","Magic","Phyrexia: All Will Be One","Island (263) - Full Art","","263","L","Near Mint Foil","0.29","0.28","1.4100","0.1000","0","0","0.1500",""
"6929603","Magic","Phyrexia: All Will Be One","Jace, the Perfected Mind","","57","M","Near Mint","1.40","1.91","2.3000","0.9900","0","0","1.0700",""
"6941179","Magic","Phyrexia: All Will Be One","Jawbone Duelist","","18","U","Near Mint","0.08","0.05","1.3600","0.0500","0","0","0.1500",""
"6941184","Magic","Phyrexia: All Will Be One","Jawbone Duelist","","18","U","Near Mint Foil","0.20","0.15","1.4500","0.1000","1","0","0.1600",""
"6911270","Magic","Phyrexia: All Will Be One","Jor Kadeen, First Goldwarden","","203","R","Near Mint","0.16","0.10","1.4000","0.0900","2","0","0.1500",""
"6921854","Magic","Phyrexia: All Will Be One","Kaito, Dancing Shadow","","204","R","Near Mint","0.34","0.33","1.4200","0.1100","0","0","0.1500",""
"6934669","Magic","Phyrexia: All Will Be One","Karumonix, the Rat King","","98","R","Near Mint","0.51","0.50","1.5600","0.2500","0","0","0.3000",""
"6934674","Magic","Phyrexia: All Will Be One","Karumonix, the Rat King","","98","R","Near Mint Foil","0.74","0.76","1.7800","0.4700","0","0","0.5200",""
"6938109","Magic","Phyrexia: All Will Be One","Karumonix, the Rat King (Showcase)","","307","R","Near Mint","0.58","0.62","1.5700","0.2600","0","0","0.3200",""
"6928320","Magic","Phyrexia: All Will Be One","Kaya, Intangible Slayer","","205","R","Near Mint","0.24","0.21","1.4800","0.1700","0","0","0.1800",""
"6928695","Magic","Phyrexia: All Will Be One","Kemba, Kha Enduring","","19","R","Near Mint","0.17","0.16","1.4100","0.1000","0","0","0.1500",""
"6929103","Magic","Phyrexia: All Will Be One","Kemba, Kha Enduring (Borderless)","","330","R","Near Mint Foil","0.37","","1.5100","0.2000","0","0","0.2300",""
"6945435","Magic","Phyrexia: All Will Be One","Kethek, Crucible Goliath","","206","R","Near Mint","0.14","0.11","1.3800","0.0700","6","0","0.1500",""
"6950029","Magic","Phyrexia: All Will Be One","Kethek, Crucible Goliath (Showcase)","","319","R","Near Mint","0.17","0.15","1.4000","0.0900","2","0","0.1500",""
"6938399","Magic","Phyrexia: All Will Be One","Kinzu of the Bleak Coven","","406","R","Near Mint","0.14","0.09","1.4100","0.1000","0","0","0.1500",""
"6911510","Magic","Phyrexia: All Will Be One","Koth, Fire of Resistance","","138","R","Near Mint","0.34","","1.5600","0.2500","0","0","0.2600",""
"6928160","Magic","Phyrexia: All Will Be One","Lukka, Bound to Ruin","","207","M","Near Mint","0.29","0.32","1.4800","0.1700","0","0","0.1900",""
"6928165","Magic","Phyrexia: All Will Be One","Lukka, Bound to Ruin","","207","M","Near Mint Foil","0.62","0.50","1.7100","0.4000","0","0","0.4400",""
"6943861","Magic","Phyrexia: All Will Be One","Malcator, Purity Overseer","","208","R","Near Mint","0.11","0.05","1.3900","0.0800","2","0","0.1500",""
"6943941","Magic","Phyrexia: All Will Be One","Malcator, Purity Overseer (Showcase)","","320","R","Near Mint","0.17","0.16","1.4100","0.1000","4","0","0.1500",""
"6961899","Magic","Phyrexia: All Will Be One","Malcator's Watcher","","58","C","Near Mint","0.05","0.01","1.3200","0.0100","0","0","0.1500",""
"6948988","Magic","Phyrexia: All Will Be One","Maze Skullbomb","","231","C","Near Mint","0.03","0.01","1.3200","0.0100","1","0","0.1500",""
"6960619","Magic","Phyrexia: All Will Be One","Maze's Mantle","","174","C","Near Mint","0.03","0.01","1.3200","0.0100","1","0","0.1500",""
"6962139","Magic","Phyrexia: All Will Be One","Meldweb Curator","","59","C","Near Mint","0.03","0.01","1.3200","0.0100","2","0","0.1500",""
"6962459","Magic","Phyrexia: All Will Be One","Meldweb Strider","","60","C","Near Mint","0.03","0.01","1.3200","0.0100","0","0","0.1500",""
"6930238","Magic","Phyrexia: All Will Be One","Melira, the Living Cure","","209","R","Near Mint","0.12","0.03","1.3400","0.0300","2","0","0.1500",""
"6934349","Magic","Phyrexia: All Will Be One","Mercurial Spelldancer","","61","R","Near Mint","0.19","0.21","1.4100","0.1000","0","0","0.1500",""
"6956688","Magic","Phyrexia: All Will Be One","Migloz, Maze Crusher","","210","R","Near Mint","0.09","0.05","1.3200","0.0100","5","0","0.1500",""
"6959313","Magic","Phyrexia: All Will Be One","Migloz, Maze Crusher (Showcase)","","321","R","Near Mint","0.15","0.14","1.3600","0.0500","3","0","0.1500",""
"6947635","Magic","Phyrexia: All Will Be One","Mindsplice Apparatus","","63","R","Near Mint","0.36","0.35","1.5600","0.2500","0","0","0.2800",""
"6947640","Magic","Phyrexia: All Will Be One","Mindsplice Apparatus","","63","R","Near Mint Foil","0.90","0.90","1.8800","0.5700","0","0","0.6100",""
"6933381","Magic","Phyrexia: All Will Be One","Mirran Safehouse","","232","R","Near Mint","0.17","0.04","1.3200","0.0100","2","0","0.1500",""
"6933386","Magic","Phyrexia: All Will Be One","Mirran Safehouse","","232","R","Near Mint Foil","0.17","","1.3200","0.0100","1","0","0.1500",""
"6957158","Magic","Phyrexia: All Will Be One","Mirrex","","254","R","Near Mint","0.46","0.42","1.6600","0.3500","0","0","0.3700",""
"6957163","Magic","Phyrexia: All Will Be One","Mirrex","","254","R","Near Mint Foil","0.89","0.43","1.8200","0.5100","0","0","0.5300",""
"6937294","Magic","Phyrexia: All Will Be One","Mite Overseer","","404","R","Near Mint","0.28","0.27","1.5000","0.1900","0","0","0.2100",""
"6942796","Magic","Phyrexia: All Will Be One","Monument to Perfection","","233","R","Near Mint","0.12","0.10","1.3700","0.0600","2","0","0.1500",""
"6931503","Magic","Phyrexia: All Will Be One","Myr Convert","","234","U","Near Mint","0.12","0.08","1.3700","0.0600","1","0","0.1500",""
"6931583","Magic","Phyrexia: All Will Be One","Myr Convert (Showcase)","","297","U","Near Mint","0.10","0.04","1.3300","0.0200","4","0","0.1500",""
"6928240","Magic","Phyrexia: All Will Be One","Nahiri, the Unforgiving","","211","M","Near Mint","0.29","0.24","1.4500","0.1400","0","0","0.1500",""
"6932275","Magic","Phyrexia: All Will Be One","Nahiri, the Unforgiving (Borderless)","","343","M","Near Mint","0.93","1.21","1.8000","0.4900","0","0","0.5800",""
"6946670","Magic","Phyrexia: All Will Be One","Necrogen Communion","","99","U","Near Mint","0.16","0.11","1.3900","0.0800","0","0","0.1500",""
"6928000","Magic","Phyrexia: All Will Be One","Nissa, Ascended Animist","","175","M","Near Mint","1.74","2.62","2.6000","1.2900","0","0","1.3800",""
"6934183","Magic","Phyrexia: All Will Be One","Norn's Wellspring","","24","R","Near Mint","0.20","0.19","1.4100","0.1000","0","0","0.1500",""
"6936335","Magic","Phyrexia: All Will Be One","Norn's Wellspring (Extended Art)","","375","R","Lightly Played","0.26","","1.5000","0.1900","1","0","0.2000",""
"6934103","Magic","Phyrexia: All Will Be One","Ossification","","26","U","Near Mint","0.20","0.12","1.3800","0.0700","0","0","0.1500",""
"6935389","Magic","Phyrexia: All Will Be One","Ovika, Enigma Goliath","","213","R","Near Mint","0.26","","1.4900","0.1800","0","0","0.1900",""
"6928580","Magic","Phyrexia: All Will Be One","Paladin of Predation","","178","U","Near Mint","0.07","0.05","1.3200","0.0100","0","0","0.1500",""
"6934749","Magic","Phyrexia: All Will Be One","Phyrexian Arena","","104","R","Near Mint","2.03","1.98","2.8100","1.5000","0","0","1.6000",""
"6911190","Magic","Phyrexia: All Will Be One","Phyrexian Obliterator","","105","M","Near Mint","6.64","6.63","6.6700","6.6700","0","0","3.3200",""
"6913790","Magic","Phyrexia: All Will Be One","Phyrexian Obliterator (Showcase)","","308","M","Near Mint","7.17","8.65","6.7200","5.5200","0","0","3.5800",""
"6947775","Magic","Phyrexia: All Will Be One","Phyrexian Vindicator","","27","M","Near Mint","7.79","7.77","7.7900","7.7900","0","0","7.7900",""
"6949404","Magic","Phyrexia: All Will Be One","Quicksilver Fisher (Showcase)","","287","C","Near Mint","0.04","0.01","1.3200","0.0100","0","0","0.1500",""
"6930988","Magic","Phyrexia: All Will Be One","Razorverge Thicket","","257","R","Near Mint","0.46","0.30","1.5600","0.2500","0","0","0.2900",""
"6955879","Magic","Phyrexia: All Will Be One","Rebel Salvo","","144","U","Near Mint","0.09","0.06","1.3400","0.0300","1","0","0.1500",""
"6964999","Magic","Phyrexia: All Will Be One","Red Sun's Twilight","","145","R","Near Mint","0.13","0.13","1.3900","0.0800","1","0","0.1500",""
"6938779","Magic","Phyrexia: All Will Be One","Rhuk, Hexgold Nabber","","407","R","Near Mint","0.17","0.04","1.3900","0.0800","1","0","0.1500",""
"6954926","Magic","Phyrexia: All Will Be One","Ria Ivor, Bane of Bladehold","","214","R","Near Mint","0.14","","1.3900","0.0800","0","0","0.1500",""
"6955006","Magic","Phyrexia: All Will Be One","Ria Ivor, Bane of Bladehold (Showcase)","","323","R","Near Mint","0.21","0.19","1.4100","0.1000","0","0","0.1500",""
"6950874","Magic","Phyrexia: All Will Be One","Rustvine Cultivator","","181","C","Near Mint","0.03","0.01","1.3200","0.0100","0","0","0.1500",""
"6961099","Magic","Phyrexia: All Will Be One","Ruthless Predation","","182","C","Near Mint","0.06","0.01","1.3200","0.0100","0","0","0.1500",""
"6942716","Magic","Phyrexia: All Will Be One","Sawblade Scamp","","147","C","Near Mint","0.07","0.01","1.3300","0.0200","0","0","0.1500",""
"6946590","Magic","Phyrexia: All Will Be One","Scheming Aspirant","","107","U","Near Mint","0.09","0.09","1.3600","0.0500","1","0","0.1500",""
"6931068","Magic","Phyrexia: All Will Be One","Seachrome Coast","","258","R","Near Mint","0.31","0.32","1.4600","0.1100","0","0","0.1500",""
"6940949","Magic","Phyrexia: All Will Be One","Seachrome Coast (Borderless)","","374","R","Near Mint","1.06","0.75","1.9900","0.6800","0","0","0.7300",""
"6947947","Magic","Phyrexia: All Will Be One","Serum Snare","","68","U","Near Mint","0.11","0.12","1.3900","0.0800","1","0","0.1500",""
"6937909","Magic","Phyrexia: All Will Be One","Serum Sovereign","","405","R","Near Mint","0.14","0.14","1.3800","0.0700","1","0","0.1500",""
"6934829","Magic","Phyrexia: All Will Be One","Sheoldred's Edict","","108","U","Near Mint","0.65","0.65","1.7300","0.4200","0","0","0.4700",""
"6928938","Magic","Phyrexia: All Will Be One","Skrelv, Defector Mite","","33","R","Near Mint","1.68","1.91","2.3100","1.0000","0","0","1.1300",""
"6929018","Magic","Phyrexia: All Will Be One","Skrelv, Defector Mite (Showcase)","","301","R","Near Mint","1.91","2.44","2.1600","0.8500","0","0","1.0600",""
"6929023","Magic","Phyrexia: All Will Be One","Skrelv, Defector Mite (Showcase)","","301","R","Near Mint Foil","2.48","3.99","3.4400","2.1300","0","0","2.2000",""
"6929178","Magic","Phyrexia: All Will Be One","Skrelv's Hive","","34","R","Near Mint","0.92","0.68","1.7800","0.4700","0","0","0.5600",""
"6962539","Magic","Phyrexia: All Will Be One","Skyscythe Engulfer","","183","C","Near Mint","0.06","0.01","1.3200","0.0100","0","0","0.1500",""
"6911430","Magic","Phyrexia: All Will Be One","Slobad, Iron Goblin","","149","R","Near Mint","0.08","0.02","1.3300","0.0200","4","0","0.1500",""
"6955724","Magic","Phyrexia: All Will Be One","Soulless Jailer","","241","R","Near Mint","0.41","0.40","1.6900","0.3800","0","0","0.3900",""
"6955809","Magic","Phyrexia: All Will Be One","Soulless Jailer (Extended Art)","","397","R","Near Mint","1.22","1.49","1.7900","0.4800","0","0","0.6300",""
"6955814","Magic","Phyrexia: All Will Be One","Soulless Jailer (Extended Art)","","397","R","Near Mint Foil","3.30","2.75","3.5600","2.2500","1","0","2.7700",""
"6933541","Magic","Phyrexia: All Will Be One","Staff of Compleation","","242","M","Near Mint","3.38","3.45","3.5100","2.2000","0","0","2.8100",""
"6938644","Magic","Phyrexia: All Will Be One","Sword of Forge and Frontier","","244","M","Near Mint","8.76","8.00","8.8000","8.8000","0","0","8.0100",""
"6949148","Magic","Phyrexia: All Will Be One","Tablet of Compleation","","245","R","Near Mint","0.12","","1.3500","0.0300","1","0","0.1500",""
"6949308","Magic","Phyrexia: All Will Be One","Tekuthal, Inquiry Dominus","","71","M","Near Mint","2.83","2.82","3.6100","2.3000","0","0","2.4100",""
"6966724","Magic","Phyrexia: All Will Be One","Terramorphic Expanse","","261","C","Near Mint","0.13","0.11","1.3900","0.0800","0","0","0.1500",""
"6965479","Magic","Phyrexia: All Will Be One","Testament Bearer","","111","C","Near Mint","0.05","0.01","1.3200","0.0100","0","0","0.1500",""
"6954375","Magic","Phyrexia: All Will Be One","The Autonomous Furnace","","247","C","Near Mint","0.07","0.05","1.3300","0.0200","4","0","0.1500",""
"6954380","Magic","Phyrexia: All Will Be One","The Autonomous Furnace","","247","C","Near Mint Foil","0.16","0.06","1.3400","0.0300","1","0","0.1500",""
"6954295","Magic","Phyrexia: All Will Be One","The Dross Pits","","251","C","Near Mint","0.06","0.05","1.3300","0.0200","5","0","0.1500",""
"6928400","Magic","Phyrexia: All Will Be One","The Eternal Wanderer","","11","R","Near Mint","0.86","0.83","1.7900","0.4800","0","0","0.5500",""
"6928405","Magic","Phyrexia: All Will Be One","The Eternal Wanderer","","11","R","Near Mint Foil","1.29","1.25","2.0900","0.7800","0","0","0.8800",""
"6954135","Magic","Phyrexia: All Will Be One","The Fair Basilica","","252","C","Near Mint","0.07","0.07","1.3500","0.0400","5","0","0.1500",""
"6944301","Magic","Phyrexia: All Will Be One","The Filigree Sylex","","227","R","Near Mint","0.21","0.25","1.3600","0.0500","0","0","0.1500",""
"6944306","Magic","Phyrexia: All Will Be One","The Filigree Sylex","","227","R","Near Mint Foil","0.29","0.25","1.5000","0.1900","0","0","0.2100",""
"6954455","Magic","Phyrexia: All Will Be One","The Hunter Maze","","253","C","Near Mint","0.06","0.05","1.3300","0.0200","1","0","0.1500",""
"6935799","Magic","Phyrexia: All Will Be One","The Monumental Facade","","255","R","Near Mint","0.10","0.11","1.3300","0.0200","4","0","0.1500",""
"6946830","Magic","Phyrexia: All Will Be One","The Mycosynth Gardens","","256","R","Near Mint","0.57","0.57","1.7900","0.4800","0","0","0.5000",""
"6946835","Magic","Phyrexia: All Will Be One","The Mycosynth Gardens","","256","R","Near Mint Foil","2.17","2.15","2.6600","1.3500","0","0","1.5100",""
"6966804","Magic","Phyrexia: All Will Be One","The Mycosynth Gardens (Extended Art)","","402","R","Near Mint","2.46","2.58","3.0600","1.7500","0","0","1.8900",""
"6931173","Magic","Phyrexia: All Will Be One","The Seedcore","","259","R","Near Mint","0.22","0.24","1.3900","0.0800","0","0","0.1500",""
"6954215","Magic","Phyrexia: All Will Be One","The Surgical Bay","","260","C","Near Mint","0.06","0.05","1.3200","0.0100","3","0","0.1500",""
"6961344","Magic","Phyrexia: All Will Be One","Thirsting Roots","","185","C","Near Mint Foil","0.50","0.50","1.6600","0.3500","1","0","0.3800",""
"6965319","Magic","Phyrexia: All Will Be One","Thrill of Possibility","","151","C","Near Mint","0.09","","1.3600","0.0500","1","0","0.1500",""
"6955161","Magic","Phyrexia: All Will Be One","Thrun, Breaker of Silence","","186","R","Near Mint","0.21","0.13","1.4000","0.0900","0","0","0.1500",""
"6955241","Magic","Phyrexia: All Will Be One","Thrun, Breaker of Silence (Borderless)","","331","R","Near Mint","0.29","0.20","1.4800","0.1700","0","0","0.1900",""
"6955246","Magic","Phyrexia: All Will Be One","Thrun, Breaker of Silence (Borderless)","","331","R","Near Mint Foil","0.38","","1.5300","0.2200","0","0","0.2600",""
"6961979","Magic","Phyrexia: All Will Be One","Tyrranax Atrocity","","188","C","Near Mint","0.07","0.05","1.3500","0.0400","0","0","0.1500",""
"6930158","Magic","Phyrexia: All Will Be One","Tyvar, Jubilant Brawler","","218","R","Near Mint","0.41","0.40","1.4600","0.1500","0","0","0.2000",""
"6932355","Magic","Phyrexia: All Will Be One","Tyvar, Jubilant Brawler (Borderless)","","344","R","Near Mint","0.75","0.73","1.8900","0.5800","0","0","0.6100",""
"6945350","Magic","Phyrexia: All Will Be One","Tyvar's Stand","","190","U","Near Mint","1.03","1.00","1.8100","0.5000","1","0","0.6100",""
"6945355","Magic","Phyrexia: All Will Be One","Tyvar's Stand","","190","U","Near Mint Foil","1.41","1.75","2.2600","0.9500","0","0","1.0400",""
"6954736","Magic","Phyrexia: All Will Be One","Unctus, Grand Metatect","","75","R","Near Mint","0.33","0.32","1.4500","0.1400","0","0","0.1800",""
"6954816","Magic","Phyrexia: All Will Be One","Unctus, Grand Metatect (Showcase)","","303","R","Near Mint","0.26","0.27","1.4100","0.0600","0","0","0.1500",""
"6954821","Magic","Phyrexia: All Will Be One","Unctus, Grand Metatect (Showcase)","","303","R","Near Mint Foil","0.42","0.29","1.5900","0.2800","0","0","0.3100",""
"6963259","Magic","Phyrexia: All Will Be One","Unctus's Retrofitter","","76","U","Near Mint","0.04","0.01","1.3200","0.0100","0","0","0.1500",""
"6942316","Magic","Phyrexia: All Will Be One","Unnatural Restoration","","191","U","Near Mint","0.35","0.35","1.6100","0.3000","0","0","0.3000",""
"6942321","Magic","Phyrexia: All Will Be One","Unnatural Restoration","","191","U","Near Mint Foil","0.59","0.56","1.6000","0.2900","0","0","0.3500",""
"6957238","Magic","Phyrexia: All Will Be One","Vat Emergence","","112","U","Near Mint","0.13","0.10","1.3900","0.0800","2","0","0.1500",""
"6957243","Magic","Phyrexia: All Will Be One","Vat Emergence","","112","U","Near Mint Foil","0.25","0.15","1.4300","0.1200","1","0","0.1500",""
"6950954","Magic","Phyrexia: All Will Be One","Vat of Rebirth","","113","U","Near Mint","0.19","0.20","1.4100","0.1000","0","0","0.1500",""
"6934989","Magic","Phyrexia: All Will Be One","Venerated Rotpriest","","192","R","Near Mint","1.01","0.96","2.2400","0.9300","0","0","0.9400",""
"6956315","Magic","Phyrexia: All Will Be One","Venomous Brutalizer","","193","U","Near Mint","0.10","0.08","1.3800","0.0700","12","0","0.1500",""
"6956320","Magic","Phyrexia: All Will Be One","Venomous Brutalizer","","193","U","Near Mint Foil","0.12","0.05","1.3700","0.0600","2","0","0.1500",""
"6935229","Magic","Phyrexia: All Will Be One","Venser, Corpse Puppet","","219","R","Near Mint","0.16","0.14","1.3600","0.0500","1","0","0.1500",""
"6934909","Magic","Phyrexia: All Will Be One","Vindictive Flamestoker","","154","R","Near Mint","0.11","0.11","1.3200","0.0100","3","0","0.1500",""
"6934914","Magic","Phyrexia: All Will Be One","Vindictive Flamestoker","","154","R","Near Mint Foil","0.17","0.15","1.4100","0.1000","1","0","0.1500",""
"6941829","Magic","Phyrexia: All Will Be One","Volt Charge","","155","C","Near Mint","0.10","0.02","1.3400","0.0300","0","0","0.1500",""
"6946430","Magic","Phyrexia: All Will Be One","Vraan, Executioner Thane","","114","R","Near Mint","0.25","0.26","1.4600","0.1500","0","0","0.1700",""
"6946435","Magic","Phyrexia: All Will Be One","Vraan, Executioner Thane","","114","R","Near Mint Foil","0.54","0.49","1.7500","0.4400","0","0","0.4600",""
"6949604","Magic","Phyrexia: All Will Be One","Vraan, Executioner Thane (Showcase)","","309","R","Near Mint","0.36","0.26","1.5500","0.0500","0","0","0.1500",""
"6928080","Magic","Phyrexia: All Will Be One","Vraska, Betrayal's Sting","","115","M","Near Mint","5.89","5.88","5.8900","5.8900","0","0","5.4200",""
"6929343","Magic","Phyrexia: All Will Be One","White Sun's Twilight","","38","R","Near Mint","1.23","1.38","2.0100","0.7000","0","0","0.8100",""
"6929348","Magic","Phyrexia: All Will Be One","White Sun's Twilight","","38","R","Near Mint Foil","2.12","4.99","2.4000","0.9000","0","0","1.3000",""
"6935569","Magic","Phyrexia: All Will Be One","Zenith Chronicler","","246","R","Near Mint","0.37","","1.5000","0.1900","0","0","0.2300",""
"26179","Magic","Planar Chaos","Chronozoa","","37","R","Near Mint","6.07","12.47","4.9600","3.6500","0","0","4.8600",""
"375746","Magic","Planar Chaos","Chronozoa","","37","R","Lightly Played","4.99","5.42","4.9500","3.6400","1","0","4.3200",""
"26184","Magic","Planar Chaos","Damnation","","85","R","Near Mint","21.94","","20.7000","20.7000","0","0","21.0700",""
"26188","Magic","Planar Chaos","Dead // Gone","","113","C","Near Mint","0.23","","1.4600","0.1500","2","0","0.1500",""
"26215","Magic","Planar Chaos","Groundbreaker","","148","R","Near Mint","1.51","","2.1000","0.7900","0","0","0.9300",""
"26265","Magic","Planar Chaos","Pyrohemia","","119","U","Near Mint","10.74","","11.8000","10.8100","0","0","10.8100",""
"26277","Magic","Planar Chaos","Roiling Horror","","79","R","Near Mint","0.23","","1.5100","0.2000","0","0","0.2100",""
"397379","Magic","Planechase","Boros Signet","","107","C","Near Mint","0.95","","2.1700","0.8600","1","0","0.8600",""
"406067","Magic","Planechase","Iron Myr","","115","C","Lightly Played","1.68","","2.8700","1.5600","0","0","1.5800",""
"933094","Magic","Planechase 2012","Beast Within","","57","U","Near Mint","1.50","","2.5000","1.1900","1","0","1.1900",""
"3251987","Magic","Planechase Anthology","Beast Within","","57","U","Moderately Played","1.48","","2.5300","1.2200","1","0","1.2700",""
"3251988","Magic","Planechase Anthology","Beast Within","","57","U","Heavily Played","","","6.5700","4.3300","0","0","4.3300",""
"21236","Magic","Planeshift","Dromar's Cavern","","138","U","Near Mint","0.58","","1.7100","0.4000","0","0","0.4400",""
"21269","Magic","Planeshift","Magnigoth Treefolk","","82","R","Near Mint","0.37","","1.6300","0.3200","0","0","0.3300",""
"21279","Magic","Planeshift","Mogg Sentry","","69","R","Near Mint","0.34","0.34","1.6100","0.3000","0","0","0.3100",""
"21326","Magic","Planeshift","Star Compass","","134","U","Near Mint","0.74","","1.8100","0.5000","0","0","0.5500",""
"363364","Magic","Portal Second Age","Armageddon","","","R","Lightly Played","34.17","","38.5000","38.5000","0","0","38.5000",""
"14649","Magic","Portal Second Age","Festival of Trokin","","","C","Near Mint","1.10","","2.3100","1.0000","1","0","1.0600",""
"7976717","Magic","Prerelease Cards","Arna Kennerud, Skycaptain","","178","M","Near Mint Foil","1.21","","2.5200","1.2100","0","0","1.2100",""
"1280231","Magic","Prerelease Cards","Atarka, World Render","","149","P","Near Mint Foil","3.98","","4.7900","3.4800","0","0","3.7300",""
"3570607","Magic","Prerelease Cards","Blood Sun","","92","R","Near Mint Foil","1.11","","2.3000","0.9900","0","0","1.0100",""
"4599936","Magic","Prerelease Cards","Forsaken Monument","","244","M","Near Mint Foil","12.96","","12.8700","12.8700","1","0","12.8700",""
"7227296","Magic","Prerelease Cards","Gandalf, Friend of the Shire","","401","U","Near Mint Foil","1.13","","1.9700","0.6600","0","0","0.7500",""
"5225431","Magic","Prerelease Cards","Haunted Ridge","","263","R","Near Mint Foil","6.00","","7.3100","6.0000","0","0","6.0000",""
"5128132","Magic","Prerelease Cards","Hobgoblin Bandit Lord","","147","R","Near Mint Foil","13.18","","13.5100","13.5100","0","0","13.5100",""
"5787709","Magic","Prerelease Cards","Karn, Living Legacy","","1","M","Near Mint Foil","2.65","","3.7300","2.4200","0","0","2.4700",""
"6733637","Magic","Prerelease Cards","Liberator, Urza's Battlethopter","","237","R","Near Mint Foil","6.66","","11.9900","8.0000","0","0","8.0000",""
"4494113","Magic","Prerelease Cards","Massacre Wurm","","114","M","Near Mint Foil","8.58","","13.5700","8.5800","0","0","8.5800",""
"3966952","Magic","Prerelease Cards","Mirror March","","108","R","Near Mint Foil","2.72","","4.8100","3.5000","0","0","3.5000",""
"4039060","Magic","Prerelease Cards","Narset, Parter of Veils","","61","U","Near Mint Foil","6.55","","7.0800","7.0800","0","0","7.4600",""
"7975797","Magic","Prerelease Cards","Necrodominance","","102","M","Near Mint Foil","7.09","","7.2200","5.9500","0","0","6.5200",""
"3770726","Magic","Prerelease Cards","Sai, Master Thopterist","","69","R","Near Mint Foil","3.59","","4.9000","3.5900","0","0","3.5000",""
"8353756","Magic","Prerelease Cards","Sire of Seven Deaths","","1","M","Near Mint Foil","29.20","","31.1900","29.2000","0","0","29.2000",""
"5032100","Magic","Prerelease Cards","Svyelun of Sea and Sky","","69","M","Near Mint Foil","2.50","","3.8000","2.4900","0","0","2.4900",""
"3890944","Magic","Prerelease Cards","Thousand-Year Storm","","207","M","Near Mint Foil","2.78","","3.0500","1.7400","0","0","1.9500",""
"8661331","Magic","Prerelease Cards","Ureni, the Song Unending","","233","M","Near Mint Foil","10.94","","9.7300","9.7300","0","0","10.3400",""
"5530498","Magic","Prerelease Cards","Ziatora's Proving Ground","","261","R","Near Mint Foil","8.56","","10.0000","8.7800","0","0","10.0000",""
"5123787","Magic","Promo Pack: Adventures in the Forgotten Realms","Fighter Class","","222","R","Near Mint","12.18","","12.0700","11.1700","0","0","11.6800",""
"5123287","Magic","Promo Pack: Adventures in the Forgotten Realms","Ranger Class","","202","R","Near Mint","1.76","","3.0900","1.7800","0","0","1.7800",""
"5074295","Magic","Promo Pack: Adventures in the Forgotten Realms","You Find the Villains' Lair","","399","P","Near Mint","0.47","","1.7200","0.4100","0","0","0.4200",""
"4128538","Magic","Promo Pack: Core Set 2020","Leyline of Anticipation","","64","R","Near Mint","2.17","","3.5100","2.2000","0","0","2.2000",""
"4480818","Magic","Promo Pack: Core Set 2021","Atarka, World Render","","149","R","Near Mint Foil","4.86","","23.2800","21.2900","0","0","21.2900",""
"6986846","Magic","Promo Pack: Phyrexia: All Will Be One","Nissa, Ascended Animist","","175","M","Near Mint","8.21","","8.4500","7.5000","0","0","7.8600",""
"6716630","Magic","Promo Pack: The Brothers' War","Flow of Knowledge","","381","P","Near Mint","0.52","","1.6300","0.3200","1","0","0.3600",""
"6726274","Magic","Promo Pack: The Brothers' War","Soul Partition","","26","R","Near Mint","0.55","","1.6500","0.3400","1","0","0.3800",""
"4329440","Magic","Promo Pack: Theros Beyond Death","Heliod's Intervention","","19","R","Near Mint","2.05","","4.4500","3.0000","0","0","3.1400",""
"4225969","Magic","Promo Pack: Throne of Eldraine","Blood Crypt","","245","R","Near Mint","17.86","","19.9500","19.9500","1","0","19.9500",""
"4235977","Magic","Promo Pack: Throne of Eldraine","Dance of the Manse","","186","R","Near Mint","0.70","","2.0100","0.7000","0","0","0.7000",""
"4235982","Magic","Promo Pack: Throne of Eldraine","Dance of the Manse","","186","R","Near Mint Foil","0.81","","2.0600","0.7500","1","0","0.7600",""
"4232435","Magic","Promo Pack: Throne of Eldraine","Emry, Lurker of the Loch","","43","R","Near Mint","2.73","1.89","2.3600","1.0500","0","0","1.3900",""
"4234713","Magic","Promo Pack: Throne of Eldraine","Torbran, Thane of Red Fell","","147","R","Near Mint","3.46","","7.1800","7.1800","0","0","3.5000",""
"20730","Magic","Prophecy","Abolish","","1","U","Near Mint","0.52","","1.8100","0.5000","1","0","0.5000",""
"354283","Magic","Prophecy","Dual Nature","","112","R","Heavily Played","0.98","","2.2400","0.9300","0","0","0.9400",""
"20823","Magic","Prophecy","Rhystic Study","","45","C","Near Mint","53.55","53.00","39.3100","38.0000","0","0","42.6600",""
"370104","Magic","Prophecy","Rhystic Study","","45","C","Lightly Played","43.50","43.88","41.9800","39.9900","0","0","41.0400",""
"20834","Magic","Prophecy","Sheltering Prayers","","22","R","Near Mint","0.27","","1.4600","0.1500","1","0","0.1700",""
"3926411","Magic","Ravnica Allegiance","Bedevil","","157","R","Near Mint","0.43","0.48","1.5600","0.2500","1","0","0.2800",""
"3929076","Magic","Ravnica Allegiance","Breeding Pool","","246","R","Near Mint","8.13","8.88","7.4900","6.5000","0","0","7.3200",""
"3929016","Magic","Ravnica Allegiance","Godless Shrine","","248","R","Near Mint","7.61","8.34","6.9700","5.6600","0","0","6.7200",""
"3925927","Magic","Ravnica Allegiance","Growth Spiral","","178","C","Near Mint","0.25","0.20","1.4300","0.1200","0","0","0.1500",""
"3943720","Magic","Ravnica Allegiance","Guardian Project","","130","R","Near Mint","7.99","8.29","7.9900","7.9900","0","0","7.9900",""
"3928966","Magic","Ravnica Allegiance","Hallowed Fountain","","251","R","Near Mint","10.86","11.12","10.9900","10.0000","0","0","10.2900",""
"3938030","Magic","Ravnica Allegiance","High Alert","","182","U","Near Mint","0.30","","1.5400","0.2300","1","0","0.2400",""
"3927275","Magic","Ravnica Allegiance","Incubation // Incongruity","","226","U","Near Mint","0.10","","1.3600","0.0500","1","0","0.1500",""
"3925972","Magic","Ravnica Allegiance","Lavinia, Azorius Renegade","","189","R","Near Mint","0.53","","1.7100","0.4000","0","0","0.4300",""
"3944050","Magic","Ravnica Allegiance","Nikya of the Old Ways","","193","R","Near Mint","0.27","0.25","1.5100","0.2000","0","0","0.2100",""
"3937190","Magic","Ravnica Allegiance","Rampage of the Clans","","134","R","Near Mint","0.42","0.33","1.6200","0.3100","0","0","0.3300",""
"3944380","Magic","Ravnica Allegiance","Rhythm of the Wild","","201","U","Near Mint","2.69","2.69","3.6100","2.3000","0","0","2.3800",""
"3925897","Magic","Ravnica Allegiance","Simic Ascendancy","","207","R","Near Mint","0.47","0.49","1.6200","0.3100","0","0","0.3400",""
"3936730","Magic","Ravnica Allegiance","Smothering Tithe","","22","R","Near Mint","35.02","38.40","34.9100","33.9200","0","0","34.1800",""
"3929066","Magic","Ravnica Allegiance","Stomping Ground","","259","R","Near Mint","6.26","6.75","5.9900","5.0000","0","0","5.6300",""
"3929873","Magic","Ravnica Allegiance","Teysa Karlov","","212","R","Near Mint","1.40","1.49","2.3200","1.0100","0","0","1.0900",""
"3959983","Magic","Ravnica Allegiance","Tower Defense","","147","U","Near Mint","0.12","0.18","1.3700","0.0600","0","0","0.1500",""
"3959763","Magic","Ravnica Allegiance","Vindictive Vampire","","90","U","Near Mint","0.18","0.20","1.4000","0.0900","1","0","0.1500",""
"3941715","Magic","Ravnica Allegiance","Warrant // Warden","","230","R","Near Mint","0.09","0.08","1.3300","0.0200","2","0","0.1500",""
"3926378","Magic","Ravnica Allegiance","Zegana, Utopian Speaker","","214","R","Near Mint","0.31","","1.4400","0.1300","0","0","0.1700",""
"3972061","Magic","Ravnica Allegiance: Guild Kits","Birds of Paradise","","82","R","Near Mint","9.85","","10.5200","9.2500","0","0","9.5500",""
"3971226","Magic","Ravnica Allegiance: Guild Kits","Hover Barrier","","6","U","Near Mint","0.89","","2.1800","0.8700","1","0","0.8700",""
"3973686","Magic","Ravnica Allegiance: Guild Kits","Orzhov Signet","","48","C","Near Mint","0.51","","1.6000","0.2900","2","0","0.3300",""
"3973261","Magic","Ravnica Allegiance: Guild Kits","Simic Signet","","130","U","Near Mint","0.31","","1.5600","0.2500","1","0","0.2600",""
"3972631","Magic","Ravnica Allegiance: Guild Kits","Ulasht, the Hate Seed","","100","R","Near Mint","0.27","","1.5100","0.2000","0","0","0.2100",""
"7443767","Magic","Ravnica Remastered","Birds of Paradise","","133","R","Near Mint","11.95","18.97","11.8100","10.5000","0","0","11.2200",""
"7603383","Magic","Ravnica Remastered","Guardian Project (Retro Frame)","","349","M","Near Mint","10.67","12.98","9.9600","8.6500","0","0","9.6600",""
"7445139","Magic","Ravnica Remastered","Hallowed Fountain (Borderless)","","295","R","Near Mint","19.23","19.61","19.9900","19.0000","0","0","19.1200",""
"7603658","Magic","Ravnica Remastered","Illusionist's Bracers","","260","R","Near Mint Foil","4.46","4.42","4.8000","3.4900","0","0","3.9800",""
"7616880","Magic","Ravnica Remastered","Karn, the Great Creator","","1","M","Near Mint","4.22","","4.9100","3.6000","0","0","3.9100",""
"7631161","Magic","Ravnica Remastered","Karn's Bastion (Retro Frame)","","464","R","Lightly Played","2.31","","2.2600","0.9500","0","0","1.2500",""
"7630095","Magic","Ravnica Remastered","Lavinia, Azorius Renegade (Retro Frame)","","370","R","Near Mint Foil","0.49","0.25","1.5600","0.2500","1","0","0.3000",""
"7607345","Magic","Ravnica Remastered","Pack Rat (Anime Borderless)","","426","R","Near Mint Foil","4.60","4.14","5.0100","5.0100","0","0","4.1500",""
"7631720","Magic","Ravnica Remastered","Pithing Needle (Retro Frame)","","463","R","Near Mint","1.67","2.36","2.2000","0.8900","0","0","1.0500",""
"7444929","Magic","Ravnica Remastered","Sacred Foundry (Borderless)","","297","R","Near Mint","14.15","14.15","13.4100","12.1900","0","0","13.1700",""
"7442302","Magic","Ravnica Remastered","Temple Garden","","290","R","Near Mint Foil","16.10","14.96","15.2700","15.2700","0","0","15.6900",""
"374534","Magic","Ravnica: City of Guilds","Birds of Paradise","","153","R","Lightly Played","10.06","","10.8800","9.6100","0","0","9.8400",""
"374544","Magic","Ravnica: City of Guilds","Boros Signet","","255","C","Lightly Played","0.62","0.60","1.7500","0.4400","0","0","0.4700",""
"24997","Magic","Ravnica: City of Guilds","Cloudstone Curio","","257","R","Near Mint","9.08","","9.8600","8.3300","0","0","8.7100",""
"25001","Magic","Ravnica: City of Guilds","Concerted Effort","","8","R","Near Mint","5.35","10.05","5.3000","3.7700","1","0","4.5600",""
"374642","Magic","Ravnica: City of Guilds","Golgari Signet","","262","C","Lightly Played","0.30","","1.5500","0.2400","1","0","0.2500",""
"25179","Magic","Ravnica: City of Guilds","Selesnya Signet","","270","C","Near Mint","0.60","0.67","1.8000","0.4900","2","0","0.5100",""
"374746","Magic","Ravnica: City of Guilds","Selesnya Signet","","270","C","Lightly Played","0.40","0.52","1.6900","0.3800","0","0","0.3800",""
"374767","Magic","Ravnica: City of Guilds","Sunforger","","272","R","Lightly Played","3.48","","4.4500","3.1400","0","0","3.3100",""
"25203","Magic","Ravnica: City of Guilds","Suppression Field","","31","U","Near Mint","0.87","","1.8300","0.5200","1","0","0.5900",""
"7695718","Magic","Ravnica: Clue Edition","Gruul Signet","","223","C","Near Mint","0.44","","1.7000","0.3900","1","0","0.4000",""
"1043616","Magic","Return to Ravnica","Ash Zealot","","86","R","Near Mint","0.29","","1.4600","0.1500","0","0","0.1800",""
"1043416","Magic","Return to Ravnica","Cyclonic Rift","","35","R","Near Mint","25.73","26.24","25.4100","24.1000","0","0","24.5900",""
"1044639","Magic","Return to Ravnica","Grave Betrayal","","67","R","Lightly Played","1.99","1.49","3.0000","1.2500","0","0","1.4000",""
"1042513","Magic","Return to Ravnica","Hallowed Fountain","","241","R","Near Mint","11.46","11.68","11.9800","11.9800","0","0","11.2300",""
"1042539","Magic","Return to Ravnica","Hypersonic Dragon","","170","R","Near Mint","0.23","0.22","1.4700","0.1600","0","0","0.1700",""
"1042559","Magic","Return to Ravnica","Overgrown Tomb","","243","R","Near Mint","11.88","14.51","11.4900","10.5000","0","0","11.2000",""
"1044001","Magic","Return to Ravnica","Rogue's Passage","","245","U","Near Mint","0.33","","1.5600","0.2500","0","0","0.2600",""
"1044586","Magic","Return to Ravnica","Search Warrant","","193","C","Heavily Played","","","1.3700","0.0600","1","0","0.1500",""
"1043938","Magic","Return to Ravnica","Sphere of Safety","","24","U","Near Mint","2.32","3.05","2.8900","1.5800","0","0","1.7300",""
"1044618","Magic","Return to Ravnica","Sphere of Safety","","24","U","Lightly Played","2.15","2.69","2.5100","1.2000","0","0","1.4400",""
"1043551","Magic","Return to Ravnica","Sphinx's Revelation","","200","M","Near Mint","0.68","","1.8700","0.5600","1","0","0.5600",""
"1045309","Magic","Return to Ravnica","Utvara Hellkite","","110","M","Near Mint","10.12","14.69","10.0400","8.7300","0","0","9.4300",""
"1043940","Magic","Return to Ravnica","Vandalblast","","111","U","Near Mint","1.56","1.99","2.5800","1.2700","0","0","1.3300",""
"1045311","Magic","Return to Ravnica","Volatile Rig","","236","R","Near Mint","0.18","","1.4000","0.0900","1","0","0.1500",""
"1043186","Magic","Return to Ravnica","Worldspine Wurm","","140","M","Near Mint","1.58","","2.7100","1.2100","0","0","1.2900",""
"364421","Magic","Revised Edition","Armageddon","","","R","Lightly Played","12.02","","10.5000","10.5000","1","0","11.2800",""
"385446","Magic","Rise of the Eldrazi","Boar Umbra","","179","U","Near Mint","0.30","0.24","1.4600","0.1500","1","0","0.1800",""
"385284","Magic","Rise of the Eldrazi","Coralhelm Commander","","57","R","Near Mint","0.40","","1.6000","0.2900","1","0","0.2900",""
"385390","Magic","Rise of the Eldrazi","Gideon Jura","","21","M","Near Mint","0.85","","2.0100","0.7000","0","0","0.7300",""
"385245","Magic","Rise of the Eldrazi","Sea Gate Oracle","","85","C","Near Mint","0.18","0.20","1.3800","0.0700","1","0","0.1500",""
"385391","Magic","Rise of the Eldrazi","Soul's Attendant","","44","C","Near Mint","5.08","5.98","5.0000","3.6900","0","0","4.4000",""
"825581","Magic","Rise of the Eldrazi","Student of Warfare","","47","R","Heavily Played Foil","0.75","","1.9600","0.6500","1","0","0.6700",""
"3569104","Magic","Rivals of Ixalan","Blood Sun","","92","R","Near Mint","0.27","","1.5400","0.2300","0","0","0.2400",""
"3569144","Magic","Rivals of Ixalan","Charging Tuskodon","","97","U","Near Mint","0.25","","1.4300","0.1200","1","0","0.1500",""
"3567935","Magic","Rivals of Ixalan","Evolving Wilds","","186","C","Near Mint","0.14","","1.3600","0.0500","1","0","0.1500",""
"3568905","Magic","Rivals of Ixalan","Flood of Recollection","","38","U","Lightly Played","0.21","","1.4100","0.1000","1","0","0.1500",""
"3568944","Magic","Rivals of Ixalan","Forerunner of the Legion","","9","U","Near Mint","1.11","2.37","1.6900","0.3800","0","0","0.5300",""
"3567840","Magic","Rivals of Ixalan","Ghalta, Primal Hunger","","130","R","Near Mint","1.10","1.99","1.9300","0.6200","0","0","0.7200",""
"3569074","Magic","Rivals of Ixalan","Golden Guardian","","179","R","Near Mint","1.05","1.60","2.0200","0.7100","0","0","0.7800",""
"3567717","Magic","Rivals of Ixalan","Kumena, Tyrant of Orazca","","162","M","Near Mint","0.65","0.68","1.5600","0.2500","0","0","0.3300",""
"3568217","Magic","Rivals of Ixalan","Merfolk Mistbinder","","164","U","Near Mint","0.20","0.11","1.4200","0.1100","1","0","0.1500",""
"3570094","Magic","Rivals of Ixalan","Mist-Cloaked Herald","","43","C","Near Mint","0.34","","1.5900","0.2800","0","0","0.2700",""
"3568277","Magic","Rivals of Ixalan","Seafloor Oracle","","51","R","Near Mint","0.24","0.23","1.4000","0.0600","0","0","0.1500",""
"3569034","Magic","Rivals of Ixalan","Sphinx's Decree","","24","R","Near Mint","0.13","","1.3700","0.0600","0","0","0.1500",""
"3567910","Magic","Rivals of Ixalan","The Immortal Sun","","180","M","Near Mint","10.48","13.12","9.9000","8.9100","0","0","10.1900",""
"3570064","Magic","Rivals of Ixalan","Wayward Swordtooth","","150","R","Near Mint","3.10","4.30","3.6200","2.3100","0","0","2.7100",""
"24495","Magic","Saviors of Kamigawa","Freed from the Real","","38","C","Near Mint","10.08","7.17","8.4700","8.4700","0","0","9.3500",""
"24546","Magic","Saviors of Kamigawa","Mikokoro, Center of the Sea","","162","R","Near Mint","6.28","","5.8800","4.5700","0","0","5.4300",""
"393739","Magic","Scars of Mirrodin","Clone Shell","","143","U","Near Mint","0.20","","1.3800","0.0700","1","0","0.1500",""
"393750","Magic","Scars of Mirrodin","Contagion Clasp","","144","U","Near Mint","0.27","0.30","1.5500","0.2400","0","0","0.2400",""
"394936","Magic","Scars of Mirrodin","Disperse","","31","C","Lightly Played","0.09","","1.3200","0.0100","1","0","0.1500",""
"394723","Magic","Scars of Mirrodin","Grafted Exoskeleton","","162","U","Near Mint","5.34","6.36","5.7600","4.4500","0","0","4.8900",""
"394047","Magic","Scars of Mirrodin","Koth of the Hammer","","94","M","Near Mint","2.05","","2.8800","1.5700","0","0","1.6700",""
"394028","Magic","Scars of Mirrodin","Kuldotha Forgemaster","","169","R","Near Mint","5.99","12.99","5.8600","5.8600","0","0","5.8800",""
"395077","Magic","Scars of Mirrodin","Nim Deathmantle","","188","R","Near Mint","3.15","","4.3900","3.0800","0","0","3.1200",""
"394621","Magic","Scars of Mirrodin","Precursor Golem","","194","R","Near Mint","0.27","0.25","1.4100","0.1000","0","0","0.1500",""
"395000","Magic","Scars of Mirrodin","Tangle Angler","","128","U","Near Mint","0.13","","1.3400","0.0300","5","0","0.1500",""
"394384","Magic","Scars of Mirrodin","True Conviction","","25","R","Near Mint","4.18","","5.0200","5.0200","0","0","5.0200",""
"394615","Magic","Scars of Mirrodin","Tunnel Ignus","","105","R","Near Mint","0.77","","1.7000","0.3900","0","0","0.4700",""
"394624","Magic","Scars of Mirrodin","Venser's Journal","","220","R","Near Mint","8.95","","9.4600","8.4700","0","0","8.7100",""
"394987","Magic","Scars of Mirrodin","Wall of Tanglecord","","222","C","Near Mint","0.38","0.39","1.5900","0.2800","1","0","0.3000",""
"395001","Magic","Scars of Mirrodin","Whitesun's Passage","","27","C","Near Mint","0.12","","1.3200","0.0100","1","0","0.1500",""
"395007","Magic","Scars of Mirrodin","Withstand Death","","134","C","Near Mint","0.45","0.50","1.5000","0.1900","1","0","0.2400",""
"372463","Magic","Scourge","Dragonspeaker Shaman","","89","U","Lightly Played","2.31","2.29","3.1400","1.8300","1","0","1.9300",""
"23186","Magic","Scourge","Form of the Dragon","","93","R","Near Mint","0.50","","1.6800","0.3700","1","0","0.4000",""
"23226","Magic","Scourge","Long-Term Plans","","38","U","Near Mint","3.02","3.11","3.2700","1.9600","0","0","2.4900",""
"7445236","Magic","Secret Lair Drop Series","Aminatou, the Fateshifter (Rainbow Foil)","","1421","M","Near Mint Foil","6.72","7.06","6.9900","6.0000","0","0","6.3600",""
"8390517","Magic","Secret Lair Drop Series","Approach of the Second Sun (Rainbow Foil)","","1826","R","Near Mint Foil","13.01","14.78","12.7300","11.7400","0","0","12.3800",""
"6915226","Magic","Secret Lair Drop Series","Basal Sliver (Extended Art)","","629","C","Near Mint Foil","3.02","3.84","3.2500","1.9400","0","0","2.4800",""
"8582801","Magic","Secret Lair Drop Series","Beloved Princess (Rainbow Foil)","","804","R","Near Mint Foil","2.15","2.85","2.9900","1.6800","0","0","1.7800",""
"5039841","Magic","Secret Lair Drop Series","Birds of Paradise (176)","","176","R","Near Mint Foil","11.51","14.99","12.4700","10.9800","0","0","11.2500",""
"5652485","Magic","Secret Lair Drop Series","Breya, Etherium Shaper (Gilded Foil)","","454","M","Near Mint Foil","10.56","11.88","10.3200","8.9700","0","0","10.0000",""
"5733706","Magic","Secret Lair Drop Series","Brood Sliver (Extended Art)","","647","R","Near Mint Foil","4.26","4.35","4.3100","3.0000","0","0","3.6300",""
"7445226","Magic","Secret Lair Drop Series","Chandra, Flame's Catalyst (Rainbow Foil)","","1420","M","Near Mint Foil","4.00","4.00","4.6000","3.2900","0","0","3.6500",""
"5243466","Magic","Secret Lair Drop Series","Chief Jim Hopper","","341","R","Near Mint Foil","4.32","5.97","5.0000","5.0000","1","0","5.0000",""
"7989609","Magic","Secret Lair Drop Series","Chord of Calling (Rainbow Foil)","","1595","R","Near Mint Foil","11.06","","11.5700","10.3500","0","0","10.7000",""
"5725038","Magic","Secret Lair Drop Series","Collective Voyage","","1009","R","Near Mint Foil","8.69","10.19","7.7100","7.7100","0","0","8.2100",""
"8083221","Magic","Secret Lair Drop Series","Command Tower (0806) (Rainbow Foil)","","806","R","Near Mint Foil","21.74","","23.3200","23.3200","0","0","21.1400",""
"8655429","Magic","Secret Lair Drop Series","Command Tower (7012) (Rainbow Foil)","","7012","R","Near Mint Foil","3.24","3.47","3.8100","2.5000","0","0","2.8500",""
"4679699","Magic","Secret Lair Drop Series","Consecrated Sphinx (165)","","165","M","Near Mint Foil","31.81","45.39","27.9900","27.0000","0","0","28.4400",""
"5357435","Magic","Secret Lair Drop Series","Counterflux","","482","R","Near Mint Foil","2.25","1.57","2.8800","1.5700","1","0","1.7100",""
"8571572","Magic","Secret Lair Drop Series","Counterspell (1589) (Rainbow Foil)","","1589","R","Near Mint Foil","8.16","8.43","6.9800","4.9900","0","0","6.6400",""
"8638073","Magic","Secret Lair Drop Series","Counterspell (1933) (Rainbow Foil)","","1933","R","Near Mint Foil","24.35","28.90","20.9900","20.9900","0","0","22.0200",""
"7445251","Magic","Secret Lair Drop Series","Daretti, Ingenious Iconoclast (Rainbow Foil)","","1422","M","Near Mint Foil","2.69","2.67","3.3000","1.9900","0","0","2.1300",""
"8638078","Magic","Secret Lair Drop Series","Daze (Rainbow Foil)","","1934","R","Near Mint Foil","6.96","8.88","6.1100","5.1200","0","0","5.8800",""
"8654895","Magic","Secret Lair Drop Series","Deadeye Navigator (Rainbow Foil)","","902","P","Near Mint Foil","4.12","5.49","3.8600","2.5500","0","0","3.3300",""
"8665316","Magic","Secret Lair Drop Series","Deadly Rollick","","1754","R","Near Mint","18.43","20.11","17.5900","16.0900","0","0","17.2600",""
"8665305","Magic","Secret Lair Drop Series","Deadpool, Trading Card","","1753","M","Near Mint","15.67","","15.7800","14.5100","0","0","15.1600",""
"5357515","Magic","Secret Lair Drop Series","Denting Blows - Krosan Grip","","481","R","Near Mint Foil","2.24","2.99","3.4400","2.1300","0","0","2.1600",""
"7989589","Magic","Secret Lair Drop Series","Diabolic Tutor (1592) (Rainbow Foil)","","1592","R","Near Mint Foil","8.24","","9.4100","9.4100","0","0","9.4100",""
"8096280","Magic","Secret Lair Drop Series","Drana, the Last Bloodchief (Rainbow Foil)","","1684","M","Near Mint Foil","3.08","2.77","3.4100","2.1000","0","0","2.5900",""
"5357635","Magic","Secret Lair Drop Series","Duress","","479","R","Near Mint Foil","8.17","9.49","7.4900","7.4900","0","0","7.8300",""
"5243476","Magic","Secret Lair Drop Series","Dustin, Gadget Genius","","342","R","Near Mint Foil","3.21","4.32","3.8000","2.4900","0","0","2.8500",""
"5483233","Magic","Secret Lair Drop Series","Eidolon of the Great Revel (Borderless)","","422","R","Near Mint Foil","4.66","4.51","5.0000","5.0000","1","0","5.0000",""
"5243486","Magic","Secret Lair Drop Series","Eleven, the Mage","","343","R","Near Mint Foil","7.85","9.88","8.5400","8.5400","0","0","8.5400",""
"7981560","Magic","Secret Lair Drop Series","Elvish Mystic (0805) (Rainbow Foil)","","805","R","Near Mint Foil","25.18","","25.6000","24.2900","0","0","25.6000",""
"5483223","Magic","Secret Lair Drop Series","Elvish Spirit Guide (Borderless)","","423","R","Near Mint Foil","27.89","29.00","29.8500","29.8500","0","0","29.8500",""
"8400139","Magic","Secret Lair Drop Series","Enduring Ideal (Rainbow Foil)","","887","R","Near Mint Foil","3.07","","3.5000","2.1900","0","0","2.6300",""
"8416737","Magic","Secret Lair Drop Series","Estrid, the Masked","","1327","M","Near Mint Foil","2.97","","4.0000","2.6900","0","0","2.7500",""
"8416726","Magic","Secret Lair Drop Series","Estrid's Invocation","","1325","R","Near Mint Foil","5.88","","5.8700","5.8700","0","0","5.8800",""
"5348220","Magic","Secret Lair Drop Series","Fblthp, the Lost","","583","R","Near Mint Foil","5.96","6.38","5.8900","5.8900","0","0","5.9200",""
"8390522","Magic","Secret Lair Drop Series","Felidar Sovereign (1827) (Rainbow Foil)","","1827","R","Near Mint Foil","13.00","12.48","11.5800","11.5800","0","0","12.2900",""
"8638098","Magic","Secret Lair Drop Series","Food Token (1938) (Rainbow Foil)","","1938","T","Near Mint Foil","4.23","4.74","4.5600","3.2500","0","0","3.7400",""
"8638088","Magic","Secret Lair Drop Series","Force of Despair (Rainbow Foil)","","1936","R","Near Mint Foil","5.30","5.49","5.3000","3.9900","0","0","4.6400",""
"5357173","Magic","Secret Lair Drop Series","Frantic Search (228)","","228","R","Near Mint Foil","21.57","29.74","20.6900","20.6900","0","0","20.9500",""
"5483286","Magic","Secret Lair Drop Series","Freed from the Real (Neon Yellow)","","425","R","Near Mint Foil","28.50","32.47","26.8900","26.8900","0","0","27.4400",""
"7238216","Magic","Secret Lair Drop Series","Gandalf, Friend of the Shire","","1294","R","Near Mint Foil","26.18","44.98","26.1400","26.1400","1","0","26.1400",""
"8638048","Magic","Secret Lair Drop Series","Gary, the Snail - Toxrill, the Corrosive (Rainbow Foil)","","1929","M","Near Mint Foil","19.88","22.75","17.8800","16.5700","0","0","18.1900",""
"8390507","Magic","Secret Lair Drop Series","Go-Shintai of Life's Origin (Rainbow Foil)","","1825","M","Near Mint Foil","21.26","22.95","19.4800","18.4900","0","0","19.3200",""
"5348210","Magic","Secret Lair Drop Series","Gromp - Spore Frog","","696","R","Near Mint Foil","6.32","18.05","5.8900","5.8900","0","0","6.1100",""
"8390527","Magic","Secret Lair Drop Series","Happily Ever After (Rainbow Foil)","","1828","R","Near Mint Foil","2.78","","3.5100","2.2000","0","0","2.3200",""
"8674658","Magic","Secret Lair Drop Series","Harmless Offering (Rainbow Foil)","","868","R","Near Mint Foil","0.83","0.30","1.6100","0.3000","0","0","0.4300",""
"7899917","Magic","Secret Lair Drop Series","Harmonize (1596) (Rainbow Foil)","","1596","R","Near Mint Foil","13.35","12.96","12.9600","12.9600","0","0","13.2300",""
"5725048","Magic","Secret Lair Drop Series","Heartbeat of Spring","","1010","R","Near Mint Foil","4.07","5.99","4.7700","3.2700","0","0","3.6700",""
"8390542","Magic","Secret Lair Drop Series","Helix Pinnacle (Rainbow Foil)","","1831","R","Near Mint Foil","9.70","9.00","8.7300","8.7300","0","0","9.2100",""
"5483254","Magic","Secret Lair Drop Series","Hokori, Dust Drinker (Borderless)","","420","R","Near Mint Foil","3.27","3.13","4.4400","3.1300","0","0","3.2100",""
"8638083","Magic","Secret Lair Drop Series","Inevitable Betrayal (Rainbow Foil)","","1935","R","Near Mint Foil","4.89","6.44","4.3100","3.0000","0","0","3.9200",""
"7899977","Magic","Secret Lair Drop Series","Inspiring Vantage (1605) (Rainbow Foil)","","1605","R","Near Mint Foil","16.89","16.21","15.6900","14.2000","0","0","15.5900",""
"5357163","Magic","Secret Lair Drop Series","Intruder Alarm","","229","R","Near Mint Foil","11.22","11.15","10.5800","10.5800","0","0","10.9000",""
"5468521","Magic","Secret Lair Drop Series","Island (554)","","554","L","Near Mint Foil","1.61","2.24","2.4800","1.1700","1","0","1.2600",""
"8253194","Magic","Secret Lair Drop Series","KAITO, Mysterious Maestro - Jace, Unraveler of Secrets (Rainbow Foil)","","1590","M","Near Mint Foil","1.26","","2.5100","1.2000","0","0","1.2100",""
"7445211","Magic","Secret Lair Drop Series","Karn, Scion of Urza (Rainbow Foil)","","1419","M","Near Mint Foil","5.16","5.03","5.0300","5.0300","0","0","5.0800",""
"5483243","Magic","Secret Lair Drop Series","Kira, Great Glass-Spinner (Borderless)","","421","R","Near Mint Foil","7.88","9.37","8.8900","7.9000","0","0","7.9000",""
"8253254","Magic","Secret Lair Drop Series","Len and Rin, Harmony Incarnate - The Royal Scions (Rainbow Foil)","","1600","M","Near Mint Foil","1.75","1.75","3.0600","1.7500","0","0","1.7500",""
"5243498","Magic","Secret Lair Drop Series","Lucas, the Sharpshooter","","344","R","Near Mint Foil","3.90","3.89","5.0000","5.0000","0","0","5.0000",""
"4611655","Magic","Secret Lair Drop Series","Lucille","","581","M","Near Mint Foil","12.95","13.48","11.1700","9.9700","0","0","13.4800",""
"8253214","Magic","Secret Lair Drop Series","Luka, the Traveling Sound - Liliana of the Dark Realms (Rainbow Foil)","","1593","M","Near Mint Foil","14.10","14.32","14.4100","14.4100","0","0","13.5700",""
"5243508","Magic","Secret Lair Drop Series","Max, the Daredevil","","345","R","Near Mint Foil","3.92","4.47","4.6800","3.3700","0","0","3.6500",""
"8390557","Magic","Secret Lair Drop Series","Maze's End (Rainbow Foil)","","1834","M","Near Mint Foil","6.74","6.98","6.4900","5.5000","0","0","6.1200",""
"8268417","Magic","Secret Lair Drop Series","MEIKO, Explosive Entertainer - Chandra, Flamecaller (Rainbow Foil)","","807","M","Near Mint Foil","1.17","1.08","2.3100","1.0000","0","0","1.0300",""
"6709600","Magic","Secret Lair Drop Series","Mesmeric Sliver (Extended Art)","","620","R","Near Mint Foil","0.80","0.75","1.9600","0.6500","0","0","0.6800",""
"5243519","Magic","Secret Lair Drop Series","Mike, the Dungeon Master","","346","R","Near Mint Foil","5.07","9.99","5.2900","5.2900","0","0","5.0600",""
"7989629","Magic","Secret Lair Drop Series","Miku, Child of Song - Child of Alara (Rainbow Foil)","","1599","M","Near Mint Foil","27.49","29.99","26.9800","25.9900","0","0","26.2000",""
"8253174","Magic","Secret Lair Drop Series","Miku, Divine Diva - Elspeth Tirel (Rainbow Foil)","","1585","M","Near Mint Foil","36.62","","37.3500","36.0400","0","0","35.6500",""
"8571522","Magic","Secret Lair Drop Series","Miku, Font of Pop - Giada, Font of Hope (Rainbow Foil)","","1586","R","Near Mint Foil","14.67","18.29","13.6900","12.4400","0","0","14.2700",""
"7899937","Magic","Secret Lair Drop Series","Miku, Lost but Singing - Azusa, Lost but Seeking (Rainbow Foil)","","1597","R","Near Mint Foil","27.92","25.38","25.3800","25.3800","0","0","25.2200",""
"8571642","Magic","Secret Lair Drop Series","Miku, Queen Electric - Brago, King Eternal (Rainbow Foil)","","1601","R","Near Mint Foil","8.29","9.73","8.0000","8.0000","0","0","7.1600",""
"7899957","Magic","Secret Lair Drop Series","Miku, the Renowned - Feather, the Redeemed (Rainbow Foil)","","1602","R","Near Mint Foil","18.15","18.37","18.3700","17.0600","0","0","17.6400",""
"8253234","Magic","Secret Lair Drop Series","Miku, Voice of Power - Freyalise, Llanowar's Fury (Rainbow Foil)","","1598","R","Near Mint Foil","6.77","7.03","6.5000","6.5000","0","0","6.7000",""
"7899897","Magic","Secret Lair Drop Series","Miku's Spark - Chandra's Ignition (Rainbow Foil)","","1594","R","Near Mint Foil","22.85","","19.9100","19.9100","0","0","19.9600",""
"5243455","Magic","Secret Lair Drop Series","Mind Flayer, the Shadow","","340","M","Near Mint Foil","14.41","15.14","12.3000","11.1000","0","0","13.5800",""
"7238226","Magic","Secret Lair Drop Series","Mirror of Galadriel","","1295","R","Near Mint Foil","9.95","14.99","14.9900","14.9900","0","0","14.9900",""
"5040111","Magic","Secret Lair Drop Series","Mother of Runes (296)","","296","R","Near Mint Foil","9.20","11.11","10.2500","10.2500","0","0","10.2500",""
"5040121","Magic","Secret Lair Drop Series","Mother of Runes (297)","","297","R","Near Mint Foil","15.04","15.78","15.7900","15.7900","0","0","15.7900",""
"5040131","Magic","Secret Lair Drop Series","Mother of Runes (298)","","298","R","Near Mint Foil","13.73","14.57","13.7500","12.7600","0","0","13.2500",""
"5040141","Magic","Secret Lair Drop Series","Mother of Runes (299)","","299","R","Near Mint Foil","11.85","12.44","12.4400","12.4400","0","0","12.4400",""
"8638063","Magic","Secret Lair Drop Series","Mr. Krabs, Penny Pincher - Charix, the Raging Isle (Rainbow Foil)","","1927","R","Near Mint Foil","5.25","","5.9900","5.9900","0","0","5.9900",""
"8638093","Magic","Secret Lair Drop Series","Night's Whisper (Rainbow Foil)","","1937","R","Near Mint Foil","4.19","4.99","4.1500","2.8400","0","0","3.5700",""
"5740507","Magic","Secret Lair Drop Series","Opaline Sliver (Extended Art)","","667","R","Near Mint Foil","2.47","3.00","3.3100","2.0000","0","0","2.0900",""
"8096275","Magic","Secret Lair Drop Series","Orvar, the All-Form (Rainbow Foil)","","1683","M","Near Mint Foil","3.70","3.84","4.1600","2.8500","0","0","3.4200",""
"4318652","Magic","Secret Lair Drop Series","Pack Rat (035)","","35","R","Near Mint Foil","11.49","11.48","9.4500","8.4500","0","0","9.9700",""
"5357193","Magic","Secret Lair Drop Series","Path to Exile (226)","","226","R","Near Mint Foil","16.56","16.57","16.4700","16.4700","0","0","16.5200",""
"5357485","Magic","Secret Lair Drop Series","Path to Exile (477)","","477","R","Near Mint Foil","4.22","4.50","4.7100","3.4000","0","0","3.8100",""
"8638043","Magic","Secret Lair Drop Series","Patrick Star - Barktooth Warbeard (Rainbow Foil)","","1931","R","Near Mint Foil","4.01","6.99","4.3100","3.0000","0","0","3.5600",""
"8638068","Magic","Secret Lair Drop Series","Plankton, Tiny Tyrant - Skrelv, Defector Mite (Rainbow Foil)","","1926","R","Near Mint Foil","4.82","4.98","5.1100","5.1100","0","0","5.1100",""
"7121792","Magic","Secret Lair Drop Series","Psionic Sliver (Extended Art)","","621","R","Near Mint Foil","1.89","2.25","2.6900","1.0000","0","0","1.1800",""
"5724909","Magic","Secret Lair Drop Series","Retreat to Coralhelm (Borderless)","","407","R","Near Mint Foil","5.28","5.44","5.5200","5.5200","0","0","5.5200",""
"8390537","Magic","Secret Lair Drop Series","Revel in Riches (Rainbow Foil)","","1830","R","Near Mint Foil","32.82","39.48","32.5000","30.0000","0","0","30.8500",""
"8096270","Magic","Secret Lair Drop Series","Reya Dawnbringer (Rainbow Foil)","","1682","R","Near Mint Foil","3.22","4.14","3.4100","2.1000","0","0","2.6300",""
"5357535","Magic","Secret Lair Drop Series","Round Two - Seize the Day","","480","R","Near Mint Foil","16.66","19.17","16.7400","16.7400","0","0","15.8300",""
"8638053","Magic","Secret Lair Drop Series","Sandy Cheeks, Martial Astronaut - Toski, Bearer of Secrets (Rainbow Foil)","","1930","M","Near Mint Foil","5.55","5.46","5.3100","4.0000","0","0","5.3700",""
"8571662","Magic","Secret Lair Drop Series","Scrying Sheets (Rainbow Foil)","","1606","R","Near Mint Foil","1.60","1.65","2.8000","1.4900","0","0","1.5100",""
"6921319","Magic","Secret Lair Drop Series","Shadow Sliver (Extended Art)","","624","R","Near Mint Foil","3.74","4.09","4.7600","3.4500","0","0","3.6000",""
"5357183","Magic","Secret Lair Drop Series","Shelldock Isle","","230","R","Near Mint Foil","4.78","5.39","5.0800","5.0800","0","0","5.0800",""
"7899877","Magic","Secret Lair Drop Series","Shelter (Rainbow Foil)","","1587","R","Near Mint Foil","4.80","","5.0000","5.0000","0","0","4.2700",""
"7238236","Magic","Secret Lair Drop Series","Shire Terrace","","1296","R","Near Mint Foil","17.26","19.49","17.4900","17.4900","0","0","17.4900",""
"8390562","Magic","Secret Lair Drop Series","Shrine Token (Rainbow Foil)","","1835","T","Near Mint Foil","6.28","9.77","7.0000","7.0000","0","0","6.5000",""
"8390547","Magic","Secret Lair Drop Series","Simic Ascendancy (Rainbow Foil)","","1832","R","Near Mint Foil","11.15","13.35","10.0000","10.0000","0","0","10.5700",""
"7238206","Magic","Secret Lair Drop Series","Slip on the Ring","","1293","R","Near Mint Foil","9.62","","9.4700","9.4700","1","0","9.4700",""
"5356963","Magic","Secret Lair Drop Series","Snow-Covered Island (PixelSnowLands.jpg)","","326","R","Near Mint Foil","16.49","17.31","14.7900","14.7900","1","0","15.6400",""
"5356983","Magic","Secret Lair Drop Series","Snow-Covered Plains (PixelSnowLands.jpg)","","325","R","Near Mint Foil","8.44","8.86","8.8600","7.8600","0","0","8.8600",""
"7989729","Magic","Secret Lair Drop Series","Sol Ring (1604) (Rainbow Foil)","","1604","R","Near Mint Foil","38.23","47.16","40.9900","39.5000","0","0","38.5000",""
"8390552","Magic","Secret Lair Drop Series","Sol Ring (1833) (Rainbow Foil)","","1833","R","Near Mint Foil","23.51","24.24","21.4900","21.4900","0","0","22.1000",""
"5483191","Magic","Secret Lair Drop Series","Solve the Equation (1022)","","1022","R","Near Mint Foil","4.70","3.98","5.1000","5.1000","0","0","5.1000",""
"7989649","Magic","Secret Lair Drop Series","Song of Creation (Rainbow Foil)","","1603","R","Near Mint Foil","7.91","","8.4000","8.4000","0","0","7.4100",""
"7008428","Magic","Secret Lair Drop Series","Sorin, Imperious Bloodlord (Borderless)","","1244","M","Near Mint Foil","5.92","5.91","5.9100","5.9100","0","0","5.9200",""
"8638038","Magic","Secret Lair Drop Series","SpongeBob SquarePants - Jodah, the Unifier (Rainbow Foil)","","1932","M","Near Mint Foil","21.77","24.98","19.9900","18.6800","0","0","19.5600",""
"8638058","Magic","Secret Lair Drop Series","Squidward, Sarcastic Snob - Grazilaxx, Illithid Scholar (Rainbow Foil)","","1928","R","Near Mint Foil","3.80","","4.5100","3.2000","0","0","3.5000",""
"8416732","Magic","Secret Lair Drop Series","Steely Resolve","","1326","R","Near Mint Foil","11.69","","11.1000","11.1000","0","0","11.3900",""
"8571612","Magic","Secret Lair Drop Series","Swan Song (1591) (Rainbow Foil)","","1591","R","Near Mint Foil","37.66","42.69","37.9900","36.6600","0","0","37.0300",""
"5357460","Magic","Secret Lair Drop Series","The Hexcore - Thran Dynamo","","483","R","Near Mint Foil","8.73","9.27","8.7900","8.7900","0","0","8.7900",""
"7989809","Magic","Secret Lair Drop Series","Thespian's Stage (Rainbow Foil)","","1607","R","Near Mint Foil","7.90","","7.5800","7.5800","0","0","7.7800",""
"8390532","Magic","Secret Lair Drop Series","Triskaidekaphile (Rainbow Foil)","","1829","R","Near Mint Foil","8.64","8.69","8.6300","8.6300","0","0","8.6400",""
"8416742","Magic","Secret Lair Drop Series","Tuvasa the Sunlit","","1328","M","Near Mint Foil","7.65","","8.9600","8.9600","0","0","8.9600",""
"7008423","Magic","Secret Lair Drop Series","Ugin, the Ineffable (Borderless)","","1243","R","Near Mint Foil","7.43","7.51","7.4900","6.5000","0","0","6.9600",""
"7445301","Magic","Secret Lair Drop Series","Venser, the Sojourner (Rainbow Foil)","","1423","M","Near Mint Foil","3.01","2.99","3.9800","1.9900","0","0","2.5000",""
"5733736","Magic","Secret Lair Drop Series","Ward Sliver (Extended Art)","","617","R","Near Mint Foil","2.34","2.21","3.2600","1.9500","0","0","2.0300",""
"6772708","Magic","Secret Lair Drop Series","Well of Lost Dreams (1181)","","1181","R","Near Mint Foil","6.70","7.40","6.9900","6.0000","0","0","5.8500",""
"5357153","Magic","Secret Lair Drop Series","Well of Lost Dreams (227)","","227","R","Near Mint Foil","8.30","9.00","8.3000","8.3000","0","0","8.3000",""
"5243529","Magic","Secret Lair Drop Series","Will the Wise","","347","R","Near Mint Foil","5.08","7.42","5.9900","5.9900","0","0","5.9900",""
"5733741","Magic","Secret Lair Drop Series","Winged Sliver (Extended Art)","","628","R","Near Mint Foil","1.83","1.98","2.8400","1.5300","0","0","1.5900",""
"5652490","Magic","Secret Lair Drop Series","Yidris, Maelstrom Wielder (Gilded Foil)","","455","M","Near Mint Foil","5.98","5.25","5.2600","5.2600","0","0","5.6200",""
"8571542","Magic","Secret Lair Drop Series","Youthful Valkyrie (Rainbow Foil)","","1588","R","Near Mint Foil","3.22","3.46","4.2000","2.8900","0","0","3.0600",""
"116784","Magic","Shadowmoor","Cursecatcher","","34","U","Near Mint","0.48","","1.6800","0.3700","0","0","0.3900",""
"116814","Magic","Shadowmoor","Flow of Ideas","","38","U","Near Mint","0.33","","1.5600","0.2500","1","0","0.2700",""
"117013","Magic","Shadowmoor","Umbral Mantle","","267","U","Near Mint","6.16","7.98","5.4600","4.1500","0","0","5.1600",""
"3095357","Magic","Shadows over Innistrad","Angel of Deliverance","","2","R","Near Mint","0.16","","1.3900","0.0800","0","0","0.1500",""
"3103496","Magic","Shadows over Innistrad","Autumnal Gloom","","194","U","Near Mint","0.12","","1.3300","0.0200","0","0","0.1500",""
"3102306","Magic","Shadows over Innistrad","Chaplain's Blessing","","10","C","Near Mint","0.13","","1.4000","0.0900","1","0","0.1500",""
"3102336","Magic","Shadows over Innistrad","Cryptolith Rite","","200","R","Near Mint","3.14","3.20","4.2100","2.9000","0","0","3.0200",""
"3099116","Magic","Shadows over Innistrad","Diregraf Colossus","","107","R","Near Mint","3.87","3.93","3.8100","2.5000","0","0","3.1700",""
"3093099","Magic","Shadows over Innistrad","Eerie Interlude","","16","R","Near Mint","5.43","6.30","5.3900","5.3900","0","0","4.7800",""
"3098991","Magic","Shadows over Innistrad","Epiphany at the Drownyard","","59","R","Near Mint","0.25","0.25","1.4300","0.1200","1","0","0.1500",""
"3095342","Magic","Shadows over Innistrad","Flameblade Angel","","157","R","Near Mint","0.27","","1.4100","0.1000","0","0","0.1500",""
"3101336","Magic","Shadows over Innistrad","From Under the Floorboards","","111","R","Near Mint","0.27","","1.4700","0.1600","0","0","0.1800",""
"3102806","Magic","Shadows over Innistrad","Lightning Axe","","170","U","Near Mint","0.17","0.14","1.3700","0.0600","2","0","0.1500",""
"3095332","Magic","Shadows over Innistrad","Markov Dreadknight","","122","R","Near Mint","0.21","","1.3600","0.0500","0","0","0.1500",""
"3096524","Magic","Shadows over Innistrad","Odric, Lunarch Marshal","","31","R","Near Mint","0.49","","1.6700","0.3600","0","0","0.3900",""
"3102986","Magic","Shadows over Innistrad","Open the Armory","","32","U","Near Mint","2.67","4.07","2.8400","1.5300","0","0","1.7600",""
"3102991","Magic","Shadows over Innistrad","Open the Armory","","32","U","Near Mint Foil","5.61","","5.0700","3.7600","0","0","4.6900",""
"3099031","Magic","Shadows over Innistrad","Sorin, Grim Nemesis","","251","M","Near Mint","3.93","3.59","4.5700","3.2600","0","0","3.5900",""
"3099032","Magic","Shadows over Innistrad","Sorin, Grim Nemesis","","251","M","Lightly Played","2.32","2.68","2.3100","1.0000","0","0","1.2700",""
"3093199","Magic","Shadows over Innistrad","Soul Swallower","","230","R","Near Mint","0.18","","1.4100","0.1000","1","0","0.1500",""
"3095452","Magic","Shadows over Innistrad","Startled Awake","","88","M","Near Mint","0.79","","2.0800","0.7700","1","0","0.7700",""
"3101386","Magic","Shadows over Innistrad","The Gitrog Monster","","245","M","Near Mint","1.57","","2.3100","1.0000","0","0","1.1100",""
"3099491","Magic","Shadows over Innistrad","Tireless Tracker","","233","R","Near Mint","0.38","0.38","1.4100","0.1000","1","0","0.1600",""
"3099051","Magic","Shadows over Innistrad","Traverse the Ulvenwald","","234","R","Near Mint","0.39","0.55","1.5000","0.1900","0","0","0.2300",""
"3100004","Magic","Shadows over Innistrad","Triskaidekaphobia","","141","R","Near Mint","0.23","0.19","1.3600","0.0500","1","0","0.1500",""
"3103456","Magic","Shadows over Innistrad","Weirding Wood","","240","U","Near Mint","0.14","0.11","1.3600","0.0500","1","0","0.1500",""
"251685","Magic","Shards of Alara","Battlegrace Angel","","6","R","Near Mint","1.26","","2.5000","1.1900","0","0","1.2000",""
"251807","Magic","Shards of Alara","Behemoth's Herald","","124","U","Near Mint","0.13","","1.3500","0.0400","1","0","0.1500",""
"378148","Magic","Shards of Alara","Etherium Sculptor","","42","C","Lightly Played","1.14","1.00","2.0400","0.7300","0","0","0.8100",""
"362443","Magic","Shards of Alara","Knight of the White Orchid","","16","R","Heavily Played","1.29","","2.5800","1.2700","1","0","1.2700",""
"252389","Magic","Shards of Alara","Mindlock Orb","","51","R","Near Mint Foil","2.32","","3.9400","2.6300","1","0","2.6300",""
"378216","Magic","Shards of Alara","Minion Reflector","","211","R","Lightly Played","1.22","1.80","2.3500","1.0400","0","0","1.0800",""
"251571","Magic","Shards of Alara","Relic of Progenitus","","218","C","Near Mint","4.52","4.55","5.0000","5.0000","0","0","5.0000",""
"251829","Magic","Shards of Alara","Sphinx Sovereign","","196","M","Near Mint","1.04","","2.3500","1.0400","0","0","1.0400",""
"362555","Magic","Shards of Alara","Titanic Ultimatum","","204","R","Heavily Played","1.74","","2.3000","0.8700","0","0","1.0400",""
"4435498","Magic","Signature Spellbook: Chandra","Pyroblast","","5","R","Near Mint","6.49","6.45","6.2900","5.3000","0","0","5.8900",""
"4007413","Magic","Signature Spellbook: Gideon","Blackblade Reforged","","8","R","Near Mint","3.52","3.45","3.5400","2.2300","0","0","2.8800",""
"3742854","Magic","Signature Spellbook: Jace","Blue Elemental Blast","","2","R","Near Mint","0.70","","1.9100","0.6000","0","0","0.6200",""
"3742879","Magic","Signature Spellbook: Jace","Mystical Tutor","","6","R","Near Mint","12.27","","11.9900","11.9900","0","0","11.7600",""
"6911750","Magic","SLX Cards","Aisha of Sparks and Smoke","","12","R","Near Mint","0.29","0.29","1.5500","0.2400","0","0","0.2500",""
"5500201","Magic","SLX Cards","Arvinox, the Mind Flail","","1","M","Near Mint","0.42","0.40","1.5700","0.2600","0","0","0.2900",""
"6911830","Magic","SLX Cards","Baldin, Century Herdmaster","","10","R","Near Mint","0.27","0.26","1.5600","0.2500","0","0","0.2500",""
"5500276","Magic","SLX Cards","Bjorna, Nightfall Alchemist","","2","R","Near Mint","0.26","0.24","1.4100","0.1000","0","0","0.1500",""
"6911710","Magic","SLX Cards","Maarika, Brutal Gladiator","","15","R","Near Mint","0.96","0.99","2.0200","0.7100","0","0","0.7600",""
"5500516","Magic","SLX Cards","Othelm, Sigardian Outcast","","6","R","Near Mint","0.31","","1.5300","0.2200","0","0","0.2400",""
"5500581","Magic","SLX Cards","Sophina, Spearsage Deserter","","7","R","Near Mint","0.28","","1.4900","0.1800","0","0","0.2000",""
"6911950","Magic","SLX Cards","Tadeas, Juniper Ascendant","","16","R","Near Mint","0.52","0.51","1.6900","0.3800","0","0","0.4100",""
"6911790","Magic","SLX Cards","The Howling Abomination","","13","R","Near Mint","0.22","","1.4800","0.1700","0","0","0.1800",""
"6911670","Magic","SLX Cards","Vikya, Scorching Stalwart","","11","R","Near Mint","0.23","0.12","1.4300","0.1200","0","0","0.1500",""
"5500646","Magic","SLX Cards","Wernog, Rider's Chaplain","","8","R","Near Mint","0.53","0.53","1.6900","0.3800","0","0","0.4200",""
"6911870","Magic","SLX Cards","Zethi, Arcane Blademaster","","17","R","Near Mint","1.10","1.08","2.3100","0.9600","0","0","0.9900",""
"8616755","Magic","Special Guests","Arid Mesa (Borderless)","","109","M","Near Mint Foil","42.95","46.01","39.7000","38.4000","0","0","39.7700",""
"8545757","Magic","Special Guests","Bone Miser (Borderless)","","87","M","Near Mint","23.17","34.95","20.2400","19.2500","0","0","21.3800",""
"7818627","Magic","Special Guests","Brazen Borrower (Borderless)","","30","M","Near Mint","4.18","4.73","4.9100","3.6000","0","0","3.8900",""
"7529358","Magic","Special Guests","Breeches, Brazen Plunderer (Borderless)","","6","U","Near Mint","2.10","2.31","2.7100","1.4000","0","0","1.5400",""
"7503514","Magic","Special Guests","Bridge from Below (Borderless)","","3","R","Near Mint","1.17","1.17","1.8800","0.5700","0","0","0.6900",""
"8831376","Magic","Special Guests","Burgeoning (Showcase)","","126","M","Near Mint","25.70","25.12","25.1200","25.1200","0","0","25.2900",""
"7528423","Magic","Special Guests","Carnage Tyrant (Borderless)","","10","M","Near Mint Foil","6.07","6.32","6.2500","4.9400","0","0","5.5100",""
"8545141","Magic","Special Guests","Cavalier of Dawn (Borderless)","","84","M","Near Mint","2.59","2.62","2.7600","1.4500","0","0","1.6800",""
"8525581","Magic","Special Guests","Chrome Mox (Borderless)","","92","M","Near Mint","113.79","136.99","111.9500","110.9600","0","0","104.9500",""
"8015288","Magic","Special Guests","Collected Company (Borderless)","","72","M","Near Mint Foil","4.30","4.99","4.9900","3.6800","0","0","3.9900",""
"8329471","Magic","Special Guests","Condemn (Showcase)","","74","M","Near Mint Foil","1.79","1.70","2.6900","1.3800","0","0","1.5900",""
"7594152","Magic","Special Guests","Crashing Footfalls (Borderless)","","25","M","Near Mint","1.44","1.46","2.3000","0.9900","0","0","1.0800",""
"7528028","Magic","Special Guests","Dargo, the Shipwrecker (Borderless)","","7","U","Near Mint Foil","3.52","9.99","4.6700","3.3600","0","0","3.4400",""
"8830351","Magic","Special Guests","Deafening Silence (Showcase)","","120","M","Near Mint","3.54","2.95","4.2900","2.9800","0","0","3.2600",""
"7818887","Magic","Special Guests","Desert (Borderless)","","37","M","Near Mint","2.29","2.27","3.0200","1.7100","0","0","1.8200",""
"7818362","Magic","Special Guests","Desertion (Borderless)","","31","M","Near Mint","1.37","1.14","2.3300","1.0200","0","0","1.0900",""
"7672346","Magic","Special Guests","Drown in the Loch (Borderless)","","27","M","Near Mint","5.33","5.33","5.1000","5.1000","0","0","5.2100",""
"8613984","Magic","Special Guests","Eerie Ultimatum (Borderless)","","104","M","Near Mint","6.89","8.13","6.8800","6.8800","0","0","6.8800",""
"8288790","Magic","Special Guests","Embercleave (Showcase)","","77","M","Near Mint","12.75","14.14","13.2600","11.7600","0","0","12.3100",""
"8614054","Magic","Special Guests","Emergent Ultimatum (Borderless)","","105","M","Near Mint Foil","3.56","3.63","4.6000","3.2900","0","0","3.4200",""
"7933349","Magic","Special Guests","Expressive Iteration (Borderless)","","43","M","Near Mint","6.24","6.16","5.7400","4.4300","0","0","5.5600",""
"8170872","Magic","Special Guests","Expropriate (Borderless)","","66","M","Near Mint","13.37","16.52","12.9800","11.9900","0","0","12.6800",""
"7672556","Magic","Special Guests","Fabricate (Borderless)","","20","M","Near Mint","9.07","10.00","8.0100","6.6900","0","0","7.8800",""
"8330476","Magic","Special Guests","Fiend Artisan (Showcase)","","83","M","Near Mint","4.41","5.02","5.0200","5.0200","0","0","5.0200",""
"8050530","Magic","Special Guests","Frogmite (Borderless)","","61","M","Near Mint","2.31","2.99","3.0200","1.7100","0","0","1.8300",""
"7933044","Magic","Special Guests","Fury (Borderless)","","47","M","Near Mint Foil","6.62","9.98","6.5600","6.5600","0","0","6.5900",""
"8546522","Magic","Special Guests","Galvanic Blast (Borderless)","","90","M","Near Mint Foil","4.34","12.98","5.3000","3.8100","0","0","4.0800",""
"8614109","Magic","Special Guests","Genesis Ultimatum (Borderless)","","106","M","Near Mint","3.40","3.40","2.5400","1.2300","0","0","2.3100",""
"7529293","Magic","Special Guests","Ghalta, Primal Hunger (Borderless)","","11","R","Near Mint","6.82","10.99","6.2400","4.9300","0","0","5.8800",""
"8330296","Magic","Special Guests","Goblin Bushwhacker (Showcase)","","78","M","Near Mint","2.55","3.87","2.5100","1.2000","0","0","1.4700",""
"7933219","Magic","Special Guests","Grief (Borderless)","","46","M","Near Mint","3.40","4.52","3.9400","2.4500","0","0","2.9200",""
"8170992","Magic","Special Guests","Hallowed Haunting (Borderless)","","64","M","Near Mint","3.49","4.35","3.5600","2.2500","0","0","3.2500",""
"8614174","Magic","Special Guests","Inspired Ultimatum (Borderless)","","107","M","Near Mint Foil","2.03","2.47","2.5300","1.2200","0","0","1.3900",""
"7503449","Magic","Special Guests","Kalamax, the Stormsire (Borderless)","","13","M","Near Mint","2.45","2.61","3.3100","2.0000","0","0","2.0900",""
"8050110","Magic","Special Guests","Kindred Charge (Borderless)","","58","M","Near Mint","4.99","4.83","5.0000","3.5900","0","0","4.2900",""
"8049870","Magic","Special Guests","Ledger Shredder (Borderless)","","55","M","Near Mint","15.43","15.50","14.1900","14.1900","0","0","14.8100",""
"7440978","Magic","Special Guests","Lord of Atlantis (Borderless)","","1","R","Near Mint","11.91","11.91","10.9900","10.0000","0","0","10.9600",""
"8523489","Magic","Special Guests","Lord of the Undead (Borderless)","","88","M","Near Mint","8.38","14.39","6.5600","5.2500","0","0","6.8600",""
"7528353","Magic","Special Guests","Lord Windgrace (Borderless)","","14","M","Near Mint","15.00","15.00","16.1100","16.1100","0","0","15.1200",""
"8171172","Magic","Special Guests","Maddening Hex (Borderless)","","70","M","Near Mint","3.66","4.05","3.4600","2.1500","0","0","2.9600",""
"8616907","Magic","Special Guests","Marsh Flats (Borderless)","","110","M","Near Mint Foil","41.83","42.48","38.9900","38.9900","0","0","39.6800",""
"7528223","Magic","Special Guests","Mephidross Vampire (Borderless)","","4","R","Near Mint","1.57","0.99","2.3000","0.9900","0","0","1.1100",""
"8617104","Magic","Special Guests","Misty Rainforest (Borderless)","","111","M","Near Mint","33.87","37.51","33.9100","33.9100","0","0","33.9100",""
"7819017","Magic","Special Guests","Morbid Opportunist (Borderless)","","32","M","Near Mint","9.66","9.66","8.9400","7.9500","0","0","8.8000",""
"7818822","Magic","Special Guests","Mystic Snake (Borderless)","","35","M","Near Mint","2.10","2.21","3.3100","2.0000","0","0","2.0200",""
"7818952","Magic","Special Guests","Notion Thief (Borderless)","","36","M","Near Mint","6.07","6.07","5.3000","3.9900","0","0","5.0400",""
"8330416","Magic","Special Guests","Paradise Druid (Showcase)","","80","M","Near Mint","1.45","1.85","1.9100","0.6000","0","0","0.7700",""
"8808506","Magic","Special Guests","Paradox Haze (Showcase)","","123","M","Near Mint","2.41","1.14","3.1300","1.8200","0","0","1.9800",""
"8546849","Magic","Special Guests","Pathbreaker Ibex (Borderless)","","91","M","Near Mint","10.79","13.88","10.3100","10.3100","0","0","10.5500",""
"7933129","Magic","Special Guests","Persist (Borderless)","","42","M","Near Mint","6.11","6.71","6.2900","5.3000","0","0","6.2000",""
"7933134","Magic","Special Guests","Persist (Borderless)","","42","M","Near Mint Foil","9.89","10.35","9.2200","8.0000","0","0","9.0500",""
"8170932","Magic","Special Guests","Phantasmal Image (Borderless)","","67","M","Near Mint","7.90","8.20","6.2600","5.2700","0","0","6.9500",""
"7818562","Magic","Special Guests","Port Razer (Borderless)","","33","M","Near Mint","3.68","3.68","3.8500","2.5400","0","0","2.9900",""
"7932974","Magic","Special Guests","Prismatic Ending (Borderless)","","40","M","Near Mint","4.33","5.49","4.5600","3.2500","0","0","3.7900",""
"7528163","Magic","Special Guests","Rampaging Ferocidon (Borderless)","","8","R","Near Mint Foil","4.19","4.96","5.0000","5.0000","0","0","5.0000",""
"8049990","Magic","Special Guests","Relentless Rats (Borderless)","","57","M","Near Mint","6.03","8.14","6.0000","6.0000","0","0","6.0000",""
"8614235","Magic","Special Guests","Ruinous Ultimatum (Borderless)","","108","M","Near Mint","10.88","10.98","10.5800","9.1700","0","0","10.7300",""
"8617191","Magic","Special Guests","Scalding Tarn (Borderless)","","112","M","Near Mint Foil","54.99","68.74","57.5300","57.5300","0","0","57.5300",""
"7818457","Magic","Special Guests","Scapeshift (Borderless)","","34","M","Near Mint","58.69","58.83","55.9900","55.0000","0","0","56.1500",""
"8050720","Magic","Special Guests","Secluded Courtyard (Borderless)","","63","M","Near Mint","5.87","9.08","6.3700","5.3800","0","0","5.6300",""
"8548019","Magic","Special Guests","Skysovereign, Consul Flagship (Borderless)","","93","M","Near Mint","2.74","7.00","2.9900","1.0000","0","0","1.7500",""
"7903227","Magic","Special Guests","Solitude (Borderless)","","44","M","Near Mint Foil","29.54","88.48","29.4800","28.4900","0","0","28.8000",""
"7903272","Magic","Special Guests","Solitude (Borderless) (Textured Foil)","","49","M","Near Mint Foil","39.27","58.95","37.2800","37.2800","0","0","37.8800",""
"8171052","Magic","Special Guests","Soul Warden (Borderless)","","65","M","Near Mint","5.49","5.48","5.4900","4.1800","0","0","5.4600",""
"8330176","Magic","Special Guests","Sphinx's Tutelage (Showcase)","","75","M","Near Mint","4.08","4.40","4.5600","3.2500","0","0","3.6400",""
"7503635","Magic","Special Guests","Star Compass (Borderless)","","18","U","Near Mint Foil","1.86","2.99","3.0800","1.7700","0","0","1.7900",""
"7933284","Magic","Special Guests","Subtlety (Borderless)","","45","M","Near Mint","7.32","7.14","6.4800","5.4900","0","0","6.3300",""
"7933414","Magic","Special Guests","Subtlety (Borderless) (Textured Foil)","","50","M","Near Mint Foil","17.76","22.25","18.4700","18.4700","0","0","18.4700",""
"8029789","Magic","Special Guests","Sword of Fire and Ice (Borderless)","","62","M","Near Mint","38.41","41.27","37.9400","37.9400","0","0","38.0800",""
"8050230","Magic","Special Guests","Sylvan Tutor (Borderless)","","59","M","Near Mint","37.90","36.30","32.9500","32.9500","0","0","34.4500",""
"8288730","Magic","Special Guests","Temporal Manipulation (Showcase)","","82","M","Near Mint","9.42","9.97","9.3000","9.3000","1","0","9.3000",""
"8288760","Magic","Special Guests","Temporal Manipulation (Showcase)","","82","M","Near Mint Foil","16.74","23.60","14.0900","12.2400","0","0","15.5000",""
"7932784","Magic","Special Guests","Thought-Knot Seer (Borderless)","","39","M","Near Mint Foil","7.90","9.88","8.5500","7.5600","0","0","7.7300",""
"8545627","Magic","Special Guests","Thoughtcast (Borderless)","","85","M","Near Mint","10.90","19.88","11.1500","10.1600","0","0","10.5300",""
"7503701","Magic","Special Guests","Thrasios, Triton Hero (Borderless)","","16","R","Near Mint Foil","31.12","36.49","29.9900","29.9900","0","0","29.6400",""
"7672636","Magic","Special Guests","Tireless Tracker (Borderless)","","26","M","Near Mint","2.54","2.54","3.3100","1.9900","0","0","2.1100",""
"8050410","Magic","Special Guests","Toski, Bearer of Secrets (Borderless)","","60","M","Near Mint","9.60","9.66","8.9900","8.9900","0","0","9.3800",""
"7672676","Magic","Special Guests","Tragic Slip (Borderless)","","22","M","Near Mint","5.21","5.15","5.1500","5.1500","0","0","5.1800",""
"7503761","Magic","Special Guests","Underworld Breach (Borderless)","","9","R","Near Mint","20.73","20.40","20.4000","20.4000","0","0","20.5000",""
"8171237","Magic","Special Guests","Unholy Heat (Borderless)","","71","M","Near Mint Foil","6.35","7.94","6.9600","6.9600","0","0","6.9600",""
"8617402","Magic","Special Guests","Verdant Catacombs (Borderless)","","113","M","Near Mint Foil","36.76","42.99","30.9800","29.7100","0","0","31.8600",""
"7672596","Magic","Special Guests","Victimize (Borderless)","","23","M","Near Mint","18.35","18.42","16.9500","16.9500","0","0","17.6900",""
"8808621","Magic","Special Guests","Warping Wail (Showcase)","","119","M","Near Mint","2.54","1.94","3.5000","2.1900","0","0","2.2600",""
"8545702","Magic","Special Guests","Whir of Invention (Borderless)","","86","M","Near Mint Foil","7.86","","7.2500","6.0500","0","0","7.6200",""
"6785383","Magic","Starter Commander Decks","Abrade","","122","C","Near Mint","0.16","","1.4100","0.1000","1","0","0.1500",""
"6773823","Magic","Starter Commander Decks","Absorb","","216","R","Near Mint","0.39","0.49","1.6000","0.2900","0","0","0.3100",""
"6775943","Magic","Starter Commander Decks","Ajani, Caller of the Pride","","6","M","Near Mint","0.74","0.73","1.7900","0.4800","0","0","0.5300",""
"6781143","Magic","Starter Commander Decks","Akoum Hellkite","","123","R","Near Mint","0.18","0.17","1.4500","0.1400","0","0","0.1500",""
"6773423","Magic","Starter Commander Decks","Angler Turtle","","43","R","Near Mint","0.17","","1.4500","0.1400","0","0","0.1500",""
"6783703","Magic","Starter Commander Decks","Archfiend of Depravity","","67","R","Near Mint","1.23","1.17","2.4200","1.1100","0","0","1.1300",""
"6772983","Magic","Starter Commander Decks","Archon of Redemption","","7","R","Near Mint","0.15","0.07","1.3900","0.0800","0","0","0.1500",""
"6778663","Magic","Starter Commander Decks","Army of the Damned","","68","M","Near Mint","0.64","","1.9100","0.6000","0","0","0.6100",""
"6641902","Magic","Starter Commander Decks","Atarka, World Render (Foil Etched)","","1","M","Near Mint Foil","1.45","1.41","2.7100","1.4000","0","0","1.4100",""
"6776703","Magic","Starter Commander Decks","Aura Mutation","","217","R","Near Mint","1.87","","2.8100","1.5000","0","0","1.5700",""
"6775183","Magic","Starter Commander Decks","Azorius Signet","","259","U","Near Mint","0.23","","1.4800","0.1700","0","0","0.1800",""
"6782863","Magic","Starter Commander Decks","Beast Within","","172","U","Near Mint","0.72","0.72","1.9500","0.6400","0","0","0.6600",""
"6773463","Magic","Starter Commander Decks","Bident of Thassa","","44","R","Near Mint","0.49","0.50","1.7100","0.4000","0","0","0.4200",""
"6784223","Magic","Starter Commander Decks","Blasphemous Act","","124","R","Near Mint","1.74","","2.8000","1.4900","0","0","1.5400",""
"6783743","Magic","Starter Commander Decks","Bloodgift Demon","","69","R","Near Mint","0.66","0.65","1.9100","0.6000","0","0","0.6100",""
"6782903","Magic","Starter Commander Decks","Blossoming Defense","","173","U","Near Mint","0.36","","1.6800","0.3700","0","0","0.3700",""
"6778343","Magic","Starter Commander Decks","Blossoming Sands","","291","C","Near Mint","0.13","0.03","1.3500","0.0400","1","0","0.1500",""
"6784263","Magic","Starter Commander Decks","Brash Taunter","","125","R","Near Mint","0.70","0.68","1.9700","0.6600","0","0","0.6700",""
"6785783","Magic","Starter Commander Decks","Burnished Hart","","260","U","Near Mint","0.11","0.06","1.3900","0.0800","2","0","0.1500",""
"6785784","Magic","Starter Commander Decks","Burnished Hart","","260","U","Lightly Played","0.08","0.10","1.3900","0.0800","3","0","0.1500",""
"6776743","Magic","Starter Commander Decks","Camaraderie","","219","R","Near Mint","0.26","","1.5600","0.2500","0","0","0.2500",""
"6777023","Magic","Starter Commander Decks","Canopy Vista","","292","R","Near Mint","0.18","0.13","1.4800","0.1700","0","0","0.1700",""
"6773023","Magic","Starter Commander Decks","Cartographer's Hawk","","10","R","Near Mint","0.22","","1.4800","0.1700","0","0","0.1800",""
"6778703","Magic","Starter Commander Decks","Cemetery Reaper","","70","R","Near Mint","0.33","0.32","1.6100","0.3000","0","0","0.3100",""
"6781183","Magic","Starter Commander Decks","Chain Reaction","","126","R","Near Mint","0.30","0.27","1.5500","0.2400","0","0","0.2500",""
"6776303","Magic","Starter Commander Decks","Champion of Lambholt","","174","R","Near Mint","2.66","2.78","3.4600","2.1500","0","0","2.2500",""
"6778743","Magic","Starter Commander Decks","Champion of the Perished","","71","R","Near Mint","0.88","0.73","2.0500","0.7400","0","0","0.7700",""
"6784303","Magic","Starter Commander Decks","Chaos Warp","","127","R","Near Mint","0.46","0.45","1.6800","0.3700","0","0","0.4000",""
"6782343","Magic","Starter Commander Decks","Cinder Glade","","295","R","Near Mint","0.23","","1.5000","0.1900","0","0","0.2000",""
"6776343","Magic","Starter Commander Decks","Citanul Hierophants","","175","R","Near Mint","0.14","","1.4400","0.1300","1","0","0.1500",""
"6775983","Magic","Starter Commander Decks","Citywide Bust","","11","R","Near Mint","0.11","0.01","1.4100","0.1000","0","0","0.1500",""
"6782183","Magic","Starter Commander Decks","Clan Defiance","","220","R","Near Mint","0.13","0.09","1.4000","0.0900","0","0","0.1500",""
"6773063","Magic","Starter Commander Decks","Cleansing Nova","","12","R","Near Mint","0.38","","1.6000","0.2900","0","0","0.3100",""
"6776783","Magic","Starter Commander Decks","Collective Blessing","","222","R","Near Mint","0.35","0.35","1.6100","0.3000","0","0","0.3100",""
"6776383","Magic","Starter Commander Decks","Collective Unconscious","","176","R","Near Mint","0.36","","1.6500","0.3400","0","0","0.3400",""
"6784343","Magic","Starter Commander Decks","Combustible Gearhulk","","128","M","Near Mint","0.23","0.21","1.5000","0.1900","1","0","0.2000",""
"6776023","Magic","Starter Commander Decks","Commander's Insignia","","13","R","Near Mint","0.17","","1.4500","0.1000","0","0","0.1500",""
"6777143","Magic","Starter Commander Decks","Conclave Tribunal","","14","U","Near Mint","0.10","","1.3700","0.0600","1","0","0.1500",""
"6784903","Magic","Starter Commander Decks","Coveted Jewel","","262","R","Near Mint","0.18","","1.4700","0.1600","0","0","0.1600",""
"6778783","Magic","Starter Commander Decks","Crippling Fear","","72","R","Near Mint","0.48","","1.7800","0.4700","0","0","0.4700",""
"6781223","Magic","Starter Commander Decks","Crucible of Fire","","129","R","Near Mint","0.76","0.70","2.0100","0.7000","0","0","0.7100",""
"6782943","Magic","Starter Commander Decks","Cultivate","","177","U","Near Mint","0.53","","1.8100","0.5000","0","0","0.5100",""
"6777383","Magic","Starter Commander Decks","Curse of Bounty","","178","U","Near Mint","0.48","0.44","1.7500","0.4400","0","0","0.1500",""
"6776823","Magic","Starter Commander Decks","Dauntless Escort","","223","R","Near Mint","0.19","","1.4800","0.1300","0","0","0.1700",""
"6776063","Magic","Starter Commander Decks","Dawn of Hope","","17","R","Near Mint","0.30","","1.5600","0.2500","0","0","0.2600",""
"6783783","Magic","Starter Commander Decks","Deadly Tempest","","75","R","Near Mint","0.76","0.76","2.0500","0.7400","0","0","0.7500",""
"6781263","Magic","Starter Commander Decks","Demanding Dragon","","130","R","Near Mint","0.27","","1.5600","0.2500","0","0","0.2500",""
"6776103","Magic","Starter Commander Decks","Dictate of Heliod","","19","R","Near Mint","0.28","","1.5700","0.2600","0","0","0.2600",""
"6784383","Magic","Starter Commander Decks","Dictate of the Twin Gods","","131","R","Near Mint","1.03","","2.2500","0.9400","0","0","0.9600",""
"6773503","Magic","Starter Commander Decks","Diluvian Primordial","","47","R","Near Mint","0.27","0.24","1.5500","0.2400","0","0","0.2500",""
"6780783","Magic","Starter Commander Decks","Dimir Signet","","263","C","Near Mint","0.54","0.37","1.8000","0.4900","0","0","0.5000",""
"6782263","Magic","Starter Commander Decks","Dragon's Hoard","","264","R","Near Mint","0.62","0.61","1.9100","0.6000","0","0","0.6000",""
"6781303","Magic","Starter Commander Decks","Dragonkin Berserker","","134","R","Near Mint","0.15","","1.4000","0.0900","0","0","0.1500",""
"6781383","Magic","Starter Commander Decks","Drakuseth, Maw of Flames","","138","R","Near Mint","0.53","","1.8100","0.5000","0","0","0.5100",""
"6781423","Magic","Starter Commander Decks","Dream Pillager","","139","R","Near Mint","0.13","","1.4100","0.1000","0","0","0.1500",""
"6783823","Magic","Starter Commander Decks","Dredge the Mire","","76","R","Near Mint","0.23","0.14","1.4700","0.1600","0","0","0.1700",""
"6782983","Magic","Starter Commander Decks","Drumhunter","","179","U","Near Mint","0.28","","1.5600","0.2500","0","0","0.2600",""
"6783023","Magic","Starter Commander Decks","Elemental Bond","","180","U","Near Mint","2.69","","3.7800","2.4700","0","0","2.5100",""
"6773103","Magic","Starter Commander Decks","Emeria Angel","","21","R","Near Mint","0.50","","1.7600","0.4500","0","0","0.4600",""
"6641907","Magic","Starter Commander Decks","Emmara, Soul of the Accord (Foil Etched)","","2","M","Near Mint Foil","0.34","","1.4300","0.1200","0","0","0.1600",""
"6779343","Magic","Starter Commander Decks","Enter the God-Eternals","","227","R","Near Mint","0.21","","1.4700","0.1600","0","0","0.1700",""
"6777423","Magic","Starter Commander Decks","Eternal Witness","","181","U","Near Mint","1.06","1.11","2.2800","0.9700","0","0","0.9900",""
"6773543","Magic","Starter Commander Decks","Ever-Watching Threshold","","50","R","Near Mint","0.50","","1.7100","0.4000","0","0","0.4200",""
"6773583","Magic","Starter Commander Decks","Faerie Formation","","51","R","Near Mint","0.17","","1.4500","0.1400","1","0","0.1500",""
"6776143","Magic","Starter Commander Decks","Felidar Retreat","","22","R","Near Mint","1.54","3.08","2.8000","1.4900","0","0","1.5000",""
"6784423","Magic","Starter Commander Decks","Fiery Confluence","","141","R","Near Mint","0.40","","1.6100","0.3000","0","0","0.3400",""
"6781463","Magic","Starter Commander Decks","Flameblast Dragon","","142","R","Near Mint","0.25","","1.5500","0.2400","0","0","0.2400",""
"6781983","Magic","Starter Commander Decks","Foe-Razer Regent","","183","R","Near Mint","0.18","0.10","1.4800","0.1700","0","0","0.1700",""
"6777063","Magic","Starter Commander Decks","Fortified Village","","301","R","Near Mint","0.14","","1.4400","0.1300","0","0","0.1500",""
"6782023","Magic","Starter Commander Decks","Frontier Siege","","184","R","Near Mint","0.24","0.23","1.5200","0.2100","0","0","0.2100",""
"6782383","Magic","Starter Commander Decks","Game Trail","","302","R","Near Mint","0.20","","1.4600","0.1500","0","0","0.1600",""
"6783063","Magic","Starter Commander Decks","Garruk's Uprising","","185","U","Near Mint","0.56","","1.7800","0.4700","0","0","0.4900",""
"6784463","Magic","Starter Commander Decks","Geode Rager","","144","R","Near Mint","1.07","","2.2700","0.9600","0","0","0.9800",""
"6778583","Magic","Starter Commander Decks","Geralf's Mindcrusher","","53","R","Near Mint","0.13","","1.4100","0.1000","0","0","0.1500",""
"6773143","Magic","Starter Commander Decks","Gideon Jura","","24","M","Near Mint","0.24","","1.5000","0.1900","0","0","0.2000",""
"6641912","Magic","Starter Commander Decks","Gisa and Geralf (Foil Etched)","","3","M","Near Mint Foil","0.42","0.30","1.6100","0.3000","0","0","0.3200",""
"6778823","Magic","Starter Commander Decks","Gravespawn Sovereign","","79","R","Near Mint","0.17","","1.4800","0.1700","0","0","0.1700",""
"6773623","Magic","Starter Commander Decks","Gravitational Shift","","54","R","Near Mint","0.88","0.94","2.0600","0.7500","0","0","0.7800",""
"6777503","Magic","Starter Commander Decks","Great Oak Guardian","","186","U","Near Mint","0.12","0.03","1.4100","0.1000","0","0","0.1500",""
"6779503","Magic","Starter Commander Decks","Grimoire of the Dead","","265","M","Near Mint","0.58","0.55","1.8600","0.5500","0","0","0.5600",""
"6773183","Magic","Starter Commander Decks","Hanged Executioner","","25","R","Near Mint","0.10","","1.3900","0.0800","0","0","0.1500",""
"6782223","Magic","Starter Commander Decks","Harbinger of the Hunt","","230","R","Near Mint","0.11","","1.3900","0.0800","0","0","0.1500",""
"6777543","Magic","Starter Commander Decks","Harmonize","","187","U","Near Mint","0.19","0.18","1.4800","0.1300","0","0","0.1700",""
"6776423","Magic","Starter Commander Decks","Harvest Season","","188","R","Near Mint","1.07","","2.2000","0.8900","0","0","0.9300",""
"6779383","Magic","Starter Commander Decks","Havengul Lich","","231","M","Near Mint","1.06","","2.1000","0.7900","0","0","0.8400",""
"6775263","Magic","Starter Commander Decks","Hedron Archive","","266","U","Near Mint","0.18","","1.4900","0.1800","0","0","0.1800",""
"6780823","Magic","Starter Commander Decks","Heraldic Banner","","267","U","Near Mint","0.28","0.27","1.5100","0.2000","0","0","0.1800",""
"6781503","Magic","Starter Commander Decks","Hoard-Smelter Dragon","","147","R","Near Mint","0.15","","1.4500","0.1400","0","0","0.1500",""
"6778463","Magic","Starter Commander Decks","Holdout Settlement","","305","C","Near Mint","0.31","","1.5200","0.2100","0","0","0.2400",""
"6776463","Magic","Starter Commander Decks","Hornet Nest","","189","R","Near Mint","0.40","0.39","1.6000","0.2900","0","0","0.3100",""
"6776503","Magic","Starter Commander Decks","Hornet Queen","","190","R","Near Mint","0.20","0.07","1.5000","0.1500","0","0","0.1900",""
"6776183","Magic","Starter Commander Decks","Hour of Reckoning","","26","R","Near Mint","0.16","0.10","1.4600","0.1500","0","0","0.1500",""
"6783103","Magic","Starter Commander Decks","Hunter's Insight","","191","U","Near Mint","0.36","","1.6600","0.3500","0","0","0.3500",""
"6782063","Magic","Starter Commander Decks","Hunter's Prowess","","192","R","Near Mint","0.44","0.39","1.7000","0.3900","0","0","0.4000",""
"6776943","Magic","Starter Commander Decks","Idol of Oblivion","","268","R","Near Mint","0.68","0.70","1.9100","0.6000","0","0","0.6200",""
"6773663","Magic","Starter Commander Decks","Inspired Sphinx","","55","M","Near Mint","0.16","","1.4600","0.1500","1","0","0.1500",""
"6641917","Magic","Starter Commander Decks","Isperia, Supreme Judge (Foil Etched)","","4","M","Near Mint Foil","0.30","","1.5100","0.2000","0","0","0.2200",""
"6777583","Magic","Starter Commander Decks","Jade Mage","","193","U","Near Mint","0.09","0.03","1.3900","0.0800","1","0","0.1500",""
"6778863","Magic","Starter Commander Decks","Josu Vess, Lich Knight","","82","R","Near Mint","0.17","","1.4400","0.1300","0","0","0.1500",""
"6784743","Magic","Starter Commander Decks","Kaervek the Merciless","","233","R","Near Mint","0.19","0.08","1.4900","0.1800","0","0","0.1800",""
"6777663","Magic","Starter Commander Decks","Karametra's Favor","","195","U","Near Mint","0.13","","1.3500","0.0400","1","0","0.1500",""
"6641922","Magic","Starter Commander Decks","Kardur, Doomscourge (Foil Etched)","","5","M","Near Mint Foil","0.45","0.27","1.6900","0.3800","0","0","0.3900",""
"6784503","Magic","Starter Commander Decks","Kazuul, Tyrant of the Cliffs","","148","R","Near Mint","0.20","","1.4600","0.1100","2","0","0.1500",""
"6778623","Magic","Starter Commander Decks","Laboratory Drudge","","56","R","Near Mint","0.12","","1.3600","0.0500","1","0","0.1500",""
"6785823","Magic","Starter Commander Decks","Lightning Greaves","","269","U","Near Mint","4.20","","4.9800","3.6700","0","0","3.9400",""
"6778903","Magic","Starter Commander Decks","Liliana, Untouched by Death","","84","M","Near Mint","1.25","1.24","2.2700","0.9600","0","0","1.2100",""
"6778943","Magic","Starter Commander Decks","Liliana's Mastery","","86","R","Near Mint","0.31","","1.5600","0.2500","0","0","0.2600",""
"6778983","Magic","Starter Commander Decks","Liliana's Standard Bearer","","87","R","Near Mint","0.13","","1.4300","0.1200","1","0","0.1500",""
"6777743","Magic","Starter Commander Decks","Loyal Guardian","","198","U","Near Mint","0.25","","1.5000","0.1900","0","0","0.2000",""
"6781543","Magic","Starter Commander Decks","Magmaquake","","149","R","Near Mint","0.19","0.17","1.4700","0.1600","0","0","0.1700",""
"6784543","Magic","Starter Commander Decks","Magmatic Force","","150","R","Near Mint","0.30","","1.4600","0.1500","0","0","0.1800",""
"6776863","Magic","Starter Commander Decks","March of the Multitudes","","236","M","Near Mint","0.79","0.79","2.0000","0.6900","0","0","0.7100",""
"6776223","Magic","Starter Commander Decks","Mentor of the Meek","","28","R","Near Mint","0.16","","1.5000","0.1900","0","0","0.1900",""
"6779023","Magic","Starter Commander Decks","Midnight Reaper","","91","R","Near Mint","0.27","0.13","1.5600","0.2500","0","0","0.2500",""
"6773983","Magic","Starter Commander Decks","Moorland Haunt","","310","R","Near Mint","0.13","","1.4100","0.1000","0","0","0.1500",""
"6781583","Magic","Starter Commander Decks","Mordant Dragon","","152","R","Near Mint","0.25","","1.5500","0.2400","0","0","0.2400",""
"6786183","Magic","Starter Commander Decks","Myriad Landscape","","311","U","Near Mint","0.23","0.06","1.5000","0.1900","4","0","0.1900",""
"6779063","Magic","Starter Commander Decks","Necromantic Selection","","94","R","Near Mint","0.31","0.20","1.5100","0.2000","0","0","0.2200",""
"6779103","Magic","Starter Commander Decks","Necrotic Hex","","95","R","Near Mint","0.27","","1.5500","0.2400","0","0","0.2500",""
"6785863","Magic","Starter Commander Decks","Nihil Spellbomb","","270","C","Near Mint","6.22","12.54","2.8300","1.5200","0","0","3.8700",""
"6777783","Magic","Starter Commander Decks","Nissa's Expedition","","199","U","Near Mint","0.12","0.03","1.3800","0.0700","1","0","0.1500",""
"6777823","Magic","Starter Commander Decks","Nullmage Shepherd","","200","U","Near Mint","0.28","","1.5600","0.2500","0","0","0.2600",""
"6783863","Magic","Starter Commander Decks","Ob Nixilis Reignited","","96","M","Near Mint","0.24","","1.5000","0.1500","0","0","0.2000",""
"6779143","Magic","Starter Commander Decks","Open the Graves","","97","R","Near Mint","0.47","0.46","1.7600","0.4500","0","0","0.4500",""
"6777863","Magic","Starter Commander Decks","Overrun","","201","U","Near Mint","0.20","","1.4500","0.1000","0","0","0.1600",""
"6779183","Magic","Starter Commander Decks","Overseer of the Damned","","98","R","Near Mint","0.25","","1.5500","0.2400","0","0","0.2400",""
"6777903","Magic","Starter Commander Decks","Overwhelming Instinct","","202","U","Near Mint","0.18","","1.4500","0.1000","0","0","0.1500",""
"6774023","Magic","Starter Commander Decks","Port Town","","313","R","Near Mint","0.19","0.12","1.4500","0.1400","0","0","0.1500",""
"6774063","Magic","Starter Commander Decks","Prairie Stream","","314","R","Near Mint","0.19","0.16","1.4600","0.1500","0","0","0.1600",""
"6782103","Magic","Starter Commander Decks","Primal Might","","204","R","Near Mint","0.19","","1.4900","0.1800","0","0","0.1800",""
"6783903","Magic","Starter Commander Decks","Profane Command","","99","R","Near Mint","0.19","","1.4800","0.1700","0","0","0.1700",""
"6785903","Magic","Starter Commander Decks","Rakdos Signet","","272","U","Near Mint","0.84","","2.0500","0.7400","0","0","0.7700",""
"6783943","Magic","Starter Commander Decks","Rakshasa Debaser","","100","R","Near Mint","0.27","","1.5400","0.2300","0","0","0.2400",""
"6777983","Magic","Starter Commander Decks","Reclamation Sage","","205","U","Near Mint","0.25","","1.5000","0.1900","1","0","0.1900",""
"6783983","Magic","Starter Commander Decks","Reign of the Pit","","102","R","Near Mint","0.16","","1.4200","0.1100","4","0","0.1500",""
"6773223","Magic","Starter Commander Decks","Remorseful Cleric","","31","R","Near Mint","0.12","","1.4400","0.1300","0","0","0.1500",""
"6776543","Magic","Starter Commander Decks","Rishkar, Peema Renegade","","207","R","Near Mint","0.24","","1.5100","0.2000","0","0","0.2100",""
"6783583","Magic","Starter Commander Decks","Rugged Highlands","","315","C","Near Mint","0.13","0.03","1.3400","0.0300","1","0","0.1500",""
"6781623","Magic","Starter Commander Decks","Runehorn Hellkite","","155","R","Near Mint","0.36","","1.6100","0.3000","0","0","0.3100",""
"6784023","Magic","Starter Commander Decks","Sangromancer","","103","R","Near Mint","0.97","1.04","2.1100","0.8000","0","0","0.8300",""
"6781663","Magic","Starter Commander Decks","Sarkhan, the Dragonspeaker","","156","M","Near Mint","0.38","","1.5600","0.2500","0","0","0.2800",""
"6779223","Magic","Starter Commander Decks","Scourge of Nel Toth","","104","R","Near Mint","0.29","","1.5600","0.2500","0","0","0.2600",""
"6781703","Magic","Starter Commander Decks","Scourge of Valkas","","157","M","Near Mint","4.63","5.26","5.0000","3.6900","0","0","4.1600",""
"6784063","Magic","Starter Commander Decks","Scythe Specter","","105","R","Near Mint","0.22","0.06","1.4900","0.1400","0","0","0.1900",""
"6773263","Magic","Starter Commander Decks","Sephara, Sky's Blade","","33","R","Near Mint","2.83","2.84","3.7100","2.4000","0","0","2.4900",""
"6784103","Magic","Starter Commander Decks","Sepulchral Primordial","","106","R","Near Mint","0.31","0.32","1.6000","0.2900","0","0","0.2900",""
"6782143","Magic","Starter Commander Decks","Shamanic Revelation","","211","R","Near Mint","0.80","0.76","2.0000","0.6900","0","0","0.7100",""
"6773703","Magic","Starter Commander Decks","Sharding Sphinx","","59","R","Near Mint","0.21","0.05","1.5100","0.2000","0","0","0.2000",""
"6773863","Magic","Starter Commander Decks","Skycat Sovereign","","243","R","Near Mint","0.30","","1.5600","0.2500","0","0","0.2500",""
"6776983","Magic","Starter Commander Decks","Slate of Ancestry","","275","R","Near Mint","0.50","0.48","1.7700","0.4600","0","0","0.4700",""
"6775423","Magic","Starter Commander Decks","Sol Ring","","276","U","Near Mint","1.31","1.11","2.4200","1.1100","0","0","1.1600",""
"6784943","Magic","Starter Commander Decks","Solemn Simulacrum","","277","R","Near Mint","0.22","","1.5200","0.2100","0","0","0.2100",""
"6784143","Magic","Starter Commander Decks","Soul Shatter","","108","R","Near Mint","4.39","","4.8600","3.5500","0","0","3.9800",""
"6773743","Magic","Starter Commander Decks","Sphinx of Enlightenment","","61","R","Near Mint","0.16","","1.4100","0.1000","0","0","0.1500",""
"6781743","Magic","Starter Commander Decks","Spit Flame","","158","R","Near Mint","0.19","","1.4900","0.1800","0","0","0.1800",""
"6784783","Magic","Starter Commander Decks","Spiteful Visions","","245","R","Near Mint","0.58","0.58","1.7900","0.4800","0","0","0.5100",""
"6782303","Magic","Starter Commander Decks","Steel Hellkite","","278","R","Near Mint","0.26","","1.5100","0.2000","0","0","0.2100",""
"6773303","Magic","Starter Commander Decks","Steel-Plume Marshal","","35","R","Near Mint","0.29","","1.6000","0.2900","0","0","0.2800",""
"6785063","Magic","Starter Commander Decks","Stensia Bloodhall","","320","R","Near Mint","0.13","0.08","1.4100","0.1000","3","0","0.1500",""
"6773343","Magic","Starter Commander Decks","Storm Herd","","36","R","Near Mint","0.52","","1.7800","0.4700","0","0","0.4800",""
"6784823","Magic","Starter Commander Decks","Stormfist Crusader","","247","R","Near Mint","0.37","0.37","1.6400","0.3300","4","0","0.3400",""
"6784583","Magic","Starter Commander Decks","Sunbird's Invocation","","159","R","Near Mint","0.23","","1.5300","0.2200","0","0","0.2200",""
"6779583","Magic","Starter Commander Decks","Sunken Hollow","","322","R","Near Mint","0.27","","1.5600","0.2500","0","0","0.2500",""
"6781783","Magic","Starter Commander Decks","Sweltering Suns","","160","R","Near Mint","0.14","0.13","1.4400","0.1300","0","0","0.1500",""
"6774503","Magic","Starter Commander Decks","Swords to Plowshares","","37","U","Near Mint","1.15","","2.4000","1.0900","0","0","1.1000",""
"6780863","Magic","Starter Commander Decks","Talisman of Dominance","","280","U","Near Mint","0.87","","2.0800","0.7700","0","0","0.7900",""
"6783463","Magic","Starter Commander Decks","Talisman of Impulse","","281","U","Near Mint","0.41","","1.6100","0.3000","0","0","0.3200",""
"6785943","Magic","Starter Commander Decks","Talisman of Indulgence","","282","U","Near Mint","1.72","1.75","2.7800","1.4700","0","0","1.5200",""
"6775463","Magic","Starter Commander Decks","Talisman of Progress","","283","U","Near Mint","0.42","0.25","1.5800","0.2700","0","0","0.3000",""
"6778304","Magic","Starter Commander Decks","Talisman of Unity","","284","U","Lightly Played","0.47","","2.0800","0.7700","0","0","0.7700",""
"6784623","Magic","Starter Commander Decks","Tectonic Giant","","161","R","Near Mint","0.17","0.14","1.4600","0.1500","2","0","0.1500",""
"6782463","Magic","Starter Commander Decks","Temple of Abandon","","323","R","Near Mint","0.16","0.14","1.4400","0.1300","0","0","0.1500",""
"6774103","Magic","Starter Commander Decks","Temple of Enlightenment","","325","R","Near Mint","0.13","","1.4200","0.1100","0","0","0.1500",""
"6785103","Magic","Starter Commander Decks","Temple of Malice","","326","R","Near Mint","0.22","","1.5000","0.1900","0","0","0.2000",""
"6777103","Magic","Starter Commander Decks","Temple of Plenty","","327","R","Near Mint","0.17","0.08","1.4500","0.1400","0","0","0.1500",""
"6784863","Magic","Starter Commander Decks","Theater of Horrors","","250","R","Near Mint","0.19","","1.4000","0.0900","5","0","0.1500",""
"6775503","Magic","Starter Commander Decks","Thought Vessel","","285","U","Near Mint","1.26","1.24","2.3000","0.9900","0","0","1.0400",""
"6781823","Magic","Starter Commander Decks","Thunderbreak Regent","","163","R","Near Mint","0.29","0.26","1.5600","0.2500","0","0","0.2600",""
"6776623","Magic","Starter Commander Decks","Thunderfoot Baloth","","213","R","Near Mint","0.59","0.43","1.8100","0.5000","0","0","0.5200",""
"6781863","Magic","Starter Commander Decks","Thundermaw Hellkite","","164","M","Near Mint","0.90","","2.1800","0.8700","0","0","0.8800",""
"6773943","Magic","Starter Commander Decks","Time Wipe","","252","R","Near Mint","0.20","0.10","1.4100","0.1000","0","0","0.1500",""
"6784183","Magic","Starter Commander Decks","Titan Hunter","","112","R","Near Mint","0.13","0.09","1.4100","0.1000","6","0","0.1500",""
"6776903","Magic","Starter Commander Decks","Trostani Discordant","","253","M","Near Mint","0.30","0.25","1.5600","0.2500","1","0","0.2600",""
"6781903","Magic","Starter Commander Decks","Tyrant's Familiar","","165","R","Near Mint","0.55","","1.7600","0.4500","0","0","0.4700",""
"6779263","Magic","Starter Commander Decks","Unbreathing Horde","","113","R","Near Mint","0.20","","1.5200","0.2100","0","0","0.2000",""
"6779423","Magic","Starter Commander Decks","Undermine","","254","R","Near Mint","7.84","8.98","7.0500","6.0600","0","0","7.4500",""
"6780903","Magic","Starter Commander Decks","Unstable Obelisk","","286","U","Near Mint","0.14","","1.3900","0.0800","1","0","0.1500",""
"6777303","Magic","Starter Commander Decks","Valor in Akros","","39","U","Near Mint","0.09","0.03","1.3800","0.0700","0","0","0.1500",""
"6785343","Magic","Starter Commander Decks","Vampire Nighthawk","","115","U","Near Mint","0.19","0.05","1.4600","0.1500","0","0","0.1600",""
"6779463","Magic","Starter Commander Decks","Vela the Night-Clad","","256","M","Near Mint","0.35","0.32","1.5800","0.2700","0","0","0.2900",""
"6776663","Magic","Starter Commander Decks","Verdant Force","","214","R","Near Mint","0.29","","1.5800","0.2700","0","0","0.2700",""
"6781943","Magic","Starter Commander Decks","Verix Bladewing","","168","M","Near Mint","0.22","0.03","1.4600","0.1500","0","0","0.1600",""
"6780543","Magic","Starter Commander Decks","Victimize","","118","U","Near Mint","0.52","","1.7100","0.4000","0","0","0.4200",""
"6778543","Magic","Starter Commander Decks","Vitu-Ghazi, the City-Tree","","332","U","Near Mint","0.12","0.02","1.3900","0.0800","1","0","0.1500",""
"6778103","Magic","Starter Commander Decks","Voice of Many","","215","U","Near Mint","0.12","0.03","1.4100","0.1000","0","0","0.1500",""
"6780943","Magic","Starter Commander Decks","Wayfarer's Bauble","","287","C","Near Mint","0.21","","1.5200","0.2100","0","0","0.2100",""
"6776263","Magic","Starter Commander Decks","White Sun's Zenith","","41","R","Near Mint","0.23","","1.5300","0.2200","0","0","0.2200",""
"6784663","Magic","Starter Commander Decks","Wild Ricochet","","169","R","Near Mint","0.30","","1.5300","0.2200","0","0","0.2400",""
"6784703","Magic","Starter Commander Decks","Wildfire Devils","","170","R","Near Mint","0.16","0.10","1.4600","0.1500","1","0","0.1500",""
"6773783","Magic","Starter Commander Decks","Windreader Sphinx","","64","R","Near Mint","0.15","","1.4500","0.1400","1","0","0.1500",""
"6785983","Magic","Starter Commander Decks","Worn Powerstone","","288","U","Near Mint","0.21","","1.5200","0.2100","0","0","0.2000",""
"6779303","Magic","Starter Commander Decks","Zombie Apocalypse","","121","R","Near Mint","0.73","0.73","1.9600","0.6500","0","0","0.6700",""
"5503053","Magic","Streets of New Capenna","All-Seeing Arbiter","","34","M","Near Mint","0.25","","1.5100","0.2000","0","0","0.2100",""
"5486393","Magic","Streets of New Capenna","An Offer You Can't Refuse","","51","U","Near Mint","1.32","1.55","2.3000","0.9900","0","0","1.0500",""
"5508637","Magic","Streets of New Capenna","Big Score","","102","C","Near Mint","0.66","0.69","1.8100","0.5000","0","0","0.5300",""
"5517097","Magic","Streets of New Capenna","Bootleggers' Stash (Borderless)","","288","M","Near Mint","2.60","2.51","3.6300","2.1300","0","0","2.2200",""
"5487056","Magic","Streets of New Capenna","Botanical Plaza","","247","C","Near Mint","0.06","0.05","1.3500","0.0400","1","0","0.1500",""
"5487061","Magic","Streets of New Capenna","Botanical Plaza","","247","C","Near Mint Foil","0.18","0.10","1.3600","0.0500","1","0","0.1500",""
"5513837","Magic","Streets of New Capenna","Brass Knuckles","","234","U","Near Mint","0.08","0.03","1.3400","0.0300","0","0","0.1500",""
"5526703","Magic","Streets of New Capenna","Brokers Hideout","","248","C","Near Mint","0.57","0.60","1.6800","0.3700","0","0","0.4100",""
"5526708","Magic","Streets of New Capenna","Brokers Hideout","","248","C","Near Mint Foil","0.67","0.67","1.8900","0.5800","0","0","0.6000",""
"5509852","Magic","Streets of New Capenna","Cabaretti Ascendancy","","172","R","Near Mint","0.14","0.14","1.3500","0.0400","1","0","0.1500",""
"5506624","Magic","Streets of New Capenna","Cabaretti Courtyard","","249","C","Near Mint","0.35","0.26","1.5600","0.2500","0","0","0.2700",""
"5498781","Magic","Streets of New Capenna","Cemetery Tampering","","69","R","Near Mint","0.30","0.25","1.5100","0.2000","0","0","0.2200",""
"5518507","Magic","Streets of New Capenna","Corpse Explosion","","179","R","Near Mint","0.14","0.11","1.4000","0.0900","1","0","0.1500",""
"5518512","Magic","Streets of New Capenna","Corpse Explosion","","179","R","Near Mint Foil","0.19","0.15","1.4100","0.1000","1","0","0.1500",""
"5489166","Magic","Streets of New Capenna","Cut of the Profits","","72","R","Near Mint","0.11","0.11","1.3700","0.0600","1","0","0.1500",""
"5495907","Magic","Streets of New Capenna","Cut Your Losses","","38","R","Near Mint","0.98","0.97","2.2200","0.9100","0","0","0.8400",""
"5488836","Magic","Streets of New Capenna","Elspeth Resplendent","","11","M","Near Mint","4.44","4.44","5.0500","5.0500","0","0","5.0500",""
"5488841","Magic","Streets of New Capenna","Elspeth Resplendent","","11","M","Near Mint Foil","4.68","8.24","5.2900","3.9800","0","0","4.3300",""
"5514787","Magic","Streets of New Capenna","Endless Detour","","183","R","Near Mint","0.14","0.11","1.3500","0.0400","0","0","0.1500",""
"5503173","Magic","Streets of New Capenna","Errant, Street Artist","","41","R","Near Mint","0.14","0.14","1.3900","0.0800","0","0","0.1500",""
"5494835","Magic","Streets of New Capenna","Evelyn, the Covetous","","184","R","Near Mint","0.13","","1.3400","0.0300","0","0","0.1500",""
"5520123","Magic","Streets of New Capenna","Evelyn, the Covetous (Gilded Foil)","","371","R","Near Mint Foil","2.46","2.44","3.6500","2.3400","0","0","2.3600",""
"5494955","Magic","Streets of New Capenna","Evelyn, the Covetous (Showcase)","","306","R","Near Mint","0.14","0.11","1.3600","0.0500","0","0","0.1500",""
"5496717","Magic","Streets of New Capenna","Evolving Door","","144","R","Near Mint","0.11","0.09","1.3300","0.0200","1","0","0.1500",""
"5502228","Magic","Streets of New Capenna","Fight Rigging","","145","R","Near Mint","0.26","0.20","1.4300","0.1200","0","0","0.1500",""
"5504719","Magic","Streets of New Capenna","Fleetfoot Dancer","","188","R","Near Mint","0.10","0.10","1.3600","0.0500","0","0","0.1500",""
"5489276","Magic","Streets of New Capenna","Gala Greeters","","148","R","Near Mint","1.01","1.01","1.8200","0.5100","0","0","0.6100",""
"5488616","Magic","Streets of New Capenna","Getaway Car","","237","R","Near Mint","0.12","0.04","1.3500","0.0400","1","0","0.1500",""
"5499411","Magic","Streets of New Capenna","Hostile Takeover (Showcase)","","310","R","Near Mint","0.12","0.10","1.3400","0.0300","0","0","0.1500",""
"5505159","Magic","Streets of New Capenna","Incandescent Aria","","192","R","Near Mint","0.14","0.09","1.3500","0.0400","1","0","0.1500",""
"5522083","Magic","Streets of New Capenna","Inspiring Overseer","","18","C","Near Mint","0.24","0.20","1.4100","0.1000","0","0","0.1500",""
"5487728","Magic","Streets of New Capenna","Jaxis, the Troublemaker","","112","R","Near Mint Foil","1.24","1.18","2.4400","1.1300","0","0","1.1500",""
"5488053","Magic","Streets of New Capenna","Ledger Shredder","","46","R","Near Mint","6.55","6.46","6.4000","5.4100","0","0","6.0000",""
"5488058","Magic","Streets of New Capenna","Ledger Shredder","","46","R","Near Mint Foil","7.05","6.99","6.9900","6.9900","0","0","6.2700",""
"5497761","Magic","Streets of New Capenna","Luxior, Giada's Gift","","240","M","Near Mint","3.46","3.50","4.2100","2.9000","0","0","3.1800",""
"5497871","Magic","Streets of New Capenna","Luxior, Giada's Gift (Extended Art)","","439","M","Near Mint","4.86","4.87","5.0000","3.6900","0","0","4.2800",""
"5494164","Magic","Streets of New Capenna","Maestros Theater","","251","C","Near Mint","0.23","0.20","1.5100","0.2000","0","0","0.2100",""
"5495687","Magic","Streets of New Capenna","Mage's Attendant","","21","U","Near Mint","0.06","0.06","1.3200","0.0100","1","0","0.1500",""
"5510192","Magic","Streets of New Capenna","Obscura Ascendancy","","207","R","Near Mint","0.15","0.08","1.3200","0.0100","0","0","0.1500",""
"5497461","Magic","Streets of New Capenna","Obscura Interceptor","","209","R","Near Mint","0.07","0.07","1.3400","0.0300","0","0","0.1500",""
"5506734","Magic","Streets of New Capenna","Obscura Storefront","","252","C","Near Mint","0.18","0.19","1.4800","0.1700","0","0","0.1900",""
"5512297","Magic","Streets of New Capenna","Ognis, the Dragon's Lash","","210","R","Near Mint","0.22","","1.5100","0.2000","0","0","0.2100",""
"5510302","Magic","Streets of New Capenna","Park Heights Pegasus","","211","R","Near Mint","0.13","0.12","1.3300","0.0200","0","0","0.1500",""
"5515557","Magic","Streets of New Capenna","Patch Up","","23","U","Near Mint","0.06","0.05","1.3200","0.0100","1","0","0.1500",""
"5502343","Magic","Streets of New Capenna","Professional Face-Breaker","","116","R","Near Mint Foil","4.28","4.36","5.5600","5.5600","0","0","5.5600",""
"5506149","Magic","Streets of New Capenna","Rabble Rousing","","24","R","Near Mint","0.66","0.80","1.7900","0.4800","0","0","0.5200",""
"5465473","Magic","Streets of New Capenna","Raffine's Tower","","254","R","Near Mint","11.06","11.22","11.4800","11.4800","0","0","11.2300",""
"5514457","Magic","Streets of New Capenna","Rigo, Streetwise Mentor","","215","R","Near Mint","0.13","0.12","1.4000","0.0900","0","0","0.1500",""
"5520263","Magic","Streets of New Capenna","Riveteers Ascendancy (Gilded Foil)","","395","R","Near Mint Foil","4.26","9.99","4.3700","3.0600","0","0","3.6600",""
"5526813","Magic","Streets of New Capenna","Riveteers Overlook","","255","C","Near Mint","0.22","0.20","1.5000","0.1900","0","0","0.2000",""
"5526818","Magic","Streets of New Capenna","Riveteers Overlook","","255","C","Near Mint Foil","0.34","0.28","1.5400","0.2300","0","0","0.2500",""
"5520388","Magic","Streets of New Capenna","Rocco, Cabaretti Caterer (Gilded Foil)","","397","U","Near Mint Foil","1.16","1.50","2.3000","0.9900","0","0","1.0200",""
"5486283","Magic","Streets of New Capenna","Rumor Gatherer","","29","U","Near Mint","0.22","0.23","1.5100","0.2000","0","0","0.2000",""
"5516487","Magic","Streets of New Capenna","Sanctuary Warden","","30","M","Near Mint","0.61","0.57","1.8800","0.5700","0","0","0.5800",""
"5516492","Magic","Streets of New Capenna","Sanctuary Warden","","30","M","Near Mint Foil","1.01","0.97","2.2000","0.8900","0","0","0.8100",""
"5508302","Magic","Streets of New Capenna","Sanguine Spy","","93","R","Near Mint","0.18","0.18","1.4000","0.0900","0","0","0.1500",""
"5498241","Magic","Streets of New Capenna","Shakedown Heavy","","95","R","Near Mint","0.21","0.23","1.4900","0.1800","1","0","0.1900",""
"5514347","Magic","Streets of New Capenna","Soul of Emancipation (Showcase)","","334","R","Near Mint","0.16","0.10","1.3200","0.0100","0","0","0.1500",""
"5467025","Magic","Streets of New Capenna","Spara's Headquarters (Borderless)","","293","R","Near Mint Foil","35.49","38.68","31.9000","29.9100","0","0","31.5800",""
"5467130","Magic","Streets of New Capenna","Spara's Headquarters (Showcase)","","355","R","Near Mint","12.00","12.02","11.9800","10.6700","0","0","11.9700",""
"5516377","Magic","Streets of New Capenna","Structural Assault","","126","R","Near Mint","0.14","0.13","1.4100","0.1000","0","0","0.1500",""
"5498371","Magic","Streets of New Capenna","Suspicious Bookcase","","245","U","Near Mint","0.09","0.08","1.3200","0.0100","1","0","0.1500",""
"5497911","Magic","Streets of New Capenna","Toluz, Clever Conductor","","228","R","Near Mint","0.09","0.09","1.3400","0.0300","1","0","0.1500",""
"5499141","Magic","Streets of New Capenna","Topiary Stomper (Borderless)","","290","R","Near Mint","1.26","1.49","2.2800","0.9700","0","0","1.0300",""
"5522853","Magic","Streets of New Capenna","Undercover Operative","","63","R","Near Mint","0.30","","1.5000","0.1900","0","0","0.2100",""
"5501266","Magic","Streets of New Capenna","Unleash the Inferno","","229","R","Near Mint","0.10","0.10","1.3200","0.0100","1","0","0.1500",""
"5501271","Magic","Streets of New Capenna","Unleash the Inferno","","229","R","Near Mint Foil","0.17","","1.3500","0.0400","3","0","0.1500",""
"5504379","Magic","Streets of New Capenna","Unlicensed Hearse","","246","R","Near Mint Foil","0.74","0.38","1.6900","0.3800","0","0","0.4600",""
"5493744","Magic","Streets of New Capenna","Vivien on the Hunt (Showcase) (Foil Etched)","","447","M","Near Mint Foil","4.08","4.00","5.0500","5.0500","1","0","5.0500",""
"5489799","Magic","Streets of New Capenna","Waterfront District (Showcase)","","357","C","Near Mint Foil","0.20","0.05","1.3400","0.0300","1","0","0.1500",""
"5517317","Magic","Streets of New Capenna","Widespread Thieving","","130","R","Near Mint","0.15","0.13","1.3800","0.0700","1","0","0.1500",""
"5488286","Magic","Streets of New Capenna","Wiretapping","","65","R","Near Mint","0.10","0.09","1.3400","0.0300","1","0","0.1500",""
"5465693","Magic","Streets of New Capenna","Ziatora's Proving Ground","","261","R","Near Mint","8.12","7.99","8.0600","6.7500","0","0","7.4300",""
"5465698","Magic","Streets of New Capenna","Ziatora's Proving Ground","","261","R","Near Mint Foil","8.87","9.86","9.0000","9.0000","0","0","9.0000",""
"5467903","Magic","Streets of New Capenna","Ziatora's Proving Ground (Borderless)","","295","R","Near Mint","14.02","15.49","14.2700","13.0000","0","0","13.0200",""
"5466914","Magic","Streets of New Capenna","Ziatora's Proving Ground (Showcase)","","359","R","Near Mint Foil","8.11","8.49","8.3100","7.0000","0","0","7.5500",""
"4881238","Magic","Strixhaven: Mystical Archives","Brainstorm","","13","R","Near Mint","3.93","3.94","3.3200","2.0100","0","0","2.9700",""
"4881538","Magic","Strixhaven: Mystical Archives","Counterspell","","15","R","Near Mint","4.14","4.14","4.7300","3.4200","0","0","3.7500",""
"4844957","Magic","Strixhaven: Mystical Archives","Crux of Fate","","25","M","Near Mint Foil","13.07","13.85","12.1600","12.1600","1","0","12.6200",""
"4845017","Magic","Strixhaven: Mystical Archives","Crux of Fate (JP Alternate Art)","","88","M","Near Mint Foil","17.39","21.64","17.5000","17.5000","0","0","17.5000",""
"4843482","Magic","Strixhaven: Mystical Archives","Harmonize","","52","R","Near Mint Foil","1.08","","2.2100","0.9000","0","0","0.9400",""
"4837826","Magic","Strixhaven: Mystical Archives","Lightning Bolt","","42","R","Near Mint Foil","3.90","29.94","4.4500","3.1400","0","0","3.5200",""
"4846617","Magic","Strixhaven: Mystical Archives","Mizzix's Mastery","","43","M","Near Mint Foil","4.46","7.79","5.9900","5.0000","0","0","5.0000",""
"4853857","Magic","Strixhaven: Mystical Archives","Regrowth (JP Alternate Art)","","119","R","Near Mint Foil","3.31","","3.2000","1.2100","0","0","2.2600",""
"4884203","Magic","Strixhaven: Mystical Archives","Swords to Plowshares","","10","R","Near Mint","3.26","3.02","4.0300","2.7200","0","0","2.9900",""
"4884563","Magic","Strixhaven: Mystical Archives","Time Warp","","22","M","Near Mint","11.84","12.99","12.1900","11.1900","0","0","11.5200",""
"4842231","Magic","Strixhaven: Mystical Archives","Weather the Storm (JP Alternate Art)","","121","R","Near Mint Foil","5.58","6.59","6.3200","5.6200","0","0","5.6200",""
"4837936","Magic","Strixhaven: School of Mages","Archmage Emeritus","","37","R","Near Mint","1.60","1.00","1.9700","0.6600","0","0","0.8400",""
"4860251","Magic","Strixhaven: School of Mages","Archway Commons","","263","C","Near Mint","0.12","","1.3200","0.0100","1","0","0.1500",""
"4862465","Magic","Strixhaven: School of Mages","Baleful Mastery","","64","R","Near Mint","1.69","","2.8100","1.5000","1","0","1.5400",""
"4873828","Magic","Strixhaven: School of Mages","Beledros Witherbloom (Borderless)","","282","M","Near Mint","7.47","7.91","7.5000","6.1500","0","0","6.9200",""
"4849107","Magic","Strixhaven: School of Mages","Blade Historian","","165","R","Near Mint","3.87","3.94","5.0000","5.0000","0","0","5.0000",""
"4872008","Magic","Strixhaven: School of Mages","Daemogoth Titan","","174","R","Near Mint","0.53","0.45","1.7500","0.4400","0","0","0.4600",""
"4867885","Magic","Strixhaven: School of Mages","Devastating Mastery","","14","R","Near Mint","0.14","0.15","1.3400","0.0300","0","0","0.1500",""
"4865345","Magic","Strixhaven: School of Mages","Dragon's Approach","","97","C","Near Mint","1.73","2.36","2.0400","0.7300","0","0","0.9300",""
"4865350","Magic","Strixhaven: School of Mages","Dragon's Approach","","97","C","Near Mint Foil","1.85","2.26","2.8100","1.5000","0","0","1.5700",""
"4878868","Magic","Strixhaven: School of Mages","Dramatic Finale","","180","R","Near Mint","0.15","0.14","1.4100","0.1000","0","0","0.1500",""
"4879088","Magic","Strixhaven: School of Mages","Fracture","","188","U","Near Mint","0.73","0.72","1.6000","0.2900","0","0","0.3900",""
"4848237","Magic","Strixhaven: School of Mages","Furycalm Snarl (Extended Art)","","361","R","Near Mint","0.90","1.04","1.8100","0.5000","0","0","0.5800",""
"4863015","Magic","Strixhaven: School of Mages","Galazeth Prismari (Borderless)","","281","M","Near Mint","2.65","2.63","3.2400","1.9300","0","0","2.0700",""
"4852977","Magic","Strixhaven: School of Mages","Magma Opus","","203","M","Near Mint","0.40","0.47","1.5400","0.2300","0","0","0.2600",""
"4784758","Magic","Strixhaven: School of Mages","Quandrix Command","","217","R","Near Mint","0.17","0.18","1.4000","0.0900","0","0","0.1500",""
"4857302","Magic","Strixhaven: School of Mages","Resculpt","","51","C","Near Mint","0.23","","1.5000","0.1900","0","0","0.2000",""
"4856012","Magic","Strixhaven: School of Mages","Solve the Equation","","54","U","Near Mint","1.80","1.48","2.2200","0.9100","0","0","1.1100",""
"4854762","Magic","Strixhaven: School of Mages","Velomachus Lorehold (Borderless)","","283","M","Near Mint","1.89","2.15","3.0000","1.6900","0","0","1.7300",""
"4856232","Magic","Strixhaven: School of Mages","Wandering Archaic","","6","R","Near Mint","8.96","9.85","7.0000","6.0100","0","0","8.0000",""
"4874768","Magic","Strixhaven: School of Mages","Zephyr Boots","","261","U","Near Mint","0.26","0.25","1.4800","0.1700","1","0","0.1900",""
"18862","Magic","Stronghold","Grave Pact","","","R","Near Mint","19.56","","21.9700","20.7000","0","0","20.7000",""
"368174","Magic","Stronghold","Mox Diamond","","","R","Lightly Played","648.12","","674.5100","674.5100","0","0","674.5100",""
"18898","Magic","Stronghold","Primal Rage","","","U","Near Mint","3.86","7.42","3.7500","2.4400","1","0","3.1500",""
"18958","Magic","Stronghold","Wall of Tears","","","U","Near Mint","0.78","","1.8600","0.5500","0","0","0.6000",""
"8633788","Magic","Tarkir: Dragonstorm","Avenger of the Fallen","","73","R","Near Mint","0.50","0.42","1.6900","0.3800","0","0","0.4100",""
"8586191","Magic","Tarkir: Dragonstorm","Barrensteppe Siege (Borderless)","","384","R","Near Mint","0.42","0.40","1.4900","0.0800","0","0","0.1500",""
"8620695","Magic","Tarkir: Dragonstorm","Bloomvine Regent","","136","R","Near Mint","0.74","0.66","1.7000","0.3900","0","0","0.4600",""
"8632823","Magic","Tarkir: Dragonstorm","Clarion Conqueror","","5","R","Near Mint Foil","2.96","2.95","3.5100","2.2000","0","0","2.3500",""
"8625351","Magic","Tarkir: Dragonstorm","Cori Mountain Monastery (Borderless)","","393","R","Near Mint Foil","1.51","1.51","2.3000","0.9900","0","0","1.0900",""
"8634869","Magic","Tarkir: Dragonstorm","Cori-Steel Cutter","","103","R","Near Mint","4.50","4.28","5.5900","4.2800","0","0","5.0000",""
"8635340","Magic","Tarkir: Dragonstorm","Cori-Steel Cutter (Borderless)","","343","R","Near Mint","4.60","4.46","4.8000","3.4900","0","0","4.0100",""
"8625411","Magic","Tarkir: Dragonstorm","Dalkovan Encampment (Borderless)","","394","R","Near Mint Foil","1.09","1.35","2.0600","0.7500","0","0","0.7800",""
"8641043","Magic","Tarkir: Dragonstorm","Dragonfire Blade (Showcase)","","324","R","Near Mint","1.53","1.70","2.3100","1.0000","0","0","1.1200",""
"8611919","Magic","Tarkir: Dragonstorm","Elspeth, Storm Slayer","","11","M","Near Mint","28.57","27.55","27.5500","27.5500","0","0","29.5500",""
"8629430","Magic","Tarkir: Dragonstorm","Glacierwood Siege","","189","R","Near Mint","0.34","0.32","1.5300","0.2200","0","0","0.2400",""
"8629435","Magic","Tarkir: Dragonstorm","Glacierwood Siege","","189","R","Near Mint Foil","0.38","0.37","1.5400","0.2300","0","0","0.2600",""
"8635520","Magic","Tarkir: Dragonstorm","Herd Heirloom","","144","R","Near Mint","2.03","1.64","2.5700","1.2600","0","0","1.5700",""
"8635525","Magic","Tarkir: Dragonstorm","Herd Heirloom","","144","R","Near Mint Foil","3.09","3.13","3.2100","1.9000","0","0","2.2900",""
"8635645","Magic","Tarkir: Dragonstorm","Herd Heirloom (Borderless)","","347","R","Near Mint Foil","5.08","5.82","5.0000","5.0000","0","0","5.0400",""
"8628080","Magic","Tarkir: Dragonstorm","Heritage Reclamation","","145","C","Near Mint","0.22","0.13","1.4600","0.1500","1","0","0.1600",""
"8634268","Magic","Tarkir: Dragonstorm","Hollowmurk Siege","","192","R","Near Mint","0.51","0.47","1.6000","0.2900","0","0","0.3400",""
"8625531","Magic","Tarkir: Dragonstorm","Kishla Village (Borderless)","","396","R","Near Mint Foil","0.65","0.72","1.8600","0.5500","0","0","0.5700",""
"8612189","Magic","Tarkir: Dragonstorm","Maelstrom of the Spirit Dragon","","260","R","Near Mint Foil","2.12","2.11","2.4600","1.1500","0","0","1.3400",""
"8616479","Magic","Tarkir: Dragonstorm","Maelstrom of the Spirit Dragon (Showcase)","","326","R","Near Mint","1.30","1.39","2.2600","0.9500","0","0","1.0300",""
"8623846","Magic","Tarkir: Dragonstorm","Magmatic Hellkite (Borderless)","","380","R","Near Mint","1.72","1.75","2.0900","0.7800","0","0","0.9700",""
"8612249","Magic","Tarkir: Dragonstorm","Marang River Regent","","51","R","Near Mint Foil","3.43","3.54","3.4100","2.1000","1","0","2.7700",""
"8616816","Magic","Tarkir: Dragonstorm","Marang River Regent (Borderless)","","378","R","Near Mint Foil","5.52","5.80","5.0000","5.0000","0","0","5.3800",""
"8650000","Magic","Tarkir: Dragonstorm","Mardu Siegebreaker","","206","R","Near Mint Foil","0.57","0.59","1.6100","0.2000","0","0","0.2700",""
"8625051","Magic","Tarkir: Dragonstorm","Mistrise Village","","261","R","Near Mint Foil","5.67","5.66","5.9500","5.9500","0","0","5.9500",""
"8625586","Magic","Tarkir: Dragonstorm","Mistrise Village (Borderless)","","397","R","Near Mint","7.11","8.48","6.0000","6.0000","0","0","6.9900",""
"8613029","Magic","Tarkir: Dragonstorm","Mountain (0290)","","290","L","Near Mint Foil","16.71","18.06","18.6000","18.6000","0","0","18.6000",""
"8629610","Magic","Tarkir: Dragonstorm","Perennation","","212","M","Near Mint","0.38","0.38","1.5500","0.2400","0","0","0.2700",""
"8612369","Magic","Tarkir: Dragonstorm","Qarsi Revenant","","86","R","Near Mint Foil","2.81","2.82","2.8100","1.5000","0","0","1.7600",""
"8612429","Magic","Tarkir: Dragonstorm","Rakshasa's Bargain","","214","U","Near Mint Foil","0.28","0.28","1.3900","0.0800","0","0","0.1500",""
"8649935","Magic","Tarkir: Dragonstorm","Roar of Endless Song (Borderless)","","390","R","Near Mint","0.25","0.12","1.4100","0.1000","1","0","0.1500",""
"8586071","Magic","Tarkir: Dragonstorm","Shiko, Paragon of the Way","","223","M","Near Mint","0.85","1.19","1.8900","0.5800","0","0","0.6300",""
"8585711","Magic","Tarkir: Dragonstorm","Smile at Death","","24","M","Near Mint","1.72","1.20","2.5100","1.2000","0","0","1.3600",""
"8613149","Magic","Tarkir: Dragonstorm","Swamp (0289)","","289","L","Near Mint Foil","5.27","5.68","5.0200","5.0200","0","0","5.1400",""
"8616689","Magic","Tarkir: Dragonstorm","Taigam, Master Opportunist (Borderless)","","335","M","Near Mint","1.32","1.29","2.0500","0.7400","0","0","0.8600",""
"8619615","Magic","Tarkir: Dragonstorm","Tempest Hawk","","31","C","Near Mint","0.33","0.40","1.5100","0.2000","0","0","0.2300",""
"8619620","Magic","Tarkir: Dragonstorm","Tempest Hawk","","31","C","Near Mint Foil","0.64","1.19","1.6700","0.3600","0","0","0.4600",""
"8635465","Magic","Tarkir: Dragonstorm","Tersa Lightshatter (Borderless)","","345","R","Near Mint Foil","2.64","2.71","3.1100","1.8000","0","0","1.9700",""
"8639300","Magic","Tarkir: Dragonstorm","Thunder of Unity","","231","R","Near Mint","0.13","0.09","1.4000","0.0900","1","0","0.1500",""
"8618733","Magic","Tarkir: Dragonstorm","Ugin, Eye of the Storms (Borderless)","","382","M","Near Mint","32.87","37.99","32.8900","32.8900","0","0","32.1700",""
"8609129","Magic","Tarkir: Dragonstorm","United Battlefront","","32","R","Near Mint","0.25","0.22","1.4100","0.1000","0","0","0.1500",""
"8612699","Magic","Tarkir: Dragonstorm","Ureni, the Song Unending","","233","M","Near Mint","1.25","1.32","2.1900","0.8800","0","0","0.9700",""
"8612819","Magic","Tarkir: Dragonstorm","Voice of Victory","","33","R","Near Mint","11.38","11.28","11.2800","11.2800","0","0","11.4600",""
"8611619","Magic","Tarkir: Dragonstorm","Voice of Victory (Borderless)","","331","R","Near Mint","13.88","14.06","11.9900","11.9900","0","0","12.5500",""
"8640683","Magic","Tarkir: Dragonstorm","Windcrag Siege","","235","R","Near Mint","2.33","2.72","3.1100","1.8000","0","0","1.9200",""
"8640923","Magic","Tarkir: Dragonstorm","Windcrag Siege (Borderless)","","392","R","Near Mint","2.44","2.98","3.0100","1.7000","0","0","1.8600",""
"18997","Magic","Tempest","Choke","","219","U","Near Mint","1.03","","2.1900","0.8800","0","0","0.9100",""
"19120","Magic","Tempest","Lotus Petal","","294","C","Near Mint","26.44","25.99","24.3100","23.0000","0","0","23.6200",""
"19174","Magic","Tempest","Propaganda","","80","U","Near Mint","3.30","","3.8700","2.5600","0","0","2.9600",""
"368531","Magic","Tempest","Static Orb","","310","R","Lightly Played","8.57","9.09","8.8500","7.8600","0","0","8.8500",""
"6677457","Magic","The Brothers' War","Arcane Proxy","","75","M","Near Mint","0.29","0.26","1.5500","0.2400","0","0","0.2500",""
"6668396","Magic","The Brothers' War","Argoth, Sanctum of Nature","","256","R","Near Mint","0.83","0.71","1.9700","0.6600","0","0","0.7000",""
"6668401","Magic","The Brothers' War","Argoth, Sanctum of Nature","","256","R","Near Mint Foil","1.12","1.18","2.1700","0.8600","0","0","1.0600",""
"6713985","Magic","The Brothers' War","Arms Race","","126","U","Near Mint","0.04","","1.3200","0.0100","2","0","0.1500",""
"6719265","Magic","The Brothers' War","Artificer's Dragon","","291","R","Near Mint","0.13","0.12","1.3600","0.0500","0","0","0.1500",""
"6676417","Magic","The Brothers' War","Ashnod, Flesh Mechanist","","84","R","Near Mint","0.12","0.13","1.3700","0.0600","4","0","0.1500",""
"6689553","Magic","The Brothers' War","Audacity","","169","U","Near Mint","0.29","0.27","1.4900","0.1600","0","0","0.2200",""
"6689558","Magic","The Brothers' War","Audacity","","169","U","Near Mint Foil","0.52","0.29","1.6000","0.2900","0","0","0.3400",""
"6704941","Magic","The Brothers' War","Autonomous Assembler","","34","R","Near Mint","0.08","","1.3200","0.0100","6","0","0.1500",""
"6669301","Magic","The Brothers' War","Battlefield Forge","","257","R","Near Mint","0.39","0.39","1.5800","0.2700","0","0","0.2900",""
"6674097","Magic","The Brothers' War","Battlefield Forge (Borderless)","","297","R","Near Mint","2.33","1.96","2.3000","0.9900","0","0","1.2600",""
"6671977","Magic","The Brothers' War","Blast Zone","","258","R","Near Mint","0.23","0.18","1.4700","0.1600","0","0","0.1700",""
"6689633","Magic","The Brothers' War","Brotherhood's End","","128","R","Near Mint","0.92","0.93","2.0600","0.7500","0","0","0.7800",""
"6669061","Magic","The Brothers' War","Brushland","","259","R","Near Mint","0.79","0.50","1.7000","0.3900","3","0","0.3900",""
"6674177","Magic","The Brothers' War","Brushland (Borderless)","","298","R","Near Mint","1.90","2.31","2.8100","1.5000","0","0","1.6800",""
"6674182","Magic","The Brothers' War","Brushland (Borderless)","","298","R","Near Mint Foil","4.88","5.53","5.1200","5.1200","0","0","5.1200",""
"6718400","Magic","The Brothers' War","Bushwhack","","174","U","Near Mint","0.19","0.18","1.4400","0.1300","2","0","0.1500",""
"6680583","Magic","The Brothers' War","Calamity's Wake","","4","U","Near Mint","0.09","","1.3600","0.0500","3","0","0.1500",""
"6676337","Magic","The Brothers' War","Clay Champion","","230","M","Near Mint","0.22","0.24","1.4500","0.1400","0","0","0.1600",""
"6717900","Magic","The Brothers' War","Cradle Clearcutter","","198","U","Near Mint","0.08","","1.3600","0.0500","9","0","0.1500",""
"6695486","Magic","The Brothers' War","Deathbloom Ritualist","","208","R","Near Mint","0.21","","1.4600","0.1500","0","0","0.1600",""
"6688983","Magic","The Brothers' War","Demolition Field","","260","U","Near Mint","0.30","0.27","1.4900","0.1400","0","0","0.2000",""
"6683248","Magic","The Brothers' War","Diabolic Intent","","89","R","Near Mint","11.29","10.99","9.3300","7.3400","0","0","11.1300",""
"6683418","Magic","The Brothers' War","Disciples of Gix","","90","U","Near Mint","0.05","","1.3400","0.0300","2","0","0.1500",""
"6674737","Magic","The Brothers' War","Drafna, Founder of Lat-Nam","","47","R","Near Mint","0.27","","1.5400","0.2300","0","0","0.2400",""
"6705796","Magic","The Brothers' War","Dreams of Steel and Oil","","92","U","Near Mint","0.27","","1.3400","0.0300","0","0","0.1500",""
"6705801","Magic","The Brothers' War","Dreams of Steel and Oil","","92","U","Near Mint Foil","0.47","0.33","1.5600","0.2500","0","0","0.2900",""
"6676497","Magic","The Brothers' War","Fade from History","","177","R","Near Mint","1.08","1.36","1.9900","0.6800","0","0","0.7600",""
"6691043","Magic","The Brothers' War","Fallaji Dragon Engine","","159","U","Near Mint","0.10","","1.3200","0.0100","1","0","0.1500",""
"6717595","Magic","The Brothers' War","Fateful Handoff","","94","R","Near Mint Foil","0.23","","1.4900","0.1800","0","0","0.1900",""
"6699131","Magic","The Brothers' War","Fauna Shaman","","179","R","Near Mint","2.20","2.02","3.1600","1.8500","0","0","1.9200",""
"6672069","Magic","The Brothers' War","Feldon, Ronom Excavator","","135","R","Near Mint","0.09","0.05","1.3300","0.0200","0","0","0.1500",""
"6672074","Magic","The Brothers' War","Feldon, Ronom Excavator","","135","R","Near Mint Foil","0.22","0.13","1.3800","0.0700","1","0","0.1500",""
"6681653","Magic","The Brothers' War","Forging the Anchor","","50","U","Near Mint","0.07","0.05","1.3500","0.0400","1","0","0.1500",""
"6689773","Magic","The Brothers' War","Fortified Beachhead","","262","R","Near Mint","0.16","","1.4200","0.1100","0","0","0.1500",""
"6716050","Magic","The Brothers' War","Geology Enthusiast","","289","R","Near Mint","0.16","0.14","1.3900","0.0800","0","0","0.1500",""
"6714765","Magic","The Brothers' War","Giant Cindermaw","","136","U","Near Mint","0.07","","1.3600","0.0500","1","0","0.1500",""
"6714770","Magic","The Brothers' War","Giant Cindermaw","","136","U","Near Mint Foil","0.18","","1.4100","0.1000","1","0","0.1500",""
"6667676","Magic","The Brothers' War","Gix, Yawgmoth Praetor","","95","M","Near Mint","2.15","2.18","2.8100","1.5000","0","0","1.6400",""
"6672387","Magic","The Brothers' War","Gix's Command","","97","R","Near Mint","0.48","0.38","1.6500","0.3000","0","0","0.4000",""
"6693883","Magic","The Brothers' War","Gixian Puppeteer","","99","R","Near Mint","0.91","0.99","1.9600","0.6500","0","0","0.7000",""
"6704771","Magic","The Brothers' War","Gnawing Vermin","","101","U","Near Mint","0.17","0.14","1.4100","0.1000","1","0","0.1500",""
"6675697","Magic","The Brothers' War","Go for the Throat","","102","U","Near Mint","0.51","0.46","1.7000","0.3900","0","0","0.4200",""
"6708814","Magic","The Brothers' War","Gurgling Anointer","","104","U","Near Mint","0.08","","1.3600","0.0500","4","0","0.1500",""
"6709295","Magic","The Brothers' War","Gwenna, Eyes of Gaea","","185","R","Near Mint","3.41","3.99","4.0200","2.7100","0","0","3.0600",""
"6687273","Magic","The Brothers' War","Hajar, Loyal Bodyguard","","211","R","Near Mint","0.47","0.47","1.6900","0.3400","0","0","0.4000",""
"6676977","Magic","The Brothers' War","Hall of Tagsin","","263","R","Near Mint","0.25","0.20","1.4800","0.1700","0","0","0.1900",""
"6676657","Magic","The Brothers' War","Harbin, Vanguard Aviator","","212","R","Near Mint","0.15","","1.3900","0.0800","5","0","0.1500",""
"6676662","Magic","The Brothers' War","Harbin, Vanguard Aviator","","212","R","Near Mint Foil","0.25","","1.4500","0.1400","1","0","0.1600",""
"6709380","Magic","The Brothers' War","Haywire Mite","","199","U","Near Mint","0.72","0.73","1.7600","0.4500","0","0","0.5000",""
"6716970","Magic","The Brothers' War","Hostile Negotiations","","105","R","Near Mint","0.23","0.17","1.5100","0.2000","0","0","0.2100",""
"6710556","Magic","The Brothers' War","Hulking Metamorph","","79","U","Near Mint","0.12","","1.4000","0.0900","9","0","0.1500",""
"6668481","Magic","The Brothers' War","Hurkyl, Master Wizard","","51","R","Near Mint","0.19","0.09","1.4000","0.0900","1","0","0.1500",""
"6668486","Magic","The Brothers' War","Hurkyl, Master Wizard","","51","R","Near Mint Foil","0.25","","1.4500","0.1400","1","0","0.1600",""
"6681733","Magic","The Brothers' War","Hurkyl's Final Meditation","","52","R","Near Mint","0.10","","1.3800","0.0700","2","0","0.1500",""
"6672657","Magic","The Brothers' War","In the Trenches","","8","M","Near Mint","0.30","","1.4900","0.1800","0","0","0.2000",""
"6672567","Magic","The Brothers' War","Kayla's Command","","9","R","Near Mint","0.16","","1.3900","0.0800","6","0","0.1500",""
"6676257","Magic","The Brothers' War","Kayla's Reconstruction","","10","R","Near Mint","0.13","","1.3900","0.0800","0","0","0.1500",""
"6676262","Magic","The Brothers' War","Kayla's Reconstruction","","10","R","Near Mint Foil","0.17","0.09","1.4100","0.1000","1","0","0.1500",""
"6708734","Magic","The Brothers' War","Keeper of the Cadence","","54","U","Near Mint","0.07","","1.3200","0.0100","1","0","0.1500",""
"6694285","Magic","The Brothers' War","Lay Down Arms","","11","U","Near Mint","0.13","0.12","1.3600","0.0500","0","0","0.1500",""
"6713055","Magic","The Brothers' War","Legions to Ashes","","215","R","Near Mint","0.24","0.12","1.4300","0.1200","0","0","0.1500",""
"6687963","Magic","The Brothers' War","Liberator, Urza's Battlethopter","","237","R","Near Mint","4.52","4.72","5.0500","3.0700","0","0","4.0500",""
"6669221","Magic","The Brothers' War","Llanowar Wastes","","264","R","Near Mint","0.37","0.25","1.5600","0.2500","1","0","0.2800",""
"6673937","Magic","The Brothers' War","Llanowar Wastes (Borderless)","","299","R","Near Mint","2.23","2.09","3.2900","1.9800","0","0","2.0300",""
"6680823","Magic","The Brothers' War","Loran, Disciple of History","","13","U","Near Mint","0.10","","1.3500","0.0400","4","0","0.1500",""
"6680743","Magic","The Brothers' War","Loran of the Third Path","","12","R","Near Mint","1.99","1.84","2.9600","1.6500","0","0","1.4400",""
"6706391","Magic","The Brothers' War","Mechanized Warfare","","139","R","Near Mint","0.44","","1.5500","0.2400","0","0","0.2800",""
"6706396","Magic","The Brothers' War","Mechanized Warfare","","139","R","Near Mint Foil","0.47","","1.7800","0.4700","0","0","0.4700",""
"6713405","Magic","The Brothers' War","Meticulous Excavation","","16","U","Near Mint","0.15","","1.3500","0.0400","3","0","0.1500",""
"6713410","Magic","The Brothers' War","Meticulous Excavation","","16","U","Near Mint Foil","0.16","0.09","1.4000","0.0900","0","0","0.1500",""
"6708522","Magic","The Brothers' War","Misery's Shadow","","107","R","Near Mint","0.11","","1.3500","0.0400","1","0","0.1500",""
"6646168","Magic","The Brothers' War","Mishra, Claimed by Gix","","216","M","Near Mint","4.01","4.45","4.6000","3.2900","0","0","3.6500",""
"6667756","Magic","The Brothers' War","Mishra, Tamer of Mak Fawa","","217","R","Near Mint","0.16","","1.3900","0.0800","1","0","0.1500",""
"6674337","Magic","The Brothers' War","Mishra, Tamer of Mak Fawa (Borderless)","","295","R","Near Mint","0.27","0.14","1.4500","0.1400","0","0","0.1700",""
"6672477","Magic","The Brothers' War","Mishra's Command","","141","R","Near Mint","0.19","0.12","1.4500","0.1400","0","0","0.1500",""
"6641075","Magic","The Brothers' War","Mishra's Foundry","","265","R","Near Mint","0.27","0.18","1.4700","0.1600","0","0","0.1800",""
"6671897","Magic","The Brothers' War","Monastery Swiftspear","","144","U","Near Mint","0.19","","1.4700","0.1400","0","0","0.1800",""
"6683818","Magic","The Brothers' War","No One Left Behind","","109","U","Near Mint","0.07","","1.3500","0.0400","1","0","0.1500",""
"6686793","Magic","The Brothers' War","Obstinate Baloth","","187","U","Near Mint","0.09","0.04","1.3500","0.0400","6","0","0.1500",""
"6689853","Magic","The Brothers' War","One with the Multiverse","","59","M","Near Mint","1.32","1.06","2.2400","0.9300","0","0","1.0100",""
"6690103","Magic","The Brothers' War","One with the Multiverse (Extended Art)","","316","M","Near Mint","3.20","3.23","4.3600","3.0500","0","0","3.1300",""
"6715715","Magic","The Brothers' War","Over the Top","","146","R","Near Mint","0.17","","1.4100","0.1000","2","0","0.1500",""
"6679108","Magic","The Brothers' War","Painful Quandary","","111","R","Near Mint","1.24","1.38","2.0200","0.7100","0","0","0.8100",""
"6706711","Magic","The Brothers' War","Perennial Behemoth","","202","R","Near Mint","0.37","0.31","1.6100","0.3000","0","0","0.3100",""
"6706716","Magic","The Brothers' War","Perennial Behemoth","","202","R","Near Mint Foil","0.32","","1.6100","0.3000","0","0","0.3000",""
"6646248","Magic","The Brothers' War","Phyrexian Dragon Engine","","163","R","Near Mint","0.68","0.65","1.6900","0.3800","0","0","0.4400",""
"6667836","Magic","The Brothers' War","Phyrexian Fleshgorger","","121","M","Near Mint","1.25","1.44","2.0600","0.7500","0","0","0.8500",""
"6705966","Magic","The Brothers' War","Platoon Dispenser","","36","M","Near Mint","0.47","0.44","1.7100","0.4000","0","0","0.4100",""
"6640835","Magic","The Brothers' War","Queen Kayla bin-Kroog","","218","R","Near Mint","0.14","","1.3600","0.0500","3","0","0.1500",""
"6706311","Magic","The Brothers' War","Razorlash Transmogrant","","122","R","Near Mint","0.15","0.09","1.4100","0.1000","3","0","0.1500",""
"6680963","Magic","The Brothers' War","Repair and Recharge","","24","U","Near Mint","0.08","","1.3500","0.0400","5","0","0.1500",""
"6680968","Magic","The Brothers' War","Repair and Recharge","","24","U","Near Mint Foil","0.13","0.05","1.3500","0.0400","1","0","0.1500",""
"6714225","Magic","The Brothers' War","Rescue Retriever","","288","R","Near Mint","0.30","","1.5100","0.2000","0","0","0.2200",""
"6708905","Magic","The Brothers' War","Rootwire Amalgam","","203","M","Near Mint","0.23","0.24","1.5300","0.2200","0","0","0.2200",""
"6687443","Magic","The Brothers' War","Saheeli, Filigree Master","","219","M","Near Mint","0.77","0.69","1.9700","0.6600","0","0","0.6800",""
"6694806","Magic","The Brothers' War","Sardian Cliffstomper","","151","U","Near Mint","0.06","","1.3300","0.0200","1","0","0.1500",""
"6717510","Magic","The Brothers' War","Sarinth Greatwurm","","220","M","Near Mint","0.26","0.24","1.4900","0.1800","0","0","0.2000",""
"6710376","Magic","The Brothers' War","Sarinth Steelseeker","","189","U","Near Mint","0.22","","1.4600","0.1500","0","0","0.1600",""
"6691673","Magic","The Brothers' War","Siege Veteran","","25","R","Near Mint","0.22","0.20","1.5000","0.1900","0","0","0.2000",""
"6690673","Magic","The Brothers' War","Simian Simulacrum","","205","R","Near Mint","0.15","0.12","1.3800","0.0700","0","0","0.1500",""
"6707261","Magic","The Brothers' War","Skystrike Officer","","62","R","Near Mint","0.12","0.04","1.3600","0.0500","0","0","0.1500",""
"6715885","Magic","The Brothers' War","Slagstone Refinery","","243","U","Near Mint","0.13","","1.3700","0.0600","10","0","0.1500",""
"6715890","Magic","The Brothers' War","Slagstone Refinery","","243","U","Near Mint Foil","0.16","0.07","1.4100","0.1000","1","0","0.1500",""
"6674497","Magic","The Brothers' War","Soul Partition","","26","R","Near Mint","0.30","0.30","1.4700","0.1600","0","0","0.2000",""
"6716130","Magic","The Brothers' War","Spectrum Sentinel","","244","U","Near Mint","0.14","0.12","1.4400","0.1300","0","0","0.1500",""
"6705876","Magic","The Brothers' War","Steel Seraph","","38","R","Near Mint","0.64","0.58","1.7700","0.4600","0","0","0.5000",""
"6705881","Magic","The Brothers' War","Steel Seraph","","38","R","Near Mint Foil","1.07","","1.9100","0.6000","0","0","0.6900",""
"6640915","Magic","The Brothers' War","Surge Engine","","81","M","Near Mint","0.38","0.34","1.5900","0.2800","0","0","0.3000",""
"6640595","Magic","The Brothers' War","Swamp (283) - Full Art","","283","L","Near Mint","0.18","0.10","1.4300","0.1200","0","0","0.1500",""
"6709610","Magic","The Brothers' War","Symmetry Matrix","","252","U","Near Mint","0.17","","1.4100","0.1000","0","0","0.1500",""
"6674817","Magic","The Brothers' War","Tawnos, the Toymaker","","222","R","Near Mint","0.27","","1.5600","0.2500","0","0","0.2400",""
"6674822","Magic","The Brothers' War","Tawnos, the Toymaker","","222","R","Near Mint Foil","0.39","","1.6000","0.2900","0","0","0.3100",""
"6709690","Magic","The Brothers' War","Teething Wurmlet","","192","R","Near Mint","0.22","","1.5100","0.2000","0","0","0.2000",""
"6667916","Magic","The Brothers' War","Teferi, Temporal Pilgrim","","66","M","Near Mint","3.17","3.15","3.8000","2.4900","0","0","2.8300",""
"6674257","Magic","The Brothers' War","Teferi, Temporal Pilgrim (Borderless)","","293","M","Near Mint","3.01","3.05","3.6200","2.3100","0","0","2.8500",""
"6677837","Magic","The Brothers' War","Terisian Mindbreaker","","83","R","Near Mint","0.90","1.00","1.8100","0.5000","0","0","0.5800",""
"6677842","Magic","The Brothers' War","Terisian Mindbreaker","","83","R","Near Mint Foil","0.99","","2.2400","0.9300","0","0","0.9500",""
"6641355","Magic","The Brothers' War","The Mightstone and Weakstone","","238","R","Near Mint","2.15","2.12","3.3000","1.9900","0","0","2.0200",""
"6688133","Magic","The Brothers' War","The Stasis Coffin","","245","R","Near Mint","0.19","","1.4200","0.1100","0","0","0.1500",""
"6674577","Magic","The Brothers' War","The Stone Brain","","247","R","Near Mint","0.48","0.48","1.7100","0.3600","0","0","0.3800",""
"6677057","Magic","The Brothers' War","The Temporal Anchor","","82","R","Near Mint","0.19","","1.4600","0.1500","0","0","0.1600",""
"6677062","Magic","The Brothers' War","The Temporal Anchor","","82","R","Near Mint Foil","0.24","","1.4900","0.1800","0","0","0.1900",""
"6687523","Magic","The Brothers' War","Third Path Iconoclast","","223","U","Near Mint","0.38","","1.5800","0.2700","0","0","0.2700",""
"6675942","Magic","The Brothers' War","Third Path Savant","","67","C","Near Mint Foil","0.06","0.01","1.3300","0.0200","1","0","0.1500",""
"6692563","Magic","The Brothers' War","Thopter Mechanic","","68","U","Near Mint","0.07","","1.3200","0.0100","1","0","0.1500",""
"6688413","Magic","The Brothers' War","Thran Power Suit","","253","U","Near Mint","0.96","0.87","2.0700","0.7600","0","0","0.8000",""
"6676577","Magic","The Brothers' War","Thran Spider","","254","R","Near Mint","0.23","","1.4900","0.1800","0","0","0.1900",""
"6684068","Magic","The Brothers' War","Thran Vigil","","114","U","Near Mint","0.21","","1.4800","0.1700","0","0","0.1700",""
"6711005","Magic","The Brothers' War","Titania's Command","","194","R","Near Mint","0.45","0.42","1.7300","0.4200","0","0","0.4300",""
"6687603","Magic","The Brothers' War","Tocasia, Dig Site Mentor","","224","R","Near Mint","0.11","","1.3500","0.0400","1","0","0.1500",""
"6687713","Magic","The Brothers' War","Tocasia's Dig Site","","266","C","Near Mint","0.06","0.01","1.3500","0.0400","3","0","0.1500",""
"6676177","Magic","The Brothers' War","Tocasia's Welcome","","30","R","Near Mint","1.80","1.82","2.8700","1.5600","0","0","1.6100",""
"6717350","Magic","The Brothers' War","Transmogrant Altar","","124","U","Near Mint","0.16","","1.3500","0.0400","6","0","0.1500",""
"6717355","Magic","The Brothers' War","Transmogrant Altar","","124","U","Near Mint Foil","0.20","0.10","1.4100","0.1000","0","0","0.1500",""
"6674657","Magic","The Brothers' War","Transmogrant's Crown","","125","R","Near Mint","0.22","0.08","1.4700","0.1600","0","0","0.1700",""
"6674662","Magic","The Brothers' War","Transmogrant's Crown","","125","R","Near Mint Foil","0.28","","1.5100","0.2000","0","0","0.2200",""
"6680453","Magic","The Brothers' War","Tyrant of Kher Ridges","","154","R","Near Mint","0.12","0.05","1.3700","0.0600","4","0","0.1500",""
"6669141","Magic","The Brothers' War","Underground River","","267","R","Near Mint","0.98","","2.0600","0.7500","0","0","0.8000",""
"6693793","Magic","The Brothers' War","Union of the Third Path","","31","C","Near Mint","0.12","","1.3800","0.0500","1","0","0.1500",""
"6641435","Magic","The Brothers' War","Urza, Lord Protector","","225","M","Near Mint","7.43","7.43","7.3600","7.3600","0","0","7.4000",""
"6668566","Magic","The Brothers' War","Urza, Prince of Kroog","","226","R","Near Mint","0.83","0.45","1.6700","0.3600","0","0","0.4500",""
"6674417","Magic","The Brothers' War","Urza, Prince of Kroog (Borderless)","","296","R","Near Mint","0.33","0.32","1.5500","0.2400","0","0","0.2600",""
"6672297","Magic","The Brothers' War","Urza's Command","","70","R","Near Mint","0.16","","1.4100","0.1000","0","0","0.1500",""
"6677137","Magic","The Brothers' War","Urza's Sylex","","40","M","Near Mint","0.33","0.23","1.5400","0.2300","0","0","0.2500",""
"6677142","Magic","The Brothers' War","Urza's Sylex","","40","M","Near Mint Foil","0.40","","1.5600","0.2500","0","0","0.2800",""
"6685923","Magic","The Brothers' War","Visions of Phyrexia","","156","R","Near Mint","0.18","","1.4300","0.1200","0","0","0.1500",""
"6706231","Magic","The Brothers' War","Zephyr Sentinel","","74","U","Near Mint","0.10","","1.3500","0.0400","1","0","0.1500",""
"6694063","Magic","The Brothers' War: Retro Frame Artifacts","Adaptive Automaton","","1","R","Near Mint","1.18","1.45","2.1600","0.8500","0","0","0.9100",""
"6694108","Magic","The Brothers' War: Retro Frame Artifacts","Astral Cornucopia","","5","R","Near Mint","0.51","0.54","1.6100","0.3000","0","0","0.3400",""
"6694109","Magic","The Brothers' War: Retro Frame Artifacts","Astral Cornucopia","","5","R","Lightly Played","0.53","0.40","1.6700","0.3600","0","0","0.3900",""
"6700371","Magic","The Brothers' War: Retro Frame Artifacts","Astral Cornucopia (Schematic)","","68","R","Near Mint","0.73","0.79","1.9400","0.6300","0","0","0.6500",""
"6694163","Magic","The Brothers' War: Retro Frame Artifacts","Blackblade Reforged","","6","R","Near Mint","2.24","2.27","3.2200","1.9100","0","0","1.9700",""
"6694245","Magic","The Brothers' War: Retro Frame Artifacts","Burnished Hart","","8","U","Near Mint","0.09","","1.3700","0.0600","0","0","0.1500",""
"6694246","Magic","The Brothers' War: Retro Frame Artifacts","Burnished Hart","","8","U","Lightly Played","0.16","","1.3800","0.0700","5","0","0.1500",""
"6700731","Magic","The Brothers' War: Retro Frame Artifacts","Burnished Hart (Schematic)","","71","U","Near Mint","0.16","0.12","1.3900","0.0800","0","0","0.1500",""
"6700732","Magic","The Brothers' War: Retro Frame Artifacts","Burnished Hart (Schematic)","","71","U","Lightly Played","0.25","","1.4100","0.1000","0","0","0.1500",""
"6673617","Magic","The Brothers' War: Retro Frame Artifacts","Chromatic Lantern","","10","R","Near Mint","2.49","2.37","3.3500","2.0000","0","0","2.1700",""
"6694525","Magic","The Brothers' War: Retro Frame Artifacts","Chromatic Star","","11","U","Near Mint","0.54","0.17","1.4100","0.1000","0","0","0.1900",""
"6700851","Magic","The Brothers' War: Retro Frame Artifacts","Chromatic Star (Schematic)","","74","U","Near Mint","0.18","0.16","1.4100","0.1000","0","0","0.1500",""
"6694565","Magic","The Brothers' War: Retro Frame Artifacts","Cloud Key","","12","R","Near Mint","2.17","2.18","2.9700","1.6600","0","0","1.7600",""
"6700971","Magic","The Brothers' War: Retro Frame Artifacts","Cloud Key (Schematic)","","75","R","Near Mint","3.26","3.73","4.4300","3.1200","0","0","3.1900",""
"6677997","Magic","The Brothers' War: Retro Frame Artifacts","Defense Grid","","13","R","Near Mint","4.42","3.64","4.8900","3.5800","0","0","4.0400",""
"6678037","Magic","The Brothers' War: Retro Frame Artifacts","Defense Grid (Schematic)","","76","R","Near Mint","4.97","4.35","4.9100","3.6000","0","0","4.3500",""
"6694605","Magic","The Brothers' War: Retro Frame Artifacts","Door to Nothingness","","14","R","Near Mint","0.26","","1.4600","0.1500","0","0","0.1700",""
"6697931","Magic","The Brothers' War: Retro Frame Artifacts","Elsewhere Flask","","15","U","Near Mint","0.06","0.02","1.3200","0.0100","10","0","0.1500",""
"6701211","Magic","The Brothers' War: Retro Frame Artifacts","Elsewhere Flask (Schematic)","","78","U","Near Mint","0.12","0.03","1.3200","0.0100","1","0","0.1500",""
"6698011","Magic","The Brothers' War: Retro Frame Artifacts","Foundry Inspector","","16","U","Near Mint","0.35","","1.5400","0.2300","0","0","0.2500",""
"6698091","Magic","The Brothers' War: Retro Frame Artifacts","Gilded Lotus","","17","R","Near Mint","1.32","1.46","2.2000","0.8900","0","0","0.9800",""
"6698096","Magic","The Brothers' War: Retro Frame Artifacts","Gilded Lotus","","17","R","Near Mint Foil","1.86","4.49","3.0800","1.7700","0","0","1.7900",""
"6646908","Magic","The Brothers' War: Retro Frame Artifacts","Howling Mine (Schematic)","","83","R","Near Mint","3.85","3.83","4.4100","2.9100","0","0","3.3600",""
"6698171","Magic","The Brothers' War: Retro Frame Artifacts","Ichor Wellspring","","21","U","Near Mint","0.42","0.42","1.5100","0.2000","0","0","0.2400",""
"6701571","Magic","The Brothers' War: Retro Frame Artifacts","Ichor Wellspring (Schematic)","","84","U","Near Mint","1.25","0.40","1.5500","0.2400","0","0","0.4400",""
"6678077","Magic","The Brothers' War: Retro Frame Artifacts","Inspiring Statuary","","22","R","Near Mint","0.22","","1.4900","0.1000","0","0","0.1900",""
"6646918","Magic","The Brothers' War: Retro Frame Artifacts","Ivory Tower","","23","U","Near Mint","0.39","","1.3600","0.0500","9","0","0.1500",""
"6646928","Magic","The Brothers' War: Retro Frame Artifacts","Ivory Tower (Schematic)","","86","U","Near Mint","0.15","0.06","1.3800","0.0700","2","0","0.1500",""
"6646933","Magic","The Brothers' War: Retro Frame Artifacts","Ivory Tower (Schematic)","","86","U","Near Mint Foil","0.17","0.10","1.3500","0.0400","1","0","0.1500",""
"6646938","Magic","The Brothers' War: Retro Frame Artifacts","Jalum Tome","","24","U","Near Mint","0.10","0.01","1.3200","0.0100","2","0","0.1500",""
"6698251","Magic","The Brothers' War: Retro Frame Artifacts","Journeyer's Kite","","25","R","Near Mint","0.13","0.08","1.4100","0.1000","0","0","0.1500",""
"6698331","Magic","The Brothers' War: Retro Frame Artifacts","Keening Stone","","26","R","Near Mint","0.23","0.24","1.4900","0.1800","0","0","0.1900",""
"6698411","Magic","The Brothers' War: Retro Frame Artifacts","Key to the City","","27","R","Near Mint","0.21","0.16","1.4600","0.1500","0","0","0.1600",""
"6701931","Magic","The Brothers' War: Retro Frame Artifacts","Key to the City (Schematic)","","90","R","Near Mint","0.38","0.27","1.5800","0.2700","0","0","0.2900",""
"6698491","Magic","The Brothers' War: Retro Frame Artifacts","Liquimetal Coating","","28","U","Near Mint","0.22","","1.4200","0.1100","0","0","0.1500",""
"6698496","Magic","The Brothers' War: Retro Frame Artifacts","Liquimetal Coating","","28","U","Near Mint Foil","0.24","0.18","1.4900","0.1800","0","0","0.2000",""
"6646968","Magic","The Brothers' War: Retro Frame Artifacts","Lodestone Golem","","29","R","Near Mint","0.27","0.22","1.5400","0.2300","0","0","0.2400",""
"6646978","Magic","The Brothers' War: Retro Frame Artifacts","Lodestone Golem (Schematic)","","92","R","Near Mint","0.31","","1.5100","0.2000","0","0","0.2200",""
"6698571","Magic","The Brothers' War: Retro Frame Artifacts","Mazemind Tome","","30","R","Near Mint","0.20","","1.5000","0.1900","0","0","0.1900",""
"6698651","Magic","The Brothers' War: Retro Frame Artifacts","Millstone","","32","U","Near Mint","0.05","0.01","1.3200","0.0100","8","0","0.1500",""
"6698656","Magic","The Brothers' War: Retro Frame Artifacts","Millstone","","32","U","Near Mint Foil","0.13","0.01","1.3400","0.0300","1","0","0.1500",""
"6703136","Magic","The Brothers' War: Retro Frame Artifacts","Millstone (Schematic)","","95","U","Near Mint","0.18","","1.3200","0.0100","2","0","0.1500",""
"6674897","Magic","The Brothers' War: Retro Frame Artifacts","Mishra's Bauble","","34","U","Near Mint","1.75","1.88","2.3000","0.9900","0","0","1.1400",""
"6696126","Magic","The Brothers' War: Retro Frame Artifacts","Mishra's Bauble","","34","U","Near Mint Foil","1.82","2.44","2.5200","1.2100","0","0","1.3300",""
"6674937","Magic","The Brothers' War: Retro Frame Artifacts","Mishra's Bauble (Schematic)","","97","U","Near Mint","1.79","1.79","2.4000","1.0000","0","0","1.1600",""
"6678363","Magic","The Brothers' War: Retro Frame Artifacts","Mox Amber","","35","M","Lightly Played","66.13","66.29","66.2100","66.2100","0","0","66.2100",""
"6698731","Magic","The Brothers' War: Retro Frame Artifacts","Mystic Forge","","36","M","Near Mint","2.27","2.69","2.9900","1.6800","0","0","1.8000",""
"6673857","Magic","The Brothers' War: Retro Frame Artifacts","Ornithopter","","37","U","Near Mint","0.32","0.32","1.5100","0.2000","0","0","0.2300",""
"6696206","Magic","The Brothers' War: Retro Frame Artifacts","Ornithopter","","37","U","Near Mint Foil","0.36","","1.5600","0.2500","1","0","0.2700",""
"6667556","Magic","The Brothers' War: Retro Frame Artifacts","Ornithopter (Schematic)","","100","U","Near Mint","0.42","","1.4400","0.1300","0","0","0.1900",""
"6698811","Magic","The Brothers' War: Retro Frame Artifacts","Perilous Vault","","38","M","Near Mint","0.31","0.32","1.5500","0.2400","0","0","0.2500",""
"6673457","Magic","The Brothers' War: Retro Frame Artifacts","Phyrexian Processor","","39","M","Near Mint","0.47","0.47","1.7100","0.4000","0","0","0.4100",""
"6673497","Magic","The Brothers' War: Retro Frame Artifacts","Phyrexian Processor (Schematic)","","102","M","Near Mint","0.42","0.38","1.5600","0.2500","0","0","0.2800",""
"6646858","Magic","The Brothers' War: Retro Frame Artifacts","Phyrexian Revoker","","40","R","Near Mint","0.18","","1.4200","0.1100","0","0","0.1500",""
"6698971","Magic","The Brothers' War: Retro Frame Artifacts","Precursor Golem","","42","R","Near Mint","0.09","0.04","1.3500","0.0400","0","0","0.1500",""
"6703761","Magic","The Brothers' War: Retro Frame Artifacts","Precursor Golem (Schematic)","","105","R","Near Mint","0.23","0.16","1.4100","0.1000","0","0","0.1500",""
"6699051","Magic","The Brothers' War: Retro Frame Artifacts","Pristine Talisman","","43","U","Near Mint","0.22","0.19","1.4800","0.1700","0","0","0.1800",""
"6699056","Magic","The Brothers' War: Retro Frame Artifacts","Pristine Talisman","","43","U","Near Mint Foil","0.28","","1.5100","0.2000","0","0","0.2200",""
"6703846","Magic","The Brothers' War: Retro Frame Artifacts","Pristine Talisman (Schematic)","","106","U","Near Mint","0.16","0.10","1.4400","0.1300","0","0","0.1500",""
"6699211","Magic","The Brothers' War: Retro Frame Artifacts","Psychosis Crawler","","44","R","Near Mint","0.50","","1.7000","0.3900","0","0","0.4100",""
"6673657","Magic","The Brothers' War: Retro Frame Artifacts","Quicksilver Amulet","","45","R","Near Mint","1.37","2.20","2.0500","0.7400","0","0","0.8700",""
"6696326","Magic","The Brothers' War: Retro Frame Artifacts","Quicksilver Amulet","","45","R","Near Mint Foil","1.97","2.69","3.0800","1.7700","0","0","1.8000",""
"6699291","Magic","The Brothers' War: Retro Frame Artifacts","Quietus Spike","","46","R","Near Mint","0.85","0.87","2.0000","0.6900","0","0","0.7200",""
"6673297","Magic","The Brothers' War: Retro Frame Artifacts","Ramos, Dragon Engine","","47","M","Near Mint","2.54","2.54","2.9100","1.6000","0","0","1.7900",""
"6673337","Magic","The Brothers' War: Retro Frame Artifacts","Ramos, Dragon Engine (Schematic)","","110","M","Near Mint","3.95","4.28","4.3100","3.0000","0","0","3.4800",""
"6699371","Magic","The Brothers' War: Retro Frame Artifacts","Runechanter's Pike","","48","R","Near Mint","0.19","0.14","1.4400","0.1300","0","0","0.1500",""
"6699451","Magic","The Brothers' War: Retro Frame Artifacts","Scrap Trawler","","49","R","Near Mint","2.46","4.79","2.3000","0.9900","0","0","1.2800",""
"6704446","Magic","The Brothers' War: Retro Frame Artifacts","Scrap Trawler (Schematic)","","112","R","Near Mint","1.85","3.09","2.5100","1.2000","0","0","1.3300",""
"6699531","Magic","The Brothers' War: Retro Frame Artifacts","Sculpting Steel","","50","R","Near Mint","0.80","","2.0700","0.7600","0","0","0.7700",""
"6704361","Magic","The Brothers' War: Retro Frame Artifacts","Sculpting Steel (Schematic)","","113","R","Near Mint","1.75","4.00","2.5000","1.1500","0","0","1.2700",""
"6699691","Magic","The Brothers' War: Retro Frame Artifacts","Semblance Anvil","","52","R","Near Mint","1.36","1.37","2.3000","0.9900","0","0","1.0700",""
"6699771","Magic","The Brothers' War: Retro Frame Artifacts","Sigil of Valor","","53","U","Near Mint","0.06","","1.3200","0.0100","8","0","0.1500",""
"6699851","Magic","The Brothers' War: Retro Frame Artifacts","Soul-Guide Lantern","","54","U","Near Mint","0.15","0.05","1.4100","0.1000","0","0","0.1500",""
"6703511","Magic","The Brothers' War: Retro Frame Artifacts","Soul-Guide Lantern (Schematic)","","117","U","Near Mint","0.28","0.25","1.5100","0.2000","0","0","0.2200",""
"6699931","Magic","The Brothers' War: Retro Frame Artifacts","Springleaf Drum","","55","U","Near Mint","0.47","0.47","1.6900","0.3800","0","0","0.4000",""
"6703336","Magic","The Brothers' War: Retro Frame Artifacts","Springleaf Drum (Schematic)","","118","U","Near Mint","0.46","0.41","1.5600","0.2500","0","0","0.2900",""
"6673577","Magic","The Brothers' War: Retro Frame Artifacts","Staff of Domination","","56","M","Near Mint","5.08","5.99","5.1100","5.1100","0","0","5.1100",""
"6700011","Magic","The Brothers' War: Retro Frame Artifacts","Sundering Titan","","57","M","Near Mint","0.30","","1.6000","0.2500","0","0","0.2600",""
"6673417","Magic","The Brothers' War: Retro Frame Artifacts","Swiftfoot Boots","","58","U","Near Mint","1.48","1.49","2.4900","1.1800","0","0","1.2400",""
"6673418","Magic","The Brothers' War: Retro Frame Artifacts","Swiftfoot Boots","","58","U","Lightly Played","1.25","","2.4100","1.1000","0","0","1.1300",""
"6696446","Magic","The Brothers' War: Retro Frame Artifacts","Swiftfoot Boots","","58","U","Near Mint Foil","2.34","3.08","2.5700","1.2000","0","0","1.4300",""
"6673378","Magic","The Brothers' War: Retro Frame Artifacts","Swiftfoot Boots (Schematic)","","121","U","Lightly Played","1.65","","2.3000","0.9900","0","0","1.1200",""
"6700091","Magic","The Brothers' War: Retro Frame Artifacts","Sword of the Meek","","59","R","Near Mint","0.30","0.25","1.4300","0.1200","0","0","0.1600",""
"6702681","Magic","The Brothers' War: Retro Frame Artifacts","Sword of the Meek (Schematic)","","122","R","Near Mint","0.34","0.18","1.4800","0.1700","0","0","0.2000",""
"6673257","Magic","The Brothers' War: Retro Frame Artifacts","Thorn of Amethyst","","60","R","Near Mint","0.32","0.27","1.5600","0.2500","0","0","0.2700",""
"6678402","Magic","The Brothers' War: Retro Frame Artifacts","Unwinding Clock","","61","R","Near Mint","15.90","19.19","15.5900","14.2800","0","0","14.9700",""
"4266222","Magic","The List Reprints","Acrobatic Maneuver","","1","C","Near Mint","0.26","","1.5100","0.2000","1","0","0.2100",""
"5789150","Magic","The List Reprints","Ajani, Strength of the Pride","","002/280","M","Near Mint","7.72","7.87","6.9900","5.7400","0","0","6.7300",""
"5789145","Magic","The List Reprints","Ajani's Last Stand","","004/280","R","Near Mint","0.10","","1.3400","0.0300","3","0","0.1500",""
"4266692","Magic","The List Reprints","Alhammarret's Archive","","221","M","Near Mint","18.63","20.00","18.4000","17.1500","0","0","17.8900",""
"5789155","Magic","The List Reprints","Alpine Moon","","128/280","R","Near Mint","0.40","0.26","1.3600","0.0500","0","0","0.1500",""
"7105960","Magic","The List Reprints","Anax and Cymede","","186/249","R","Near Mint","0.44","0.44","1.4500","0.1400","1","0","0.2000",""
"4266227","Magic","The List Reprints","Ancient Den","","278/306","C","Near Mint","2.38","2.85","3.0200","1.7100","1","0","1.8400",""
"4266232","Magic","The List Reprints","Ancient Ziggurat","","141","U","Near Mint","3.52","4.49","4.0000","2.6900","1","0","3.2500",""
"4274150","Magic","The List Reprints","Anger (UMA)","","122","U","Near Mint","1.56","2.98","2.3800","1.0700","2","0","1.1700",""
"4270658","Magic","The List Reprints","Arcane Denial (CMA)","","30","C","Near Mint","2.29","2.86","2.9800","1.6700","1","0","1.7900",""
"6969704","Magic","The List Reprints","Argentum Armor","","198/062","R","Near Mint","2.73","2.69","2.8100","1.5000","0","0","1.7500",""
"5199105","Magic","The List Reprints","Arlinn, Voice of the Pack","","150/264","U","Near Mint","0.17","0.16","1.4000","0.0900","1","0","0.1500",""
"4267298","Magic","The List Reprints","Asceticism","","110","R","Near Mint","5.09","6.34","5.3000","5.3000","0","0","5.0800",""
"4266732","Magic","The List Reprints","Ashnod's Altar","","218","U","Near Mint","9.23","13.95","8.4800","8.4800","0","0","8.8700",""
"4268078","Magic","The List Reprints","Athreos, God of Passage","","146","M","Near Mint","12.82","13.68","11.9800","10.9900","0","0","11.9100",""
"7106085","Magic","The List Reprints","Austere Command (LRW)","","3/301","R","Near Mint","0.68","0.88","1.7100","0.4000","1","0","0.4600",""
"4274265","Magic","The List Reprints","Avalanche Riders","","74","U","Near Mint","0.23","0.35","1.4100","0.1000","1","0","0.1500",""
"4268128","Magic","The List Reprints","Baleful Strix","","82","U","Near Mint","4.62","9.99","2.1100","0.8000","0","0","2.7100",""
"4266497","Magic","The List Reprints","Beacon of Immortality","","1","R","Near Mint","14.96","","14.5500","14.5500","0","0","14.8200",""
"4267368","Magic","The List Reprints","Beast Within (BBD)","","190","U","Near Mint","2.01","1.75","3.0600","1.7500","1","0","1.8000",""
"4268153","Magic","The List Reprints","Belligerent Brontodon","","218","U","Near Mint","0.08","0.05","1.3500","0.0400","1","0","0.1500",""
"4267418","Magic","The List Reprints","Birds of Paradise","","176","R","Near Mint","10.85","14.15","10.5400","10.5400","0","0","10.7000",""
"4266252","Magic","The List Reprints","Blasted Landscape","","238","U","Near Mint","1.64","2.93","2.4100","1.1000","1","0","1.2100",""
"5423503","Magic","The List Reprints","Blazing Shoal","","96/165","R","Near Mint","3.46","3.29","4.4300","3.1200","1","0","3.2900",""
"4266812","Magic","The List Reprints","Burnished Hart","","248","U","Near Mint","0.13","0.13","1.3800","0.0700","1","0","0.1500",""
"4266817","Magic","The List Reprints","Caged Sun","","178","R","Near Mint","4.89","5.04","4.5000","3.1900","0","0","4.0400",""
"6734273","Magic","The List Reprints","Catastrophe","","6/350","R","Near Mint","2.82","2.81","3.0100","1.7000","0","0","1.9200",""
"4266847","Magic","The List Reprints","Chromatic Lantern (GRN)","","233","R","Near Mint","2.18","","3.2000","1.8900","0","0","1.9500",""
"4266717","Magic","The List Reprints","Cloudshift","","7","C","Near Mint","1.11","","2.2400","0.9300","0","0","0.9700",""
"5789195","Magic","The List Reprints","Coalition Relic","","161/180","R","Near Mint","0.55","0.56","1.6100","0.3000","0","0","0.3500",""
"4266892","Magic","The List Reprints","Coldsteel Heart","","181","U","Near Mint","1.15","1.15","2.1500","0.8400","0","0","0.9000",""
"6734300","Magic","The List Reprints","Colossus of Sardia","","317/383","R","Near Mint","0.16","0.15","1.4100","0.1000","1","0","0.1500",""
"4270908","Magic","The List Reprints","Compelling Argument","","47","C","Near Mint","0.15","","1.4000","0.0900","1","0","0.1500",""
"5682329","Magic","The List Reprints","Component Pouch","","059/062","U","Near Mint","5.02","5.12","5.0200","5.0200","0","0","5.0200",""
"6734305","Magic","The List Reprints","Crescendo of War","","12/318","R","Near Mint","1.69","2.08","2.4600","0.9700","0","0","1.1100",""
"5682334","Magic","The List Reprints","Curse of Echoes","","34/158","R","Near Mint","2.32","0.45","1.7600","0.4500","0","0","0.8200",""
"4268503","Magic","The List Reprints","Defense of the Heart","","100","R","Near Mint","16.83","19.90","15.8100","14.5000","0","0","15.8200",""
"5682339","Magic","The List Reprints","Demon of Death's Gate","","92/249","M","Near Mint","3.58","3.78","3.2000","1.8900","0","0","2.7100",""
"5789230","Magic","The List Reprints","Desert","","233/062","U","Near Mint","0.73","0.76","1.7600","0.4500","0","0","0.5100",""
"4270613","Magic","The List Reprints","Dictate of Erebos","","65","R","Near Mint","19.44","48.80","16.7400","15.5200","0","0","16.8200",""
"4583065","Magic","The List Reprints","Doomwake Giant","","66/165","R","Near Mint","0.48","","1.7800","0.4700","0","0","0.4700",""
"7106390","Magic","The List Reprints","Dragon Throne of Tarkir","","219/269","R","Near Mint","0.68","0.76","1.7600","0.4500","0","0","0.5000",""
"4268378","Magic","The List Reprints","Dragonlord Ojutai","","219/264","M","Near Mint","0.45","","1.6900","0.3800","0","0","0.3900",""
"5682360","Magic","The List Reprints","Druid's Call","","239/350","U","Near Mint","4.14","4.28","4.0600","2.7500","0","0","3.4400",""
"5528453","Magic","The List Reprints","Elspeth, Undaunted Hero","","270/254","M","Near Mint","0.34","","1.5700","0.2600","0","0","0.2800",""
"4268668","Magic","The List Reprints","Elvish Visionary","","196","C","Near Mint","0.08","","1.3700","0.0600","1","0","0.1500",""
"7152076","Magic","The List Reprints","Emmara, Soul of the Accord","","168","R","Near Mint","1.96","","1.5600","0.2500","0","0","0.5900",""
"5423528","Magic","The List Reprints","Endless Wurm","","249/350","R","Near Mint","0.28","","1.4500","0.1400","1","0","0.1700",""
"6734336","Magic","The List Reprints","Endoskeleton","","294/350","U","Near Mint","0.07","0.01","1.3200","0.0100","1","0","0.1500",""
"5790230","Magic","The List Reprints","Ertai, the Corrupted","","107/143","R","Near Mint","1.89","3.91","2.2900","0.9800","0","0","1.1600",""
"4268723","Magic","The List Reprints","Eternal Witness (UMA)","","163","U","Near Mint","0.97","","2.1100","0.8000","0","0","0.8300",""
"4268758","Magic","The List Reprints","Explore","","45","C","Near Mint","0.31","","1.4800","0.1700","1","0","0.2000",""
"6737229","Magic","The List Reprints","Feldon of the Third Path","","169/081","M","Near Mint","0.81","","2.0100","0.7000","0","0","0.7200",""
"4585200","Magic","The List Reprints","Fellwar Stone (C15)","","254/342","U","Near Mint","1.56","1.65","2.3000","0.9900","0","0","1.1000",""
"8238253","Magic","The List Reprints","Flux Channeler","","052/264","U","Near Mint","2.17","","3.2400","1.9300","0","0","1.9800",""
"4272493","Magic","The List Reprints","Fog Bank","","117","U","Near Mint","0.19","0.25","1.4300","0.1200","2","0","0.1500",""
"4272513","Magic","The List Reprints","Foil","","55","C","Near Mint","0.95","","2.2900","0.9800","0","0","0.9800",""
"6998773","Magic","The List Reprints","Geth's Grimoire","","123","U","Near Mint","13.97","18.09","8.8100","7.5000","0","0","9.1400",""
"7106740","Magic","The List Reprints","Ghalta, Primal Hunger","","130/196","R","Near Mint","1.00","1.36","1.8600","0.5500","0","0","0.6400",""
"4585900","Magic","The List Reprints","Goblin Lore","","","U","Near Mint","1.03","1.02","1.8100","0.5000","0","0","0.6100",""
"4267178","Magic","The List Reprints","Gruul Signet","","256","C","Near Mint","0.53","","1.6600","0.3500","1","0","0.3900",""
"5423558","Magic","The List Reprints","Heartless Hidetsugu","","144/210","R","Near Mint","3.28","3.98","2.6000","1.2900","0","0","2.2900",""
"7106795","Magic","The List Reprints","Heliod, God of the Sun","","17/249","M","Near Mint","3.07","4.00","3.0600","1.7500","0","0","2.4100",""
"4347429","Magic","The List Reprints","Helix Pinnacle","","68","R","Near Mint Foil","7.80","8.98","8.0000","7.0000","0","0","7.4000",""
"5199210","Magic","The List Reprints","Helldozer","","88/306","R","Near Mint","1.65","2.06","2.0300","0.7200","0","0","0.9100",""
"5086526","Magic","The List Reprints","Hellkite Overlord","","172/249","M","Near Mint","0.54","","1.7000","0.3900","0","0","0.3800",""
"4267253","Magic","The List Reprints","Herald's Horn","","53","U","Near Mint","4.39","4.34","4.6800","3.3700","0","0","3.8800",""
"7106850","Magic","The List Reprints","High Market","","320/350","R","Near Mint","3.70","4.65","3.6400","1.6500","1","0","3.0400",""
"6734394","Magic","The List Reprints","Hurkyl's Recall","","048/249","R","Near Mint","1.44","1.90","2.1100","0.8000","0","0","0.9300",""
"5835214","Magic","The List Reprints","Ineffable Blessing (A)","","113/216","R","Near Mint Foil","0.31","","1.5400","0.2300","0","0","0.2500",""
"6970269","Magic","The List Reprints","Interplanar Beacon","","247/264","U","Near Mint","0.13","","1.4100","0.1000","1","0","0.1500",""
"4347139","Magic","The List Reprints","Intruder Alarm","","86","R","Near Mint Foil","4.12","4.52","4.3900","3.0800","1","0","3.6000",""
"4589830","Magic","The List Reprints","Inventors' Fair","","247/264","R","Near Mint","14.90","25.99","12.8000","12.8000","0","0","13.8800",""
"5423598","Magic","The List Reprints","Kaseto, Orochi Archmage","","221/081","M","Near Mint","0.34","0.30","1.6100","0.3000","0","0","0.3100",""
"6970389","Magic","The List Reprints","Kaya, Orzhov Usurper","","186/259","M","Near Mint","0.47","","1.6000","0.2900","0","0","0.3300",""
"4268068","Magic","The List Reprints","Knight of Dawn","","26","U","Near Mint","0.13","","1.4200","0.1100","1","0","0.1500",""
"4590595","Magic","The List Reprints","Krark's Thumb","","190/306","R","Near Mint","13.22","13.17","12.8200","12.8200","0","0","13.1200",""
"5528458","Magic","The List Reprints","Krenko, Tin Street Kingpin","","137/264","R","Near Mint","2.09","2.94","2.8100","1.5000","0","0","1.6200",""
"5423603","Magic","The List Reprints","Lavaborn Muse","","50/80","R","Near Mint","0.20","","1.4100","0.1000","0","0","0.1500",""
"6970469","Magic","The List Reprints","Leonin Arbiter","","064/309","R","Near Mint","0.45","","1.6400","0.3300","0","0","0.3500",""
"8390951","Magic","The List Reprints","Lightning Greaves (CMM)","","0398","U","Lightly Played","4.40","","5.0000","5.0000","0","0","5.0000",""
"4590685","Magic","The List Reprints","Llanowar Reborn","","129/150","U","Near Mint","0.18","","1.4100","0.1000","1","0","0.1500",""
"5199275","Magic","The List Reprints","Lonis, Cryptozoologist","","204/303","R","Near Mint","0.29","","1.5000","0.1900","0","0","0.2100",""
"4268238","Magic","The List Reprints","Looming Altisaur","","23","C","Near Mint","0.21","","1.3600","0.0500","1","0","0.1500",""
"4267378","Magic","The List Reprints","Loxodon Warhammer","","216","U","Near Mint","0.90","","2.2000","0.8900","0","0","0.8900",""
"5682666","Magic","The List Reprints","Lucky Clover","","226/269","U","Near Mint","0.25","","1.4900","0.1800","0","0","0.1900",""
"5023368","Magic","The List Reprints","Master of Cruelties","","82/156","M","Near Mint","3.89","3.43","4.3100","3.0000","1","0","3.4500",""
"6735405","Magic","The List Reprints","Mechanized Production","","038/184","M","Near Mint","1.34","1.53","2.2100","0.9000","0","0","0.9900",""
"4267443","Magic","The List Reprints","Mind Stone (C18)","","210","C","Near Mint","0.96","","2.2000","0.8900","1","0","0.9000",""
"4268358","Magic","The List Reprints","Mirran Crusader","","025/249","R","Near Mint","0.49","0.58","1.5500","0.2400","1","0","0.2900",""
"4267453","Magic","The List Reprints","Mishra's Bauble","","221","U","Near Mint","1.38","2.52","2.5400","1.2300","0","0","1.2600",""
"6914363","Magic","The List Reprints","Mishra's Factory (MH2)","","302/303","U","Near Mint","0.16","","1.3700","0.0600","1","0","0.1500",""
"5423618","Magic","The List Reprints","Mizzium Tank","","138/264","R","Near Mint","0.11","","1.3900","0.0800","2","0","0.1500",""
"4841921","Magic","The List Reprints","Mizzix of the Izmagnus","","050/342","M","Near Mint","0.48","","1.7300","0.4200","1","0","0.4300",""
"4272968","Magic","The List Reprints","Mnemonic Wall","","67","C","Near Mint","0.16","","1.4200","0.1100","0","0","0.1500",""
"4590775","Magic","The List Reprints","Moggcatcher","","96/143","R","Near Mint","11.32","13.83","10.9900","10.0000","0","0","11.1600",""
"4273008","Magic","The List Reprints","Mystic Confluence","","122","R","Near Mint","0.52","0.65","1.6200","0.3100","1","0","0.3500",""
"7107570","Magic","The List Reprints","Nashi, Moon Sage's Scion","","114/302","M","Near Mint","2.30","4.49","2.2600","0.9500","0","0","1.2200",""
"4269578","Magic","The List Reprints","Naturalize","","190","C","Near Mint","0.24","","1.4000","0.0900","1","0","0.1500",""
"4269588","Magic","The List Reprints","Nature's Claim","","177","C","Near Mint","0.94","","2.0500","0.7400","0","0","0.7800",""
"4269593","Magic","The List Reprints","Nature's Lore (DDD)","","17","C","Near Mint","2.60","","3.8100","2.5000","1","0","2.5200",""
"4842051","Magic","The List Reprints","Nephalia Academy","","205/205","U","Near Mint","0.24","","1.4500","0.1400","1","0","0.1600",""
"4580850","Magic","The List Reprints","Noggle Hedge-Mage","","108/180","U","Near Mint","0.12","","1.3400","0.0300","0","0","0.1500",""
"4346999","Magic","The List Reprints","Norn's Annex","","17","R","Near Mint Foil","4.78","6.91","6.2500","4.7500","0","0","5.2000",""
"4269648","Magic","The List Reprints","Oakgnarl Warrior","","15","C","Near Mint","0.08","","1.3500","0.0400","1","0","0.1500",""
"4269668","Magic","The List Reprints","Overgrown Battlement","","180","U","Near Mint","0.23","","1.5100","0.2000","1","0","0.2000",""
"5682711","Magic","The List Reprints","Paladin en-Vec","","32/383","R","Near Mint","0.25","","1.5000","0.1900","1","0","0.2000",""
"4267553","Magic","The List Reprints","Palladium Myr","","207","U","Near Mint","0.82","","1.9100","0.6000","0","0","0.6400",""
"4580990","Magic","The List Reprints","Panharmonicon","","226/264","R","Near Mint","5.43","6.18","5.0000","3.6900","0","0","4.5600",""
"4268638","Magic","The List Reprints","Path to Exile (E02)","","3","U","Near Mint","1.07","","2.3000","0.9900","0","0","0.9600",""
"5305918","Magic","The List Reprints","Perpetual Timepiece","","227/264","U","Near Mint","3.12","4.25","2.0100","0.6200","0","0","1.8700",""
"4274160","Magic","The List Reprints","Phyrexian Arena","","144","R","Near Mint","3.65","9.77","3.3000","1.8900","0","0","2.7700",""
"7107820","Magic","The List Reprints","Phyrexian Delver","","86/356","R","Near Mint","0.47","","1.7600","0.4500","0","0","0.4700",""
"7107850","Magic","The List Reprints","Phyrexian Etchings","","67/155","R","Near Mint","0.29","","1.4500","0.1400","0","0","0.1700",""
"5682726","Magic","The List Reprints","Pitiless Plunderer","","081/196","U","Near Mint","8.26","6.28","5.6100","4.3000","0","0","6.2800",""
"7108040","Magic","The List Reprints","Planar Portal","","308/350","R","Near Mint","1.92","2.12","1.9900","0.5000","0","0","0.7800",""
"7108085","Magic","The List Reprints","Planeswalker's Fury","","70/143","R","Near Mint","0.20","0.13","1.4100","0.1000","0","0","0.1500",""
"6971029","Magic","The List Reprints","Praetor's Counsel","","209/337","M","Near Mint","2.81","3.58","2.3800","1.0700","0","0","1.4200",""
"4582615","Magic","The List Reprints","Primal Vigor","","162/356","R","Near Mint","12.74","12.49","8.9400","7.2500","1","0","10.0000",""
"4273187","Magic","The List Reprints","Propaganda","","94","U","Near Mint","2.28","2.99","3.0400","1.7300","1","0","1.8400",""
"5791585","Magic","The List Reprints","Prossh, Skyraider of Kher","","214/249","M","Near Mint","0.35","0.35","1.4100","0.1000","0","0","0.1500",""
"8242109","Magic","The List Reprints","Psychic Corrosion","","068/280","U","Near Mint","3.93","","4.9900","3.6800","0","0","3.8100",""
"4347019","Magic","The List Reprints","Pull from Eternity","","35","U","Near Mint Foil","2.14","1.78","2.9900","1.6800","0","0","1.7700",""
"5085151","Magic","The List Reprints","Quest for the Holy Relic","","33/249","U","Near Mint","0.21","","1.4700","0.1600","1","0","0.1700",""
"5682736","Magic","The List Reprints","Quest for the Nihil Stone","","64/145","R","Near Mint","2.98","3.66","2.7000","0.3600","0","0","0.8800",""
"4274260","Magic","The List Reprints","Read the Bones","","56","C","Near Mint","0.24","","1.5200","0.2100","1","0","0.2200",""
"4269778","Magic","The List Reprints","Reclaim","","195","C","Near Mint","0.26","0.24","1.4800","0.1700","1","0","0.1700",""
"6734476","Magic","The List Reprints","Retaliation","","272/350","U","Near Mint","0.08","","1.3600","0.0500","1","0","0.1500",""
"4267633","Magic","The List Reprints","Rhonas's Monument","","236","U","Near Mint","1.06","","2.2300","0.9200","0","0","0.9500",""
"4273217","Magic","The List Reprints","Rhystic Study","","45","C","Near Mint","50.48","62.67","48.5000","47.5100","0","0","48.4000",""
"5791595","Magic","The List Reprints","Rout (INV)","","34/350","R","Near Mint","0.24","","1.4500","0.1400","0","0","0.1600",""
"6735719","Magic","The List Reprints","Saheeli Rai","","186/264","M","Near Mint","1.66","1.83","2.3100","1.0000","0","0","1.1300",""
"4269853","Magic","The List Reprints","Sakura-Tribe Elder","","160","C","Near Mint","0.53","","1.7100","0.4000","1","0","0.4300",""
"7108665","Magic","The List Reprints","Sarulf, Realm Eater","","228/285","R","Near Mint","0.26","","1.5100","0.2000","0","0","0.2100",""
"5791600","Magic","The List Reprints","Scion of Draco","","234/303","M","Near Mint","4.21","5.10","4.4000","3.0900","0","0","3.4300",""
"4694593","Magic","The List Reprints","Seething Song","","70/81","C","Near Mint","10.69","11.60","7.5900","6.3400","0","0","8.5200",""
"5199175","Magic","The List Reprints","Selesnya Keyrune","","233/274","U","Near Mint","0.14","","1.3700","0.0600","0","0","0.1500",""
"5199413","Magic","The List Reprints","Selfless Spirit","","040/205","R","Near Mint","2.07","2.26","2.1100","0.8000","0","0","1.0500",""
"4269898","Magic","The List Reprints","Selvala, Heart of the Wilds","","70","M","Near Mint","5.44","5.31","5.2200","5.2200","1","0","5.3300",""
"4582945","Magic","The List Reprints","Sensei Golden-Tail","","44/306","R","Near Mint","2.59","2.56","2.6600","1.3500","0","0","1.6000",""
"5423698","Magic","The List Reprints","Sensei's Divining Top","","232/249","R","Near Mint","34.32","39.99","30.7900","30.7900","0","0","31.9900",""
"5423703","Magic","The List Reprints","Seshiro the Anointed","","241/306","R","Near Mint","4.62","","4.4600","3.1500","1","0","3.9000",""
"4275775","Magic","The List Reprints","Shattering Spree","","34","U","Near Mint","1.00","1.50","2.0700","0.7600","1","0","0.8100",""
"5423708","Magic","The List Reprints","Siege Modification","","099/184","U","Near Mint","0.16","","1.3200","0.0100","1","0","0.1500",""
"4267703","Magic","The List Reprints","Skullclamp (C17)","","222","U","Near Mint","4.67","4.78","5.0000","5.0000","0","0","5.0000",""
"4267723","Magic","The List Reprints","Sol Ring (C18)","","222/307","U","Near Mint","2.73","2.70","4.0000","2.6900","2","0","2.7000",""
"4583035","Magic","The List Reprints","Soltari Monk","","","U","Near Mint","0.18","","1.4600","0.1500","1","0","0.1600",""
"5305908","Magic","The List Reprints","Song of Freyalise","","179/269","U","Near Mint","0.39","","1.6100","0.3000","0","0","0.3400",""
"5305848","Magic","The List Reprints","Sorin's Vengeance","","111/249","R","Near Mint","2.36","2.39","2.3000","0.9900","0","0","1.2600",""
"6971264","Magic","The List Reprints","Soul of New Phyrexia","","231/269","M","Near Mint","0.52","","1.8000","0.4900","0","0","0.5000",""
"7109095","Magic","The List Reprints","Soul of Shandalar","","163/269","M","Near Mint","0.22","","1.4100","0.1000","0","0","0.1500",""
"4842241","Magic","The List Reprints","Spellbook","","343/383","U","Near Mint","3.02","3.49","3.4600","2.1500","0","0","2.3100",""
"4346979","Magic","The List Reprints","Spelltithe Enforcer","","18","R","Near Mint Foil","3.46","3.88","3.7000","2.3900","1","0","2.9200",""
"7183476","Magic","The List Reprints","Stormwatch Eagle","","50/143","C","Near Mint","0.10","","1.3200","0.0100","1","0","0.1500",""
"4583245","Magic","The List Reprints","Swiftfoot Boots (A25)","","234/249","U","Near Mint","2.66","2.37","2.9000","1.5900","1","0","1.8000",""
"5084931","Magic","The List Reprints","Tempest Djinn","","068/269","R","Near Mint","0.31","","1.4300","0.1200","1","0","0.1600",""
"6734501","Magic","The List Reprints","The Antiquities War","","042/269","R","Near Mint","0.23","","1.5000","0.1900","0","0","0.2000",""
"5791645","Magic","The List Reprints","The Mending of Dominaria","","173/269","R","Near Mint","0.62","0.25","1.5100","0.2000","1","0","0.2900",""
"5423783","Magic","The List Reprints","The Unspeakable","","013/065","R","Near Mint","0.16","","1.4000","0.0900","1","0","0.1500",""
"5423788","Magic","The List Reprints","The Wanderer","","037/264","U","Near Mint","0.26","","1.5100","0.2000","0","0","0.2100",""
"7109255","Magic","The List Reprints","The World Tree","","275/285","R","Near Mint","5.52","6.70","5.0000","5.0000","0","0","5.2600",""
"4579434","Magic","The List Reprints","Thought Vessel (C15)","","055/342","C","Near Mint","1.85","1.31","2.6000","1.2900","1","0","1.4000",""
"4584540","Magic","The List Reprints","Thrumming Stone","","142/155","R","Near Mint","21.22","","19.9700","19.9700","0","0","20.3400",""
"6734517","Magic","The List Reprints","Titania, Protector of Argoth","","287/303","M","Near Mint","1.19","1.09","2.0000","0.6900","0","0","0.7900",""
"4270073","Magic","The List Reprints","Triumph of the Hordes","","123","U","Near Mint","14.66","18.00","12.0000","11.0000","0","0","13.2700",""
"4267858","Magic","The List Reprints","Umbral Mantle","","267","U","Near Mint","6.18","7.83","5.6000","4.2900","0","0","5.2300",""
"5791660","Magic","The List Reprints","Vaevictis Asmadi, the Dire","","225/280","M","Near Mint","1.14","1.19","2.1800","0.8700","0","0","0.9200",""
"5305773","Magic","The List Reprints","Vampiric Tutor","","112/249","M","Near Mint","54.81","64.22","53.4600","53.4600","0","0","52.9800",""
"4586150","Magic","The List Reprints","Vanguard of Brimaz","","29/165","U","Near Mint","0.17","","1.4000","0.0900","1","0","0.1500",""
"4270098","Magic","The List Reprints","Vigor","","215","R","Near Mint","16.61","19.27","14.4900","13.5000","0","0","15.5500",""
"4347209","Magic","The List Reprints","Viscera Seer","","120","C","Near Mint Foil","1.11","1.17","2.4200","1.1100","0","0","1.1700",""
"5791670","Magic","The List Reprints","Wake of Destruction","","99/143","R","Near Mint","0.46","","1.7100","0.4000","0","0","0.4100",""
"4842506","Magic","The List Reprints","Walking Archive","","169/180","R","Near Mint","3.70","","4.0800","2.7700","0","0","3.2400",""
"5305733","Magic","The List Reprints","Wall of Blood","","82/306","U","Near Mint","0.65","0.89","1.8100","0.5000","1","0","0.5300",""
"4269503","Magic","The List Reprints","Wall of Omens (EMA)","","34","U","Near Mint","0.20","","1.4600","0.1500","1","0","0.1600",""
"4273612","Magic","The List Reprints","Whir of Invention","","49","R","Near Mint","5.76","5.30","5.3000","5.3000","1","0","5.5100",""
"4267893","Magic","The List Reprints","Whispersilk Cloak (PCA)","","115","U","Near Mint","2.75","2.75","3.5000","2.1900","0","0","2.3000",""
"6734543","Magic","The List Reprints","Witch Engine","","169/350","R","Near Mint","0.21","","1.4500","0.1400","0","0","0.1500",""
"5199398","Magic","The List Reprints","Witch's Oven","","237/269","U","Near Mint","1.19","1.38","1.8900","0.5800","0","0","0.7000",""
"6734553","Magic","The List Reprints","World at War","","172/248","R","Near Mint","6.42","6.55","6.2300","4.9200","1","0","6.2300",""
"4586900","Magic","The List Reprints","Worn Powerstone","","318/350","U","Near Mint","0.46","0.56","1.5600","0.2500","0","0","0.2900",""
"4275555","Magic","The List Reprints","Yavimaya's Embrace","","127","R","Near Mint","0.11","","1.3200","0.0100","0","0","0.1500",""
"6734558","Magic","The List Reprints","Yawgmoth's Agenda","","135/350","R","Near Mint","0.20","","1.4600","0.1500","1","0","0.1600",""
"4928156","Magic","The List Reprints","Young Pyromancer (M14)","","163/249","U","Near Mint","0.20","0.20","1.4500","0.1400","1","0","0.1500",""
"7542137","Magic","The Lost Caverns of Ixalan","Anim Pakal, Thousandth Moon (Showcase)","","300","R","Near Mint","2.26","2.31","2.6400","1.3300","0","0","1.5200",""
"7501969","Magic","The Lost Caverns of Ixalan","Growing Rites of Itlimoc","","188","R","Near Mint Foil","4.78","6.56","5.0900","5.0900","0","0","5.0900",""
"7528653","Magic","The Lost Caverns of Ixalan","Kutzil, Malamet Exemplar","","232","U","Near Mint","1.06","0.99","2.2100","0.9000","0","0","0.9300",""
"7519862","Magic","The Lost Caverns of Ixalan","Resplendent Angel (Borderless)","","334","M","Near Mint Foil","4.91","5.48","5.4900","5.4900","0","0","5.4900",""
"7520810","Magic","The Lost Caverns of Ixalan","Roaming Throne (Borderless)","","344","R","Near Mint","29.53","34.89","26.9900","26.0000","0","0","27.5300",""
"7520815","Magic","The Lost Caverns of Ixalan","Roaming Throne (Borderless)","","344","R","Near Mint Foil","31.69","37.13","32.1300","31.1400","0","0","32.5500",""
"7524210","Magic","The Lost Caverns of Ixalan","Tarrian's Soulcleaver (Extended Art)","","389","R","Near Mint Foil","3.28","4.11","3.3100","2.0000","0","0","2.6400",""
"7553442","Magic","The Lost Caverns of Ixalan","Thousand Moons Smithy (Extended Art)","","357","R","Near Mint","2.55","4.06","3.0500","1.7400","0","0","1.9000",""
"1132871","Magic","Theros","Agent of the Fates","","76","R","Near Mint","0.23","","1.4100","0.1000","0","0","0.1500",""
"1131318","Magic","Theros","Ember Swallower","","120","R","Near Mint","0.11","","1.3400","0.0300","1","0","0.1500",""
"1132233","Magic","Theros","Erebos, God of the Dead","","85","M","Near Mint","9.40","","10.7900","9.5300","0","0","9.5000",""
"1131390","Magic","Theros","Heliod, God of the Sun","","17","M","Near Mint","1.42","","3.4800","1.9900","0","0","1.9900",""
"1131440","Magic","Theros","Hundred-Handed One","","20","R","Near Mint","0.15","","1.4100","0.1000","0","0","0.1500",""
"1131814","Magic","Theros","Master of Waves","","53","M","Near Mint","0.60","1.27","1.6100","0.3000","0","0","0.3600",""
"1131370","Magic","Theros","Medomai the Ageless","","196","M","Near Mint","2.25","","2.7000","1.3900","0","0","0.5000",""
"1133468","Magic","Theros","Mistcutter Hydra","","162","R","Near Mint","0.99","1.58","2.2300","0.9200","0","0","0.9300",""
"1131824","Magic","Theros","Nighthowler","","98","R","Near Mint","0.24","","1.5100","0.1700","0","0","0.2100",""
"1131804","Magic","Theros","Nykthos, Shrine to Nyx","","223","R","Near Mint","38.52","43.97","37.9900","35.0000","0","0","37.4400",""
"1132891","Magic","Theros","Ordeal of Heliod","","25","U","Near Mint","0.08","0.06","1.3200","0.0100","0","0","0.1500",""
"1132951","Magic","Theros","Prognostic Sphinx","","60","R","Near Mint","0.12","","1.3500","0.0400","1","0","0.1500",""
"1134733","Magic","Theros","Prowler's Helm","","219","U","Near Mint","0.60","","1.6900","0.3800","0","0","0.4200",""
"1131834","Magic","Theros","Purphoros, God of the Forge","","135","M","Near Mint","19.77","24.75","20.9900","19.0000","0","0","19.3800",""
"1131617","Magic","Theros","Read the Bones","","101","C","Near Mint","0.22","","1.4700","0.1600","1","0","0.1600",""
"1131618","Magic","Theros","Read the Bones","","101","C","Lightly Played","0.15","","1.4500","0.1400","1","0","0.1500",""
"1131622","Magic","Theros","Read the Bones","","101","C","Near Mint Foil","1.64","","1.6400","0.3300","1","0","0.3300",""
"1132693","Magic","Theros","Reaper of the Wilds","","201","R","Near Mint","0.16","","1.4100","0.1000","0","0","0.1500",""
"1132971","Magic","Theros","Swan Song","","65","R","Near Mint","9.18","9.24","9.2000","9.2000","0","0","9.2000",""
"1134163","Magic","Theros","Whip of Erebos","","110","R","Near Mint","6.89","6.85","6.8500","6.8500","1","0","6.8700",""
"4295832","Magic","Theros Beyond Death","Ashiok's Erasure","","43","R","Near Mint","0.12","0.12","1.3500","0.0300","1","0","0.1500",""
"4300701","Magic","Theros Beyond Death","Calix, Destiny's Hand (Borderless)","","257","M","Near Mint Foil","0.93","","1.9600","0.6500","0","0","0.7100",""
"4284396","Magic","Theros Beyond Death","Daxos, Blessed by the Sun","","9","U","Near Mint","0.19","","1.4600","0.1500","0","0","0.1600",""
"4301537","Magic","Theros Beyond Death","Dryad of the Ilysian Grove","","169","R","Near Mint","7.03","7.23","6.2000","6.2000","0","0","6.5100",""
"4304576","Magic","Theros Beyond Death","Elspeth Conquers Death","","13","R","Near Mint","0.94","0.99","2.0500","0.7400","0","0","0.7800",""
"4307608","Magic","Theros Beyond Death","Flicker of Fate","","16","C","Near Mint","0.24","","1.4900","0.1800","0","0","0.1900",""
"4306471","Magic","Theros Beyond Death","Heliod's Intervention","","19","R","Near Mint","2.95","3.71","2.4900","0.5000","0","0","2.0500",""
"4283146","Magic","Theros Beyond Death","Island","","251","L","Near Mint","1.10","1.80","1.9000","0.5900","0","0","0.7000",""
"4286409","Magic","Theros Beyond Death","Island (281)","","281","L","Near Mint Foil","0.13","0.10","1.3600","0.0500","0","0","0.1500",""
"4283366","Magic","Theros Beyond Death","Mountain","","253","L","Near Mint","1.38","1.99","2.1300","0.8200","0","0","0.9600",""
"4304906","Magic","Theros Beyond Death","Nightmare Shepherd","","108","R","Near Mint","0.34","0.38","1.4600","0.1500","0","0","0.1900",""
"4292076","Magic","Theros Beyond Death","Nylea's Intervention","","188","R","Near Mint","0.57","0.69","1.6800","0.3700","0","0","0.4300",""
"4283036","Magic","Theros Beyond Death","Plains","","250","L","Near Mint","0.95","1.14","1.6600","0.3500","0","0","0.4700",""
"4292517","Magic","Theros Beyond Death","Purphoros, Bronze-Blooded (Showcase)","","265","M","Near Mint","3.92","5.98","4.0000","2.5000","0","0","3.0500",""
"4306031","Magic","Theros Beyond Death","Return to Nature","","197","C","Near Mint","0.11","","1.3500","0.0400","1","0","0.1500",""
"4303293","Magic","Theros Beyond Death","Shadowspear","","236","R","Near Mint","35.91","38.39","36.6800","36.6800","1","0","36.6800",""
"4305906","Magic","Theros Beyond Death","Shatter the Sky","","37","R","Near Mint Foil","0.36","0.38","1.5000","0.1900","0","0","0.2200",""
"4289381","Magic","Theros Beyond Death","Storm Herald","","156","R","Near Mint","0.13","0.12","1.3500","0.0400","1","0","0.1500",""
"4287990","Magic","Theros Beyond Death","Temple of Deceit","","245","R","Near Mint","0.26","0.25","1.4600","0.1500","0","0","0.1700",""
"4295372","Magic","Theros Beyond Death","Thassa, Deep-Dwelling","","71","M","Near Mint","24.42","26.21","21.9800","21.9800","0","0","22.0700",""
"4301380","Magic","Theros Beyond Death","Thassa's Oracle","","73","R","Near Mint","17.71","19.22","16.9900","15.6900","0","0","16.7100",""
"4284431","Magic","Theros Beyond Death","The Akroan War","","124","R","Near Mint","0.28","","1.4900","0.1800","0","0","0.2000",""
"4300586","Magic","Theros Beyond Death","The First Iroan Games","","170","R","Near Mint","0.41","0.48","1.6100","0.3000","0","0","0.3200",""
"4313328","Magic","Theros Beyond Death","Thrill of Possibility","","159","C","Near Mint","0.09","","1.3600","0.0500","3","0","0.1500",""
"4298507","Magic","Theros Beyond Death","Thryx, the Sudden Storm","","76","R","Near Mint","0.26","","1.4900","0.1800","0","0","0.2000",""
"4288480","Magic","Theros Beyond Death","Underworld Breach","","161","R","Near Mint","9.02","10.82","8.9700","8.9700","0","0","7.9900",""
"4142856","Magic","Throne of Eldraine","Arcane Signet","","331","C","Near Mint","0.51","","1.7100","0.4000","0","0","0.4200",""
"4193849","Magic","Throne of Eldraine","Ardenvale Tactician","","5","C","Near Mint","0.04","","1.3200","0.0100","1","0","0.1500",""
"4178070","Magic","Throne of Eldraine","Beanstalk Giant","","149","U","Near Mint","0.20","","1.4100","0.1000","3","0","0.1500",""
"4187553","Magic","Throne of Eldraine","Command Tower","","333","C","Near Mint","0.62","0.76","1.5500","0.2400","0","0","0.3200",""
"4189725","Magic","Throne of Eldraine","Doom Foretold","","187","R","Near Mint","0.18","0.20","1.4100","0.1000","0","0","0.1500",""
"4194069","Magic","Throne of Eldraine","Edgewall Innkeeper","","151","U","Near Mint","0.09","0.09","1.3600","0.0500","1","0","0.1500",""
"4188490","Magic","Throne of Eldraine","Emry, Lurker of the Loch","","43","R","Near Mint","1.11","1.55","1.8300","0.5200","0","0","0.6300",""
"4196496","Magic","Throne of Eldraine","Faeburrow Elder","","190","R","Near Mint","2.20","2.12","2.2700","0.9600","1","0","1.2100",""
"4175465","Magic","Throne of Eldraine","Flaxen Intruder (Showcase)","","297","U","Near Mint","0.14","0.14","1.3500","0.0400","2","0","0.1500",""
"4184767","Magic","Throne of Eldraine","Giant Killer","","14","R","Near Mint","0.22","","1.4600","0.1500","0","0","0.1500",""
"4207733","Magic","Throne of Eldraine","Happily Ever After","","16","R","Near Mint","0.14","0.13","1.4000","0.0900","0","0","0.1500",""
"4188340","Magic","Throne of Eldraine","Harmonious Archon","","17","M","Near Mint","0.24","","1.4100","0.1000","0","0","0.1500",""
"4192339","Magic","Throne of Eldraine","Into the Story","","50","U","Near Mint","0.16","0.19","1.3500","0.0400","1","0","0.1500",""
"4181285","Magic","Throne of Eldraine","Keeper of Fables","","163","U","Near Mint","0.18","0.23","1.4200","0.1100","0","0","0.1500",""
"4181980","Magic","Throne of Eldraine","Lovestruck Beast","","165","R","Near Mint","0.11","0.11","1.3300","0.0200","1","0","0.1500",""
"4193959","Magic","Throne of Eldraine","Merchant of the Vale","","131","C","Near Mint","0.06","0.04","1.3200","0.0100","0","0","0.1500",""
"4208173","Magic","Throne of Eldraine","Mystic Sanctuary","","247","C","Near Mint","1.62","1.65","2.5500","1.2400","0","0","1.3200",""
"4174578","Magic","Throne of Eldraine","Oko, Thief of Crowns","","197","M","Near Mint","5.73","7.25","4.6800","2.6900","0","0","4.8800",""
"4207954","Magic","Throne of Eldraine","Return of the Wildspeaker","","172","R","Lightly Played","0.88","","2.1100","0.8000","1","0","0.8200",""
"4179172","Magic","Throne of Eldraine","Shimmer Dragon","","317","R","Near Mint","0.43","","1.5000","0.1900","0","0","0.2400",""
"4206588","Magic","Throne of Eldraine","Syr Gwyn, Hero of Ashvale","","330","M","Near Mint","1.75","","3.0100","1.7000","0","0","1.7100",""
"4196634","Magic","Throne of Eldraine","The Magic Mirror","","51","M","Near Mint Foil","3.84","","4.7800","3.4700","1","0","3.6500",""
"4184882","Magic","Throne of Eldraine","Wishclaw Talisman","","110","R","Near Mint","3.62","5.15","3.6400","2.3300","0","0","2.9400",""
"4187418","Magic","Throne of Eldraine","Worthy Knight","","36","R","Near Mint","0.25","","1.4300","0.1200","1","0","0.1500",""
"4212224","Magic","Throne of Eldraine","Youthful Knight","","37","C","Near Mint","0.05","","1.3200","0.0100","1","0","0.1500",""
"359726","Magic","Time Spiral","Paradox Haze","","71","U","Heavily Played","3.70","","3.8000","2.4900","1","0","3.1000",""
"25933","Magic","Time Spiral","Prismatic Lens","","262","C","Near Mint","0.31","","1.5300","0.2200","1","0","0.2400",""
"4827394","Magic","Time Spiral: Remastered","Akroma's Memorial","","262","M","Near Mint","26.92","31.99","26.9900","25.0000","0","0","25.6000",""
"4794104","Magic","Time Spiral: Remastered","Angel's Grace","","4","R","Near Mint","7.63","7.88","7.6100","7.6100","0","0","7.6200",""
"4791434","Magic","Time Spiral: Remastered","Banishing Light","","291","S","Near Mint","0.21","","1.3800","0.0700","1","0","0.1500",""
"4807526","Magic","Time Spiral: Remastered","Bedlam Reveler","","340","S","Near Mint","0.39","0.30","1.4200","0.1100","1","0","0.1700",""
"4810526","Magic","Time Spiral: Remastered","Boom // Bust","","156","R","Near Mint","0.86","0.86","2.0000","0.6900","0","0","0.7200",""
"4818699","Magic","Time Spiral: Remastered","Cloud Key","","265","R","Near Mint","2.38","3.66","2.9500","1.6400","0","0","1.7900",""
"4823199","Magic","Time Spiral: Remastered","Dovin's Veto","","375","S","Near Mint","2.65","2.76","3.6300","2.3200","0","0","2.3900",""
"4806726","Magic","Time Spiral: Remastered","Empty the Warrens","","162","C","Near Mint","0.10","","1.4000","0.0900","3","0","0.1500",""
"4828094","Magic","Time Spiral: Remastered","Gauntlet of Power","","267","M","Near Mint","3.54","3.54","4.3100","3.0000","0","0","3.2700",""
"4816169","Magic","Time Spiral: Remastered","Gemstone Caverns","","280","M","Near Mint","36.93","41.00","34.2200","32.9300","0","0","34.2300",""
"4805526","Magic","Time Spiral: Remastered","Liliana's Triumph","","327","S","Near Mint","0.42","0.47","1.5600","0.2500","0","0","0.2800",""
"4804926","Magic","Time Spiral: Remastered","Pongify","","79","U","Near Mint","2.16","2.53","3.1400","1.8300","0","0","1.9000",""
"4803116","Magic","Time Spiral: Remastered","Read the Bones","","328","S","Near Mint","1.15","1.41","1.8600","0.5500","1","0","0.6700",""
"4826294","Magic","Time Spiral: Remastered","Rebuff the Wicked","","35","U","Near Mint","7.08","8.85","5.9900","5.0000","0","0","5.3400",""
"4790669","Magic","Time Spiral: Remastered","Silence","","302","S","Near Mint","10.19","36.84","7.5500","7.5500","0","0","8.8700",""
"4830194","Magic","Time Spiral: Remastered","Sorcerous Spyglass","","401","S","Near Mint","0.18","0.09","1.3500","0.0400","1","0","0.1500",""
"4828794","Magic","Time Spiral: Remastered","Stuffy Doll","","274","R","Near Mint","7.87","7.98","6.5000","4.5100","0","0","6.1700",""
"26055","Magic","Timeshifted","Dandan","","19","S","Near Mint","5.93","9.98","5.9300","5.9300","0","0","7.9900",""
"3904164","Magic","Ultimate Masters","Balefire Dragon","","124","M","Near Mint","13.25","14.99","12.9900","12.0000","0","0","12.6300",""
"3913750","Magic","Ultimate Masters","Fecundity","","165","U","Near Mint","0.69","0.69","1.7100","0.4000","0","0","0.4600",""
"3913770","Magic","Ultimate Masters","Gamble","","132","R","Near Mint","11.65","15.56","11.2800","10.2900","0","0","11.0000",""
"3913730","Magic","Ultimate Masters","Glen Elendra Archmage","","58","R","Near Mint","9.37","11.32","8.9900","8.0000","0","0","8.6800",""
"3917657","Magic","Ultimate Masters","Kodama's Reach","","171","C","Near Mint","2.20","2.38","2.6400","1.3100","0","0","1.4900",""
"3904514","Magic","Ultimate Masters","Lord of Extinction","","203","M","Near Mint","3.09","","3.0600","1.5600","1","0","2.3300",""
"3913780","Magic","Ultimate Masters","Martyr of Sands","","25","C","Near Mint","0.12","","1.4100","0.1000","1","0","0.1500",""
"3904014","Magic","Ultimate Masters","Mikaeus, the Unhallowed","","106","M","Near Mint","10.26","","10.9500","10.9500","0","0","10.9500",""
"3904604","Magic","Ultimate Masters","Sigarda, Host of Herons","","206","M","Near Mint","2.29","3.98","3.2600","1.9500","0","0","2.0200",""
"3914360","Magic","Ultimate Masters","Talrand, Sky Summoner","","76","R","Near Mint","0.27","","1.5600","0.2500","0","0","0.2500",""
"3913850","Magic","Ultimate Masters","Visions of Beyond","","81","R","Near Mint","5.82","6.96","5.8700","4.5600","0","0","5.1900",""
"5343294","Magic","Unfinity","Forest (244) (Borderless)","","244","L","Near Mint","2.39","","2.9700","1.6600","1","0","1.8100",""
"4884878","Magic","Unique and Miscellaneous Promos","Archmage Emeritus (STX Bundle)","","377","P","Near Mint Foil","1.09","","2.2100","0.9000","1","0","0.9400",""
"5489386","Magic","Unique and Miscellaneous Promos","Gala Greeters (English)","","450","R","Near Mint Foil","0.37","0.36","1.5000","0.1900","0","0","0.2300",""
"7008704","Magic","Unique and Miscellaneous Promos","Ghalta and Mavren (MOM Bundle)","","386","P","Near Mint Foil","1.26","7.99","2.3700","1.0600","0","0","1.1000",""
"4435900","Magic","Unique and Miscellaneous Promos","Mechagodzilla, Battle Fortress - Hangarback Walker (Welcome Back Promo)","","1","P","Near Mint Foil","10.66","10.76","7.3100","6.3200","0","0","8.3300",""
"8290245","Magic","Unique and Miscellaneous Promos","Phyrexian Arena (FDN Bundle)","","728","P","Near Mint Foil","1.37","","2.6700","1.2800","0","0","1.3000",""
"4715385","Magic","Unique and Miscellaneous Promos","Reflections of Littjara (KHM Bundle)","","400","P","Near Mint Foil","0.94","0.97","2.0900","0.7400","0","0","0.7800",""
"4435795","Magic","Unique and Miscellaneous Promos","Reliquary Tower (Bring a Friend Promo)","","1","P","Near Mint Foil","1.87","2.98","2.6200","1.3100","0","0","1.3900",""
"7995567","Magic","Universes Beyond: Assassin's Creed","Abstergo Entertainment (Extended Art)","","171","R","Near Mint","3.50","4.00","3.6700","2.3600","1","0","2.9300",""
"8005870","Magic","Universes Beyond: Assassin's Creed","Alexios, Deimos of Kosmos","","33","U","Near Mint","0.43","0.44","1.6400","0.3300","0","0","0.3500",""
"8007435","Magic","Universes Beyond: Assassin's Creed","Ballad of the Black Flag","","13","U","Near Mint Foil","0.21","0.17","1.4600","0.1500","1","0","0.1600",""
"7999155","Magic","Universes Beyond: Assassin's Creed","Black Market Connections","","87","R","Near Mint","13.18","10.76","11.9800","9.6400","0","0","11.3900",""
"8004335","Magic","Universes Beyond: Assassin's Creed","Brotherhood Regalia","","71","U","Near Mint Foil","8.98","9.00","8.9900","8.0000","0","0","8.4800",""
"7991657","Magic","Universes Beyond: Assassin's Creed","Caduceus, Staff of Hermes","","2","R","Near Mint","9.02","12.49","8.2200","7.2300","0","0","8.1100",""
"7793528","Magic","Universes Beyond: Assassin's Creed","Cover of Darkness","","89","R","Near Mint Foil","4.47","4.74","4.5300","3.2200","0","0","3.8500",""
"7993912","Magic","Universes Beyond: Assassin's Creed","Eivor, Wolf-Kissed","","54","M","Near Mint","1.10","1.38","2.2800","0.9700","1","0","1.0000",""
"8005165","Magic","Universes Beyond: Assassin's Creed","Mjolnir, Storm Hammer (Extended Art)","","170","R","Near Mint","2.13","3.99","2.7900","1.4800","0","0","1.6100",""
"8008325","Magic","Universes Beyond: Assassin's Creed","Propaganda (Foil Etched)","","195","U","Near Mint Foil","6.31","4.99","5.2700","3.9600","0","0","5.1300",""
"7994823","Magic","Universes Beyond: Assassin's Creed","Ratonhnhake:ton (Showcase)","","150","R","Near Mint Foil","2.19","5.76","2.2900","0.9800","0","0","1.2200",""
"7995081","Magic","Universes Beyond: Assassin's Creed","Sigurd, Jarl of Ravensthorpe","","66","R","Near Mint","0.62","0.62","1.5600","0.2500","0","0","0.3200",""
"7995056","Magic","Universes Beyond: Assassin's Creed","Sigurd, Jarl of Ravensthorpe (Foil Etched)","","249","R","Near Mint Foil","3.14","3.31","3.8000","2.4900","1","0","2.8100",""
"8005235","Magic","Universes Beyond: Assassin's Creed","Staff of Eden, Vault's Key","","76","M","Near Mint","1.36","1.39","2.3100","1.0000","0","0","1.0700",""
"8003365","Magic","Universes Beyond: Assassin's Creed","Tax Collector","","9","U","Near Mint","0.12","0.12","1.4000","0.0900","0","0","0.1500",""
"7469632","Magic","Universes Beyond: Doctor Who","Auton Soldier (Extended Art)","","353","R","Near Mint","11.19","11.91","9.8900","9.8900","0","0","10.6000",""
"7472740","Magic","Universes Beyond: Doctor Who","Barbara Wright","","14","R","Near Mint","0.63","0.56","1.8800","0.5700","0","0","0.5800",""
"7459273","Magic","Universes Beyond: Doctor Who","Clockspinning","","215","C","Near Mint","0.29","0.26","1.5800","0.2700","0","0","0.2700",""
"7462713","Magic","Universes Beyond: Doctor Who","Danny Pink","","39","R","Near Mint","13.62","13.96","13.9900","13.9900","0","0","13.9900",""
"7419140","Magic","Universes Beyond: Doctor Who","Donna Noble","","82","R","Near Mint","0.15","0.13","1.4400","0.1300","1","0","0.1500",""
"7467383","Magic","Universes Beyond: Doctor Who","Ensnared by the Mara (Extended Art)","","384","R","Near Mint","5.93","9.80","5.2700","5.2700","0","0","8.0000",""
"7463883","Magic","Universes Beyond: Doctor Who","Flaming Tyrannosaurus","","85","R","Near Mint","3.42","2.98","4.4500","3.1400","0","0","3.2700",""
"7468460","Magic","Universes Beyond: Doctor Who","Haunted Ridge","","286","R","Near Mint","4.32","4.25","5.0000","5.0000","0","0","5.0000",""
"7468195","Magic","Universes Beyond: Doctor Who","River of Tears","","297","R","Near Mint","0.13","0.13","1.4400","0.1300","0","0","0.1500",""
"7334096","Magic","Universes Beyond: Doctor Who","Rose Tyler","","5","R","Near Mint Foil","0.14","0.09","1.4000","0.0900","1","0","0.1500",""
"7456477","Magic","Universes Beyond: Doctor Who","Rose Tyler (Extended Art)","","346","R","Near Mint Foil","0.44","0.44","1.7300","0.4200","1","0","0.4200",""
"7455182","Magic","Universes Beyond: Doctor Who","Rose Tyler (Showcase)","","535","R","Near Mint Foil","0.67","0.66","1.8100","0.5000","1","0","0.5300",""
"7454061","Magic","Universes Beyond: Doctor Who","The Sixth Doctor","","159","R","Near Mint","0.25","0.18","1.4900","0.1800","1","0","0.2000",""
"7459793","Magic","Universes Beyond: Doctor Who","War Room","","330","R","Near Mint","3.12","3.28","4.3100","3.0000","0","0","3.0600",""
"7461943","Magic","Universes Beyond: Doctor Who","Waterlogged Grove (Extended Art)","","534","R","Near Mint","0.99","1.11","1.9100","0.6000","0","0","0.6800",""
"7454201","Magic","Universes Beyond: Doctor Who","Wedding Ring","","213","M","Near Mint","5.67","5.90","5.9100","4.6000","0","0","5.1300",""
"7769844","Magic","Universes Beyond: Fallout","Anguished Unmaking (Extended Art)","","473","R","Near Mint","2.07","2.26","3.0400","1.7300","0","0","1.8100",""
"7769829","Magic","Universes Beyond: Fallout","Anguished Unmaking (Surge Foil)","","737","R","Near Mint Foil","3.84","","5.2000","3.8900","1","0","3.8900",""
"7757039","Magic","Universes Beyond: Fallout","Arcane Signet","","224","U","Near Mint","0.40","0.36","1.6700","0.3600","0","0","0.3700",""
"7783375","Magic","Universes Beyond: Fallout","Austere Command","","156","R","Near Mint Foil","0.71","","2.0100","0.7000","0","0","0.7000",""
"7759519","Magic","Universes Beyond: Fallout","Basilisk Collar","","225","R","Near Mint","3.32","","4.4100","3.1000","0","0","3.2000",""
"7788342","Magic","Universes Beyond: Fallout","Brotherhood Scribe (Extended Art) (Surge Foil)","","893","R","Near Mint Foil","2.64","2.97","3.0200","1.7100","1","0","1.9000",""
"7788326","Magic","Universes Beyond: Fallout","Brotherhood Scribe (Surge Foil)","","541","R","Near Mint Foil","1.39","","2.2600","0.9500","1","0","1.0400",""
"7490459","Magic","Universes Beyond: Fallout","Caesar, Legion's Emperor (Showcase)","","339","M","Near Mint Foil","6.85","6.64","6.5500","5.5600","0","0","6.7000",""
"7759619","Magic","Universes Beyond: Fallout","Champion's Helm","","228","R","Near Mint","1.05","","2.1100","0.8000","0","0","0.8500",""
"7761459","Magic","Universes Beyond: Fallout","Codsworth, Handy Helper","","14","R","Near Mint","9.94","10.27","9.7900","9.7900","0","0","9.8800",""
"7490964","Magic","Universes Beyond: Fallout","Command Tower (Borderless)","","360","C","Near Mint","10.97","11.30","11.2400","11.2400","0","0","11.2400",""
"7781935","Magic","Universes Beyond: Fallout","Darkwater Catacombs (Extended Art) (Surge Foil)","","1020","R","Near Mint Foil","1.15","","2.4100","1.1000","0","0","1.1100",""
"7490414","Magic","Universes Beyond: Fallout","Dogmeat, Ever Loyal","","2","M","Near Mint Foil","0.39","0.30","1.5700","0.2600","0","0","0.2900",""
"7490554","Magic","Universes Beyond: Fallout","Dogmeat, Ever Loyal (Showcase)","","340","M","Near Mint Foil","7.26","7.27","7.0000","7.0000","0","0","7.1300",""
"7754217","Magic","Universes Beyond: Fallout","Dogmeat, Ever Loyal (Surge Foil)","","530","M","Near Mint Foil","18.79","21.62","16.1500","16.1500","1","0","17.4700",""
"7760124","Magic","Universes Beyond: Fallout","Exotic Orchard","","264","R","Near Mint Foil","4.28","4.99","3.2500","1.5000","1","0","2.8900",""
"7764549","Magic","Universes Beyond: Fallout","Exotic Orchard (Extended Art) (Surge Foil)","","1023","R","Near Mint Foil","14.47","19.99","13.7400","12.4300","0","0","13.4500",""
"7784280","Magic","Universes Beyond: Fallout","Fetid Pools (Extended Art) (Surge Foil)","","1024","R","Near Mint Foil","2.55","3.25","3.4000","2.0900","0","0","2.1800",""
"7769054","Magic","Universes Beyond: Fallout","Fog Crawler - Vigor (Showcase)","","347","R","Near Mint","15.32","16.68","14.9900","14.0000","0","0","14.6600",""
"7782180","Magic","Universes Beyond: Fallout","Hardened Scales","","200","R","Near Mint Foil","4.91","4.97","5.0000","5.0000","0","0","5.0000",""
"7796995","Magic","Universes Beyond: Fallout","HELIOS One (Extended Art)","","441","R","Near Mint Foil","2.61","1.61","2.9600","1.6500","1","0","1.8400",""
"7758351","Magic","Universes Beyond: Fallout","Heroic Intervention","","202","R","Near Mint","10.10","11.10","9.9800","9.9800","0","0","10.0100",""
"7781500","Magic","Universes Beyond: Fallout","Hinterland Harbor (Extended Art)","","498","R","Near Mint Foil","5.12","8.75","4.9800","3.6700","0","0","4.3900",""
"7778156","Magic","Universes Beyond: Fallout","Inexorable Tide","","177","R","Near Mint Foil","4.69","","4.4500","2.9500","0","0","3.8200",""
"7763334","Magic","Universes Beyond: Fallout","Inventory Management","","105","R","Near Mint","2.88","2.89","3.0500","1.7400","0","0","1.9700",""
"7763399","Magic","Universes Beyond: Fallout","Inventory Management (Showcase)","","342","R","Near Mint","6.65","5.13","6.3500","5.1300","0","0","6.5000",""
"7763404","Magic","Universes Beyond: Fallout","Inventory Management (Showcase)","","342","R","Near Mint Foil","8.66","8.05","7.9700","7.9700","0","0","7.5700",""
"7771434","Magic","Universes Beyond: Fallout","Kellogg, Dangerous Mind","","106","R","Near Mint","2.73","2.89","3.1100","1.8000","0","0","1.9800",""
"7771539","Magic","Universes Beyond: Fallout","Kellogg, Dangerous Mind (Extended Art) (Surge Foil)","","943","R","Near Mint Foil","11.32","17.25","6.9900","5.6900","0","0","8.6600",""
"7781145","Magic","Universes Beyond: Fallout","Nesting Grounds (Extended Art) (Surge Foil)","","1030","R","Near Mint Foil","3.88","3.64","4.7000","3.3900","1","0","3.6300",""
"7780640","Magic","Universes Beyond: Fallout","Nuka-Nuke Launcher (Extended Art) (Surge Foil)","","962","R","Near Mint Foil","1.19","1.18","2.3100","1.0000","1","0","1.0400",""
"7771204","Magic","Universes Beyond: Fallout","Paladin Elizabeth Taggerdy (Extended Art) (Surge Foil)","","952","R","Near Mint Foil","2.02","2.02","2.9300","1.6200","0","0","1.7000",""
"7759419","Magic","Universes Beyond: Fallout","Path to Exile","","169","U","Near Mint","0.96","0.94","2.1900","0.8800","0","0","0.9000",""
"7764249","Magic","Universes Beyond: Fallout","Pip-Boy 3000","","140","R","Near Mint","2.77","2.77","3.8100","2.5000","0","0","2.5500",""
"7783575","Magic","Universes Beyond: Fallout","Power Fist (Extended Art)","","400","R","Near Mint Foil","13.16","19.41","12.6500","11.6600","0","0","12.4100",""
"7787428","Magic","Universes Beyond: Fallout","Prairie Stream (Extended Art) (Surge Foil)","","1031","R","Near Mint Foil","2.51","2.99","3.4000","2.0900","0","0","2.1700",""
"7762189","Magic","Universes Beyond: Fallout","Pre-War Formalwear","","21","R","Near Mint","0.85","0.88","1.7900","0.4800","0","0","0.5500",""
"7762194","Magic","Universes Beyond: Fallout","Pre-War Formalwear","","21","R","Near Mint Foil","5.87","","5.0200","5.0200","1","0","5.4500",""
"7765854","Magic","Universes Beyond: Fallout","Prime Mirelurk Queen - Hullbreaker Horror (Showcase)","","344","R","Near Mint","6.92","7.26","6.9000","5.9100","0","0","6.4200",""
"7490914","Magic","Universes Beyond: Fallout","Radstorm (Showcase)","","329","R","Near Mint","4.84","5.55","5.0000","3.6900","0","0","4.2600",""
"7755773","Magic","Universes Beyond: Fallout","Ravages of War (Borderless)","","354","M","Near Mint","17.98","24.10","15.9900","15.0000","0","0","16.4900",""
"7765374","Magic","Universes Beyond: Fallout","Rootbound Crag (Extended Art)","","504","R","Near Mint Foil","3.56","3.89","4.3000","2.9900","1","0","3.2800",""
"7757521","Magic","Universes Beyond: Fallout","Ruinous Ultimatum","","220","R","Near Mint Foil","5.34","","3.1900","1.8800","0","0","3.6100",""
"7757611","Magic","Universes Beyond: Fallout","Ruinous Ultimatum (Extended Art)","","478","R","Near Mint","4.23","3.27","4.5700","3.2600","1","0","3.7500",""
"7765219","Magic","Universes Beyond: Fallout","Scavenger Grounds (Extended Art)","","506","R","Near Mint Foil","1.93","2.25","3.1200","1.8100","0","0","1.8300",""
"7764359","Magic","Universes Beyond: Fallout","Silver Shroud Costume","","142","U","Near Mint","5.21","5.31","5.3100","5.3100","0","0","5.4000",""
"7756734","Magic","Universes Beyond: Fallout","Sol Ring","","239","U","Near Mint","1.52","1.20","2.4500","1.1400","0","0","1.2000",""
"7762784","Magic","Universes Beyond: Fallout","Strong Back","","83","R","Near Mint","0.69","0.49","1.7000","0.3900","0","0","0.4500",""
"7762839","Magic","Universes Beyond: Fallout","Strong Back (Extended Art)","","402","R","Near Mint Foil","3.11","3.11","3.8100","2.5000","0","0","2.8000",""
"7760469","Magic","Universes Beyond: Fallout","Sunpetal Grove","","297","R","Near Mint","0.40","","1.6300","0.3200","0","0","0.3400",""
"7783730","Magic","Universes Beyond: Fallout","Swords to Plowshares","","173","U","Near Mint","1.17","1.23","2.3400","1.0300","0","0","1.0700",""
"7769414","Magic","Universes Beyond: Fallout","Talisman of Conviction","","243","U","Near Mint","0.70","0.20","1.5000","0.1900","0","0","0.2900",""
"7787748","Magic","Universes Beyond: Fallout","Temple of Enlightenment (Extended Art) (Surge Foil)","","1046","R","Near Mint Foil","0.90","","2.0300","0.7200","0","0","0.7600",""
"7787732","Magic","Universes Beyond: Fallout","Temple of Enlightenment (Surge Foil)","","832","R","Near Mint Foil","0.67","0.99","1.9300","0.6200","1","0","0.6300",""
"7779615","Magic","Universes Beyond: Fallout","Temple of Mystery (Surge Foil)","","836","R","Near Mint Foil","0.82","1.80","2.1300","0.8200","1","0","0.8200",""
"7798078","Magic","Universes Beyond: Fallout","Toxic Sheepsquatch - Gemrazer (Showcase)","","351","R","Near Mint","1.58","1.98","2.2900","0.9800","0","0","1.1000",""
"7798108","Magic","Universes Beyond: Fallout","Toxic Sheepsquatch - Gemrazer (Showcase) (Surge Foil)","","879","R","Near Mint Foil","6.31","","23.9900","22.0000","0","0","22.0000",""
"7779455","Magic","Universes Beyond: Fallout","Viridescent Bog (Extended Art) (Surge Foil)","","974","R","Near Mint Foil","3.07","2.99","3.0500","1.7400","1","0","2.4000",""
"7490619","Magic","Universes Beyond: Fallout","Wasteland (Borderless)","","361","R","Near Mint Foil","23.22","23.33","21.0700","19.7700","0","0","20.8000",""
"7778912","Magic","Universes Beyond: Fallout","West Tek Tyrant - Grave Titan (Showcase)","","346","M","Near Mint","2.34","2.34","2.4900","1.1800","0","0","1.4100",""
"7765699","Magic","Universes Beyond: Fallout","Windbrisk Heights (Extended Art) (Surge Foil)","","1055","R","Near Mint Foil","2.22","2.26","3.3000","1.9900","0","0","2.0400",""
"7541922","Magic","Universes Beyond: Jurassic World Collection","Permission Denied (Borderless)","","17","R","Near Mint","8.39","10.38","8.7400","7.4700","0","0","7.8800",""
"7192289","Magic","Universes Beyond: The Lord of the Rings: Tales of Middle-earth","Anduril, Flame of the West (Extended Art)","","375","M","Near Mint","4.57","5.06","5.0000","5.0000","0","0","5.0000",""
"7446216","Magic","Universes Beyond: The Lord of the Rings: Tales of Middle-earth","Anduril, Flame of the West (Extended Art) (Surge Foil)","","786","M","Near Mint Foil","5.39","","6.3600","5.3600","0","0","6.2000",""
"7163875","Magic","Universes Beyond: The Lord of the Rings: Tales of Middle-earth","Aragorn, the Uniter","","192","M","Near Mint","4.50","5.62","4.4100","3.0700","0","0","3.7900",""
"7177200","Magic","Universes Beyond: The Lord of the Rings: Tales of Middle-earth","Barad-dur (0340) (Borderless)","","340","R","Near Mint","1.24","1.38","2.0600","0.7500","1","0","0.8500",""
"7217199","Magic","Universes Beyond: The Lord of the Rings: Tales of Middle-earth","Bilbo's Ring","","298","R","Near Mint","11.50","12.10","10.8100","9.5000","0","0","10.5000",""
"7164195","Magic","Universes Beyond: The Lord of the Rings: Tales of Middle-earth","Bilbo's Ring (Extended Art)","","397","R","Near Mint","12.52","14.97","12.0500","12.0500","0","0","12.2700",""
"7196842","Magic","Universes Beyond: The Lord of the Rings: Tales of Middle-earth","Breaking of the Fellowship","","117","C","Near Mint Foil","0.14","","1.3500","0.0400","1","0","0.1500",""
"7172695","Magic","Universes Beyond: The Lord of the Rings: Tales of Middle-earth","Delighted Halfling","","158","R","Near Mint Foil","16.01","16.78","16.0100","16.0100","0","0","16.0100",""
"7182386","Magic","Universes Beyond: The Lord of the Rings: Tales of Middle-earth","Delighted Halfling (Extended Art)","","363","R","Near Mint","16.64","19.88","16.4900","15.0000","0","0","15.8200",""
"7174070","Magic","Universes Beyond: The Lord of the Rings: Tales of Middle-earth","Dunland Crebain (Borderless)","","411","C","Near Mint","0.09","","1.3200","0.0100","1","0","0.1500",""
"7197635","Magic","Universes Beyond: The Lord of the Rings: Tales of Middle-earth","Elrond, Master of Healing","","200","R","Near Mint","0.18","","1.4100","0.1000","1","0","0.1500",""
"7195422","Magic","Universes Beyond: The Lord of the Rings: Tales of Middle-earth","Elven Chorus","","160","R","Near Mint Foil","2.68","7.23","3.6600","2.3500","0","0","2.4200",""
"7194624","Magic","Universes Beyond: The Lord of the Rings: Tales of Middle-earth","Elvish Mariner","","283","R","Near Mint","1.16","2.19","1.5100","0.2000","1","0","0.3800",""
"7174310","Magic","Universes Beyond: The Lord of the Rings: Tales of Middle-earth","Eomer, Marshal of Rohan (Borderless)","","428","R","Near Mint","0.38","0.25","1.5200","0.2100","1","0","0.2400",""
"7165320","Magic","Universes Beyond: The Lord of the Rings: Tales of Middle-earth","Eowyn, Fearless Knight","","201","R","Near Mint Foil","1.24","4.71","1.7200","0.4100","0","0","0.5800",""
"7189164","Magic","Universes Beyond: The Lord of the Rings: Tales of Middle-earth","Eowyn, Lady of Rohan","","10","U","Near Mint","0.12","0.09","1.3600","0.0500","1","0","0.1500",""
"7177757","Magic","Universes Beyond: The Lord of the Rings: Tales of Middle-earth","Fall of Gil-galad","","165","R","Near Mint","0.17","0.17","1.3400","0.0300","0","0","0.1500",""
"7198735","Magic","Universes Beyond: The Lord of the Rings: Tales of Middle-earth","Faramir, Field Commander (Showcase)","","303","U","Near Mint Foil","0.14","0.10","1.3600","0.0500","1","0","0.1500",""
"7186349","Magic","Universes Beyond: The Lord of the Rings: Tales of Middle-earth","Faramir, Prince of Ithilien","","202","R","Near Mint","0.25","0.25","1.4300","0.1200","0","0","0.1500",""
"7189562","Magic","Universes Beyond: The Lord of the Rings: Tales of Middle-earth","Fiery Inscription","","126","U","Near Mint","0.26","0.28","1.4600","0.1500","2","0","0.1700",""
"7221500","Magic","Universes Beyond: The Lord of the Rings: Tales of Middle-earth","Fires of Mount Doom","","294","R","Near Mint","0.55","0.58","1.7600","0.4500","1","0","0.4700",""
"7188784","Magic","Universes Beyond: The Lord of the Rings: Tales of Middle-earth","Flowering of the White Tree","","15","R","Near Mint Foil","7.44","9.11","6.4900","5.0000","0","0","6.2200",""
"7188859","Magic","Universes Beyond: The Lord of the Rings: Tales of Middle-earth","Flowering of the White Tree (Extended Art)","","348","R","Near Mint","7.16","9.23","6.7400","5.7500","0","0","6.4600",""
"7175640","Magic","Universes Beyond: The Lord of the Rings: Tales of Middle-earth","Foray of Orcs (Borderless)","","417","U","Near Mint","0.15","0.05","1.3300","0.0200","1","0","0.1500",""
"7171570","Magic","Universes Beyond: The Lord of the Rings: Tales of Middle-earth","Forest (0271)","","271","L","Near Mint","0.10","0.01","1.3200","0.0100","1","0","0.1500",""
"7178157","Magic","Universes Beyond: The Lord of the Rings: Tales of Middle-earth","Forge Anew","","17","R","Near Mint","4.50","4.99","4.4200","2.4200","0","0","3.7800",""
"7175270","Magic","Universes Beyond: The Lord of the Rings: Tales of Middle-earth","Gandalf, Friend of the Shire (Showcase)","","308","U","Near Mint","0.11","0.10","1.3200","0.0100","1","0","0.1500",""
"7215198","Magic","Universes Beyond: The Lord of the Rings: Tales of Middle-earth","Gandalf, White Rider","","290","R","Near Mint","1.43","1.60","1.7400","0.4300","0","0","0.6300",""
"7166075","Magic","Universes Beyond: The Lord of the Rings: Tales of Middle-earth","Generous Ent","","169","C","Near Mint","0.65","0.65","1.5500","0.2400","0","0","0.3200",""
"7184760","Magic","Universes Beyond: The Lord of the Rings: Tales of Middle-earth","Gimli, Counter of Kills (Showcase)","","312","U","Near Mint Foil","0.20","0.10","1.3800","0.0700","0","0","0.1500",""
"7189642","Magic","Universes Beyond: The Lord of the Rings: Tales of Middle-earth","Gloin, Dwarf Emissary","","132","R","Near Mint","0.63","0.50","1.5900","0.2800","0","0","0.3500",""
"7189963","Magic","Universes Beyond: The Lord of the Rings: Tales of Middle-earth","Gwaihir the Windlord","","210","U","Near Mint","0.12","0.01","1.3200","0.0100","1","0","0.1500",""
"7181861","Magic","Universes Beyond: The Lord of the Rings: Tales of Middle-earth","Ioreth of the Healing House","","56","U","Near Mint Foil","0.40","0.44","1.5500","0.2400","1","0","0.2800",""
"7027337","Magic","Universes Beyond: The Lord of the Rings: Tales of Middle-earth","Island (0274)","","274","L","Near Mint","0.56","0.50","1.5000","0.1900","0","0","0.2700",""
"7026161","Magic","Universes Beyond: The Lord of the Rings: Tales of Middle-earth","Island (0275)","","275","L","Near Mint Foil","0.53","","1.5000","0.1900","1","0","0.2600",""
"7166930","Magic","Universes Beyond: The Lord of the Rings: Tales of Middle-earth","Knights of Dol Amroth","","59","C","Near Mint Foil","0.10","0.05","1.3200","0.0100","1","0","0.1500",""
"7175350","Magic","Universes Beyond: The Lord of the Rings: Tales of Middle-earth","Knights of Dol Amroth (Borderless)","","432","C","Near Mint","0.06","0.01","1.3200","0.0100","1","0","0.1500",""
"7175880","Magic","Universes Beyond: The Lord of the Rings: Tales of Middle-earth","Last March of the Ents (Borderless)","","418","M","Near Mint","15.68","23.43","14.2200","13.0000","0","0","14.8600",""
"7197425","Magic","Universes Beyond: The Lord of the Rings: Tales of Middle-earth","Lembas","","243","C","Near Mint","0.92","1.00","1.7500","0.4400","1","0","0.5400",""
"7167330","Magic","Universes Beyond: The Lord of the Rings: Tales of Middle-earth","Long List of the Ents","","174","U","Near Mint Foil","0.20","0.05","1.3600","0.0500","1","0","0.1500",""
"7216698","Magic","Universes Beyond: The Lord of the Rings: Tales of Middle-earth","Lorien Revealed","","60","C","Near Mint","2.51","2.69","2.8500","1.5400","0","0","1.7100",""
"7167405","Magic","Universes Beyond: The Lord of the Rings: Tales of Middle-earth","Many Partings","","176","C","Near Mint","0.13","0.11","1.3900","0.0800","2","0","0.1500",""
"7167410","Magic","Universes Beyond: The Lord of the Rings: Tales of Middle-earth","Many Partings","","176","C","Near Mint Foil","0.17","0.15","1.4100","0.1000","1","0","0.1500",""
"7179466","Magic","Universes Beyond: The Lord of the Rings: Tales of Middle-earth","Many Partings (Borderless)","","445","C","Near Mint","0.14","0.05","1.3200","0.0100","1","0","0.1500",""
"7178397","Magic","Universes Beyond: The Lord of the Rings: Tales of Middle-earth","March from the Black Gate","","94","U","Near Mint","0.10","0.06","1.3900","0.0800","1","0","0.1500",""
"7184393","Magic","Universes Beyond: The Lord of the Rings: Tales of Middle-earth","Meneldor, Swift Savior","","62","U","Near Mint","0.10","0.07","1.3400","0.0300","1","0","0.1500",""
"7167805","Magic","Universes Beyond: The Lord of the Rings: Tales of Middle-earth","Minas Tirith","","256","R","Near Mint","3.38","3.30","4.4600","3.1500","1","0","3.1500",""
"7167925","Magic","Universes Beyond: The Lord of the Rings: Tales of Middle-earth","Mirkwood Bats","","95","C","Near Mint","0.68","0.68","1.8000","0.4900","0","0","0.5200",""
"7198405","Magic","Universes Beyond: The Lord of the Rings: Tales of Middle-earth","Mithril Coat","","245","R","Near Mint","18.26","19.99","18.0000","17.0100","0","0","18.1700",""
"7171890","Magic","Universes Beyond: The Lord of the Rings: Tales of Middle-earth","Mountain (0269)","","269","L","Near Mint","0.11","0.01","1.3200","0.0100","1","0","0.1500",""
"7027497","Magic","Universes Beyond: The Lord of the Rings: Tales of Middle-earth","Mountain (0278)","","278","L","Near Mint","0.36","0.32","1.4500","0.1400","1","0","0.1800",""
"7027502","Magic","Universes Beyond: The Lord of the Rings: Tales of Middle-earth","Mountain (0278)","","278","L","Near Mint Foil","0.48","","1.5400","0.2300","1","0","0.2800",""
"7026426","Magic","Universes Beyond: The Lord of the Rings: Tales of Middle-earth","Mountain (0279)","","279","L","Near Mint","0.37","0.39","1.4900","0.1800","1","0","0.2200",""
"7168565","Magic","Universes Beyond: The Lord of the Rings: Tales of Middle-earth","Nazgul (0337)","","337","U","Near Mint","10.88","13.09","10.2000","10.2000","0","0","10.4900",""
"7168725","Magic","Universes Beyond: The Lord of the Rings: Tales of Middle-earth","Nazgul (0339)","","339","U","Near Mint","10.34","12.17","10.1400","9.7500","0","0","10.2200",""
"7174230","Magic","Universes Beyond: The Lord of the Rings: Tales of Middle-earth","Oliphaunt (Borderless)","","426","C","Near Mint","0.19","0.02","1.3200","0.0100","1","0","0.1500",""
"7174235","Magic","Universes Beyond: The Lord of the Rings: Tales of Middle-earth","Oliphaunt (Borderless)","","426","C","Near Mint Foil","0.23","0.23","1.3900","0.0800","1","0","0.1500",""
"7181936","Magic","Universes Beyond: The Lord of the Rings: Tales of Middle-earth","One Ring to Rule Them All","","102","R","Near Mint","2.20","4.38","2.0100","0.7000","1","0","0.9900",""
"7173625","Magic","Universes Beyond: The Lord of the Rings: Tales of Middle-earth","Orcish Bowmasters (Borderless)","","433","R","Near Mint Foil","42.77","43.63","40.7100","38.7200","0","0","39.9400",""
"7174950","Magic","Universes Beyond: The Lord of the Rings: Tales of Middle-earth","Pippin's Bravery (Borderless)","","414","C","Near Mint","0.13","","1.3200","0.0100","2","0","0.1500",""
"7172130","Magic","Universes Beyond: The Lord of the Rings: Tales of Middle-earth","Plains (0262)","","262","L","Near Mint","0.10","","1.3600","0.0500","1","0","0.1500",""
"7185398","Magic","Universes Beyond: The Lord of the Rings: Tales of Middle-earth","Press the Enemy","","65","R","Near Mint","0.39","","1.5500","0.2400","0","0","0.2700",""
"7169550","Magic","Universes Beyond: The Lord of the Rings: Tales of Middle-earth","Prince Imrahil the Fair","","219","U","Near Mint","0.11","0.02","1.3300","0.0200","1","0","0.1500",""
"7175485","Magic","Universes Beyond: The Lord of the Rings: Tales of Middle-earth","Quickbeam, Upstart Ent (Borderless)","","419","U","Near Mint Foil","0.19","0.10","1.4000","0.0900","0","0","0.1500",""
"7027742","Magic","Universes Beyond: The Lord of the Rings: Tales of Middle-earth","Reprieve","","26","U","Near Mint","1.38","1.88","1.8400","0.5300","0","0","0.7100",""
"7178317","Magic","Universes Beyond: The Lord of the Rings: Tales of Middle-earth","Ringsight","","220","U","Near Mint","0.24","0.24","1.4600","0.1500","2","0","0.1700",""
"7169870","Magic","Universes Beyond: The Lord of the Rings: Tales of Middle-earth","Rosie Cotton of South Lane","","27","U","Near Mint","0.20","0.10","1.3700","0.0600","1","0","0.1500",""
"7179586","Magic","Universes Beyond: The Lord of the Rings: Tales of Middle-earth","Rosie Cotton of South Lane (Borderless)","","440","U","Near Mint","0.11","0.05","1.3600","0.0500","1","0","0.1500",""
"7215493","Magic","Universes Beyond: The Lord of the Rings: Tales of Middle-earth","Sam's Desperate Rescue","","105","C","Near Mint Foil","0.29","0.16","1.4100","0.1000","2","0","0.1500",""
"7175560","Magic","Universes Beyond: The Lord of the Rings: Tales of Middle-earth","Sauron, the Necromancer (Showcase)","","310","R","Near Mint","0.33","","1.5100","0.2000","1","0","0.2300",""
"7194974","Magic","Universes Beyond: The Lord of the Rings: Tales of Middle-earth","Scroll of Isildur","","69","R","Near Mint","0.30","0.40","1.4500","0.1400","0","0","0.1700",""
"7192629","Magic","Universes Beyond: The Lord of the Rings: Tales of Middle-earth","Shire Shirriff (Borderless)","","441","U","Near Mint","0.11","0.01","1.3200","0.0100","2","0","0.1500",""
"7193974","Magic","Universes Beyond: The Lord of the Rings: Tales of Middle-earth","Smeagol, Helpful Guide","","231","R","Near Mint","0.24","0.22","1.4600","0.1500","1","0","0.1700",""
"7184288","Magic","Universes Beyond: The Lord of the Rings: Tales of Middle-earth","Stern Scolding","","71","U","Near Mint","0.28","0.24","1.4200","0.1100","1","0","0.1500",""
"7184293","Magic","Universes Beyond: The Lord of the Rings: Tales of Middle-earth","Stern Scolding","","71","U","Near Mint Foil","1.41","1.41","1.5300","0.2200","1","0","0.4200",""
"7170830","Magic","Universes Beyond: The Lord of the Rings: Tales of Middle-earth","Storm of Saruman","","72","M","Near Mint","2.68","4.97","3.0600","1.7500","0","0","2.1400",""
"7173830","Magic","Universes Beyond: The Lord of the Rings: Tales of Middle-earth","Storm of Saruman (Borderless)","","413","M","Near Mint","3.59","4.68","3.8100","2.5000","1","0","3.0400",""
"7172215","Magic","Universes Beyond: The Lord of the Rings: Tales of Middle-earth","Swamp (0267)","","267","L","Near Mint Foil","0.19","0.17","1.4100","0.1000","1","0","0.1500",""
"7027657","Magic","Universes Beyond: The Lord of the Rings: Tales of Middle-earth","Swamp (0276)","","276","L","Near Mint","0.34","0.24","1.4500","0.1400","1","0","0.1800",""
"7026251","Magic","Universes Beyond: The Lord of the Rings: Tales of Middle-earth","Swamp (0277)","","277","L","Near Mint","0.87","0.80","1.4200","0.1100","1","0","0.2500",""
"7185626","Magic","Universes Beyond: The Lord of the Rings: Tales of Middle-earth","The Bath Song","","40","U","Near Mint","0.09","0.09","1.3600","0.0500","1","0","0.1500",""
"7193844","Magic","Universes Beyond: The Lord of the Rings: Tales of Middle-earth","The Battle of Bywater","","2","R","Near Mint","2.45","2.23","2.4500","1.1400","0","0","1.3500",""
"7182516","Magic","Universes Beyond: The Lord of the Rings: Tales of Middle-earth","There and Back Again","","151","R","Near Mint","2.49","3.00","3.2600","1.9500","0","0","2.0600",""
"7028582","Magic","Universes Beyond: The Lord of the Rings: Tales of Middle-earth","Tom Bombadil (Showcase)","","331","M","Near Mint","2.57","2.57","3.3000","1.9900","1","0","2.1100",""
"7185050","Magic","Universes Beyond: The Lord of the Rings: Tales of Middle-earth","Troll of Khazad-dum","","111","C","Near Mint","0.80","0.84","1.7000","0.3900","1","0","0.4700",""
"7185546","Magic","Universes Beyond: The Lord of the Rings: Tales of Middle-earth","War of the Last Alliance","","36","R","Near Mint","0.73","0.81","1.5500","0.2400","0","0","0.3400",""
"7215688","Magic","Universes Beyond: The Lord of the Rings: Tales of Middle-earth","Witch-king, Bringer of Ruin","","293","R","Near Mint","7.39","7.98","7.6900","7.6900","0","0","6.9400",""
"6647068","Magic","Universes Beyond: Transformers","Cyclonus, the Saboteur","","9","M","Near Mint","0.72","","1.7400","0.4300","0","0","0.4900",""
"6647088","Magic","Universes Beyond: Transformers","Goldbug, Humanity's Ally","","11","M","Near Mint","0.69","0.78","1.7800","0.4700","0","0","0.5100",""
"6647013","Magic","Universes Beyond: Transformers","Jetfire, Ingenious Scientist","","3","M","Near Mint","0.90","0.67","2.0100","0.7000","0","0","0.7200",""
"6647113","Magic","Universes Beyond: Transformers","Megatron, Tyrant","","12","M","Near Mint","1.20","1.09","2.3100","1.0000","0","0","1.0400",""
"6647133","Magic","Universes Beyond: Transformers","Optimus Prime, Hero","","13","M","Near Mint","2.97","2.74","3.9600","2.6500","0","0","2.7100",""
"6646993","Magic","Universes Beyond: Transformers","Prowl, Stoic Strategist","","1","M","Near Mint","1.06","1.05","1.9800","0.6700","0","0","0.7500",""
"6646998","Magic","Universes Beyond: Transformers","Prowl, Stoic Strategist","","1","M","Near Mint Foil","1.52","1.53","2.1900","0.8800","0","0","1.0200",""
"6647003","Magic","Universes Beyond: Transformers","Ratchet, Field Medic","","2","M","Near Mint","2.44","2.89","2.3500","1.0400","0","0","1.3400",""
"6647043","Magic","Universes Beyond: Transformers","Slicer, Hired Muscle","","6","M","Near Mint","6.53","6.97","6.5000","5.5000","0","0","6.0200",""
"5825287","Magic","Universes Beyond: Warhammer 40,000","And They Shall Know No Fear","","9","U","Near Mint","10.43","11.98","10.0000","10.0000","0","0","10.2100",""
"5810107","Magic","Universes Beyond: Warhammer 40,000","Arcane Signet (227)","","227","C","Near Mint","2.28","2.17","3.5400","2.2300","0","0","2.2400",""
"5827750","Magic","Universes Beyond: Warhammer 40,000","Assault Intercessor","","104","R","Near Mint","0.98","1.04","2.0600","0.7500","0","0","0.8000",""
"5826400","Magic","Universes Beyond: Warhammer 40,000","Bastion Protector","","182","R","Near Mint","1.08","1.21","1.8000","0.4900","0","0","0.6100",""
"5809767","Magic","Universes Beyond: Warhammer 40,000","Be'lakor, the Dark Master","","172","M","Near Mint Foil","3.71","4.94","3.9100","2.6000","0","0","3.1600",""
"5811089","Magic","Universes Beyond: Warhammer 40,000","Biophagus","","87","R","Near Mint","17.41","17.48","15.7600","14.4500","0","0","17.0800",""
"5818954","Magic","Universes Beyond: Warhammer 40,000","Biotransference","","30","R","Near Mint","6.59","6.72","6.7300","6.7300","0","0","6.7400",""
"5827795","Magic","Universes Beyond: Warhammer 40,000","Birth of the Imperium","","107","R","Near Mint","3.09","2.99","4.2600","2.9500","0","0","3.0400",""
"5810787","Magic","Universes Beyond: Warhammer 40,000","Blood for the Blood God!","","108","R","Near Mint","7.10","7.17","7.1300","7.1300","0","0","6.6500",""
"5817312","Magic","Universes Beyond: Warhammer 40,000","Bloodthirster","","73","R","Near Mint","19.09","19.99","17.9900","17.0000","0","0","18.0200",""
"5812367","Magic","Universes Beyond: Warhammer 40,000","Bone Sabres","","88","R","Near Mint","5.61","5.89","5.0000","3.6900","0","0","4.6400",""
"5827840","Magic","Universes Beyond: Warhammer 40,000","Callidus Assassin","","109","R","Near Mint","4.54","4.57","4.9600","2.9700","0","0","3.7700",""
"5820037","Magic","Universes Beyond: Warhammer 40,000","Canoptek Scarab Swarm","","150","R","Near Mint","9.60","9.73","9.3200","8.0500","0","0","8.8200",""
"5820082","Magic","Universes Beyond: Warhammer 40,000","Canoptek Spyder","","151","R","Near Mint","11.98","","12.2600","11.2700","0","0","11.4200",""
"5820172","Magic","Universes Beyond: Warhammer 40,000","Canoptek Wraith","","153","R","Near Mint","2.29","2.44","3.3100","2.0000","0","0","2.0600",""
"5825535","Magic","Universes Beyond: Warhammer 40,000","Celestine, the Living Saint","","10","R","Near Mint","19.57","21.07","18.9900","18.9900","0","0","18.6200",""
"5817627","Magic","Universes Beyond: Warhammer 40,000","Chaos Defiler","","110","R","Near Mint","7.28","7.22","7.2300","7.2300","0","0","7.2300",""
"5816097","Magic","Universes Beyond: Warhammer 40,000","Chromatic Lantern","","232","R","Near Mint","2.95","3.15","3.8000","2.4900","0","0","2.5800",""
"5825237","Magic","Universes Beyond: Warhammer 40,000","Commissar Severina Raine","","112","R","Near Mint","18.52","18.69","19.4500","19.4500","0","0","18.9800",""
"5827885","Magic","Universes Beyond: Warhammer 40,000","Company Commander","","113","R","Near Mint","2.69","2.99","3.3000","1.9900","0","0","2.1200",""
"5821657","Magic","Universes Beyond: Warhammer 40,000","Endless Atlas","","237","R","Near Mint","1.91","2.48","2.7600","1.4500","0","0","1.5300",""
"5813072","Magic","Universes Beyond: Warhammer 40,000","Exotic Orchard","","278","R","Near Mint","0.25","0.25","1.4500","0.1400","0","0","0.1600",""
"5821887","Magic","Universes Beyond: Warhammer 40,000","Gilded Lotus","","239","R","Near Mint","2.19","2.57","2.6800","1.3700","0","0","1.5200",""
"5816862","Magic","Universes Beyond: Warhammer 40,000","Great Unclean One","","35","R","Near Mint","5.11","5.10","5.0600","5.0600","0","0","5.0700",""
"5810687","Magic","Universes Beyond: Warhammer 40,000","Hardened Scales","","215","R","Near Mint","1.34","1.74","2.3100","1.0000","0","0","1.0700",""
"5817447","Magic","Universes Beyond: Warhammer 40,000","Herald of Slaanesh","","77","U","Near Mint","5.18","5.25","5.1000","5.1000","0","0","5.2600",""
"5813417","Magic","Universes Beyond: Warhammer 40,000","Herald's Horn","","241","U","Near Mint","4.58","4.88","5.0000","5.0000","0","0","5.0000",""
"5811517","Magic","Universes Beyond: Warhammer 40,000","Hierophant Bio-Titan","","92","R","Near Mint","1.55","1.48","2.1700","0.8600","0","0","1.0000",""
"5818999","Magic","Universes Beyond: Warhammer 40,000","Illuminor Szeras","","37","R","Near Mint","3.98","2.98","4.3000","2.9900","0","0","3.4900",""
"5809717","Magic","Universes Beyond: Warhammer 40,000","Imotekh the Stormlord","","169","M","Near Mint Foil","5.95","6.04","5.5600","4.2500","0","0","5.1000",""
"5828245","Magic","Universes Beyond: Warhammer 40,000","Inquisitorial Rosette","","159","R","Near Mint","1.69","1.78","2.8100","1.5000","0","0","1.5400",""
"5814707","Magic","Universes Beyond: Warhammer 40,000","Keeper of Secrets","","78","R","Near Mint","10.49","11.48","9.7700","9.7700","0","0","10.5200",""
"5817492","Magic","Universes Beyond: Warhammer 40,000","Kharn the Betrayer","","79","R","Near Mint","5.32","5.56","5.0900","3.7000","0","0","4.5100",""
"5828290","Magic","Universes Beyond: Warhammer 40,000","Knight Paladin","","160","R","Near Mint","4.64","4.74","5.0100","5.0100","0","0","5.0100",""
"5821477","Magic","Universes Beyond: Warhammer 40,000","Living Death","","202","R","Near Mint","3.02","3.29","3.6900","2.3800","0","0","2.7000",""
"5816772","Magic","Universes Beyond: Warhammer 40,000","Lord of Change","","24","R","Near Mint","1.93","1.97","2.3100","1.0000","0","0","1.1900",""
"5814757","Magic","Universes Beyond: Warhammer 40,000","Magnus the Red","","131","R","Near Mint","3.17","3.17","3.8100","2.5000","0","0","2.8300",""
"5816907","Magic","Universes Beyond: Warhammer 40,000","Mandate of Abaddon","","40","R","Near Mint","4.54","4.99","4.9100","3.6000","0","0","4.0700",""
"5809657","Magic","Universes Beyond: Warhammer 40,000","Marneus Calgar","","175","M","Near Mint Foil","7.79","9.12","7.5000","6.5100","0","0","7.6400",""
"5821797","Magic","Universes Beyond: Warhammer 40,000","Mutilate","","203","R","Near Mint","1.60","1.91","2.3100","1.0000","0","0","1.1200",""
"5821567","Magic","Universes Beyond: Warhammer 40,000","Mystic Forge","","246","R","Near Mint","1.91","1.94","2.3100","1.0000","0","0","1.1800",""
"5820532","Magic","Universes Beyond: Warhammer 40,000","Necron Deathmark","","42","R","Near Mint","4.49","3.99","4.8000","3.4900","0","0","3.9800",""
"5810587","Magic","Universes Beyond: Warhammer 40,000","Old One Eye","","96","R","Near Mint","2.40","2.59","3.3100","2.0000","0","0","2.0800",""
"5818813","Magic","Universes Beyond: Warhammer 40,000","Out of the Tombs","","46","R","Near Mint","10.70","11.77","10.9700","10.9700","0","0","10.9800",""
"5817087","Magic","Universes Beyond: Warhammer 40,000","Plague Drone","","47","R","Near Mint","2.96","3.64","4.0000","2.6900","0","0","2.7400",""
"5825995","Magic","Universes Beyond: Warhammer 40,000","Port Town","","289","R","Near Mint","0.16","","1.4500","0.1400","0","0","0.1500",""
"5817132","Magic","Universes Beyond: Warhammer 40,000","Poxwalkers","","49","R","Near Mint","8.04","8.04","7.9000","7.9000","0","0","7.9700",""
"5826085","Magic","Universes Beyond: Warhammer 40,000","Prairie Stream","","290","R","Near Mint","0.31","0.25","1.4500","0.1400","1","0","0.1700",""
"5828335","Magic","Universes Beyond: Warhammer 40,000","Reaver Titan","","163","R","Near Mint","18.91","19.31","16.7400","16.7400","0","0","17.9200",""
"5820802","Magic","Universes Beyond: Warhammer 40,000","Resurrection Orb","","165","R","Near Mint","14.06","14.12","13.9900","12.0000","0","0","13.0400",""
"5821932","Magic","Universes Beyond: Warhammer 40,000","Sculpting Steel","","247","R","Near Mint","1.23","1.20","2.2400","0.9300","0","0","0.9900",""
"5820982","Magic","Universes Beyond: Warhammer 40,000","Shard of the Nightbringer","","55","R","Near Mint","5.20","5.14","5.1500","5.1500","0","0","5.1800",""
"5821027","Magic","Universes Beyond: Warhammer 40,000","Shard of the Void Dragon","","56","R","Near Mint","1.16","1.49","2.0000","0.6900","0","0","0.7700",""
"5828155","Magic","Universes Beyond: Warhammer 40,000","Sister Hospitaller","","141","R","Near Mint","6.81","7.35","6.7400","6.7400","0","0","6.7300",""
"5821117","Magic","Universes Beyond: Warhammer 40,000","Skorpekh Lord","","58","R","Near Mint","1.36","1.45","2.2500","0.9400","0","0","1.0200",""
"5826175","Magic","Universes Beyond: Warhammer 40,000","Skycloud Expanse","","294","R","Near Mint","0.17","0.16","1.3900","0.0800","0","0","0.1500",""
"5815142","Magic","Universes Beyond: Warhammer 40,000","Sloppity Bilepiper","","59","R","Near Mint","0.28","0.16","1.5100","0.2000","0","0","0.2200",""
"5833582","Magic","Universes Beyond: Warhammer 40,000","Sol Ring (250)","","250","U","Near Mint","1.95","1.99","2.8400","1.5300","0","0","1.6200",""
"5810152","Magic","Universes Beyond: Warhammer 40,000","Sol Ring (252)","","252","U","Near Mint","2.88","2.72","3.8800","2.5700","0","0","2.6300",""
"5827300","Magic","Universes Beyond: Warhammer 40,000","Space Marine Devastator","","14","R","Near Mint","1.16","1.21","2.2900","0.9800","0","0","1.0300",""
"5811867","Magic","Universes Beyond: Warhammer 40,000","Sporocyst","","98","R","Near Mint","4.38","4.99","4.8000","3.4900","0","0","3.9400",""
"5815797","Magic","Universes Beyond: Warhammer 40,000","Sunken Hollow","","295","R","Near Mint","0.29","0.29","1.5500","0.2400","0","0","0.2500",""
"5826715","Magic","Universes Beyond: Warhammer 40,000","Swords to Plowshares","","190","U","Near Mint","1.53","2.49","2.3100","1.0000","0","0","1.1100",""
"5815947","Magic","Universes Beyond: Warhammer 40,000","Talisman of Indulgence","","257","U","Near Mint","1.71","1.84","2.6200","1.3100","0","0","1.3900",""
"5827120","Magic","Universes Beyond: Warhammer 40,000","Talisman of Progress","","258","U","Near Mint","0.56","0.56","1.5900","0.2800","0","0","0.3400",""
"5811917","Magic","Universes Beyond: Warhammer 40,000","Termagant Swarm","","99","R","Near Mint","1.11","0.94","1.5700","0.2600","0","0","0.4300",""
"5814422","Magic","Universes Beyond: Warhammer 40,000","Terramorphic Expanse","","301","C","Near Mint","0.19","0.16","1.4000","0.0900","1","0","0.1500",""
"5811967","Magic","Universes Beyond: Warhammer 40,000","Tervigon","","100","R","Near Mint","1.52","1.51","2.5900","1.2800","0","0","1.3300",""
"5825433","Magic","Universes Beyond: Warhammer 40,000","The Golden Throne","","157","R","Near Mint","6.31","6.37","6.2400","6.2400","0","0","6.2800",""
"5814817","Magic","Universes Beyond: Warhammer 40,000","The Horus Heresy","","126","R","Near Mint","1.45","1.39","2.6100","1.3000","0","0","1.3300",""
"5817807","Magic","Universes Beyond: Warhammer 40,000","The Lost and the Damned","","129","U","Near Mint","6.84","7.26","6.8400","6.8400","0","0","5.6300",""
"5812017","Magic","Universes Beyond: Warhammer 40,000","The Red Terror","","83","R","Near Mint","4.48","4.56","5.0000","5.0000","0","0","5.0000",""
"5814917","Magic","Universes Beyond: Warhammer 40,000","The Ruinous Powers","","139","R","Near Mint","0.96","1.01","2.2300","0.9200","0","0","0.9200",""
"5821252","Magic","Universes Beyond: Warhammer 40,000","Their Name Is Death","","62","R","Near Mint","6.48","7.19","5.9900","5.9900","0","0","6.2400",""
"5821702","Magic","Universes Beyond: Warhammer 40,000","Thought Vessel","","259","C","Near Mint","2.43","2.35","3.1100","1.8000","0","0","1.9300",""
"5828425","Magic","Universes Beyond: Warhammer 40,000","Thunderhawk Gunship","","167","R","Near Mint","10.47","10.49","9.5800","9.5800","0","0","10.0300",""
"5821342","Magic","Universes Beyond: Warhammer 40,000","Tomb Fortress","","168","R","Near Mint","3.80","3.49","4.2900","2.9800","0","0","3.3900",""
"5827165","Magic","Universes Beyond: Warhammer 40,000","Triumph of Saint Katherine","","17","R","Near Mint","2.19","2.42","2.5600","1.2500","0","0","1.4400",""
"5827435","Magic","Universes Beyond: Warhammer 40,000","Ultramarines Honour Guard","","18","R","Near Mint","2.78","2.63","3.5600","2.2500","0","0","2.3600",""
"5827480","Magic","Universes Beyond: Warhammer 40,000","Vexilus Praetor","","19","R","Near Mint","10.18","10.47","10.1200","10.1200","0","0","9.5000",""
"5816547","Magic","Universes Beyond: Warhammer 40,000","Warstorm Surge","","209","R","Near Mint","0.95","0.95","2.0000","0.6900","0","0","0.7400",""
"4337892","Magic","Unsanctioned","Boomstacker","","49","R","Near Mint","0.18","0.17","1.4100","0.1000","1","0","0.1500",""
"19642","Magic","Urza's Destiny","Brass Secretary","","128","U","Near Mint","0.20","","1.4000","0.0900","0","0","0.1500",""
"19767","Magic","Urza's Destiny","Wall of Glare","","25","C","Near Mint","0.57","","1.6500","0.3400","1","0","0.3900",""
"19823","Magic","Urza's Legacy","Impending Disaster","","82","R","Near Mint","1.03","","2.3100","1.0000","0","0","1.0100",""
"20255","Magic","Urza's Saga","Abyssal Horror","","115","R","Near Mint","0.51","","1.6500","0.3400","1","0","0.3700",""
"20351","Magic","Urza's Saga","Fecundity","","251","U","Near Mint","0.89","","2.0100","0.7000","0","0","0.7400",""
"2488394","Magic","Urza's Saga","Gaea's Cradle","","321","R","Moderately Played - Japanese","637.99","","719.9800","719.9800","0","0","719.9800",""
"369658","Magic","Urza's Saga","Greater Good","","257","R","Lightly Played","5.45","","5.9000","5.9000","0","0","5.9000",""
"20477","Magic","Urza's Saga","Rumbling Crescendo","","210","R","Near Mint","0.80","","1.9000","0.5900","0","0","0.6300",""
"369808","Magic","Urza's Saga","Sunder","","101","R","Lightly Played","2.64","","3.9000","2.5900","0","0","2.6000",""
"19345","Magic","Visions","Goblin Recruiter","","","U","Near Mint","5.90","5.89","5.8200","4.5100","0","0","5.8600",""
"19418","Magic","Visions","Shrieking Drake","","","C","Near Mint","0.29","0.28","1.4100","0.1000","0","0","0.1500",""
"3989556","Magic","War of the Spark","Ajani, the Greathearted","","184","R","Near Mint","0.34","0.70","1.5000","0.1900","0","0","0.2200",""
"3990561","Magic","War of the Spark","Angrath, Captain of Chaos","","227","U","Near Mint","0.20","0.19","1.3900","0.0800","0","0","0.1500",""
"3989726","Magic","War of the Spark","Arlinn, Voice of the Pack","","150","U","Near Mint","0.18","0.20","1.3700","0.0600","1","0","0.1500",""
"4005505","Magic","War of the Spark","Bioessence Hydra","","186","R","Near Mint","0.16","0.16","1.3500","0.0400","0","0","0.1500",""
"3989962","Magic","War of the Spark","Bolas's Citadel","","79","R","Near Mint","13.02","15.70","13.0200","13.0200","0","0","13.0200",""
"4001330","Magic","War of the Spark","Bolt Bend","","115","U","Near Mint","3.38","3.87","2.8800","1.5500","0","0","2.8900",""
"4005478","Magic","War of the Spark","Casualties of War","","187","R","Near Mint","0.27","0.25","1.4100","0.1000","0","0","0.1500",""
"4001365","Magic","War of the Spark","Chandra, Fire Artisan","","119","R","Near Mint","0.25","","1.5000","0.1900","0","0","0.2000",""
"4005871","Magic","War of the Spark","Command the Dreadhorde","","82","R","Near Mint","0.34","0.37","1.5500","0.2400","0","0","0.2600",""
"4005208","Magic","War of the Spark","Contentious Plan","","46","C","Near Mint","0.42","","1.6500","0.3400","0","0","0.3600",""
"3990117","Magic","War of the Spark","Cruel Celebrant","","188","U","Near Mint","0.52","0.38","1.5700","0.2600","0","0","0.3100",""
"4001395","Magic","War of the Spark","Dovin, Hand of Control","","229","U","Near Mint","0.19","0.20","1.4000","0.0900","0","0","0.1500",""
"3989952","Magic","War of the Spark","Dovin's Veto","","193","U","Near Mint","2.13","2.54","2.6900","1.2800","0","0","1.4300",""
"3990369","Magic","War of the Spark","Dreadhorde Butcher","","194","R","Near Mint","0.24","","1.4900","0.1800","0","0","0.1900",""
"3989546","Magic","War of the Spark","Emergence Zone","","245","U","Near Mint","3.04","3.69","2.5900","0.6000","0","0","1.6100",""
"4005363","Magic","War of the Spark","Evolution Sage","","159","U","Near Mint","2.02","2.98","2.6000","1.2900","0","0","1.4300",""
"3990334","Magic","War of the Spark","Fblthp, the Lost","","50","R","Near Mint","0.17","0.14","1.3300","0.0200","0","0","0.1500",""
"4005790","Magic","War of the Spark","Finale of Glory","","12","M","Near Mint","1.73","2.19","2.1200","0.8100","1","0","0.9900",""
"4004500","Magic","War of the Spark","Firemind Vessel","","237","U","Near Mint","0.16","0.18","1.4100","0.1000","0","0","0.1500",""
"4006888","Magic","War of the Spark","Gateway Plaza","","246","C","Near Mint","0.12","0.05","1.3600","0.0500","2","0","0.1500",""
"4004449","Magic","War of the Spark","God-Eternal Kefnet","","53","M","Near Mint","3.13","4.98","2.7900","1.4800","0","0","2.2900",""
"3990477","Magic","War of the Spark","God-Pharaoh's Statue","","238","U","Near Mint","0.57","0.55","1.6500","0.3400","0","0","0.3900",""
"4005535","Magic","War of the Spark","Huatli, the Sun's Heart","","230","U","Near Mint","0.29","0.32","1.5100","0.2000","0","0","0.2200",""
"3989616","Magic","War of the Spark","Ignite the Beacon","","18","R","Near Mint","0.22","","1.4100","0.1000","1","0","0.1500",""
"4004091","Magic","War of the Spark","Ilharg, the Raze-Boar","","133","M","Near Mint","5.30","5.08","5.0800","5.0800","0","0","5.0800",""
"3989606","Magic","War of the Spark","Interplanar Beacon","","247","U","Near Mint","0.15","","1.3600","0.0500","1","0","0.1500",""
"3990284","Magic","War of the Spark","Jiang Yanggu, Wildcrafter","","164","U","Near Mint","0.20","0.20","1.3900","0.0800","0","0","0.1500",""
"3990007","Magic","War of the Spark","Karn's Bastion","","248","R","Near Mint","1.79","2.39","2.5800","1.2700","0","0","1.3800",""
"3990037","Magic","War of the Spark","Kiora, Behemoth Beckoner","","232","U","Near Mint","0.66","0.69","1.7500","0.3500","0","0","0.4900",""
"3997717","Magic","War of the Spark","Krenko, Tin Street Kingpin","","137","R","Near Mint","1.44","1.62","2.3600","1.0500","0","0","1.1300",""
"3989466","Magic","War of the Spark","Liliana, Dreadhorde General","","97","M","Near Mint","6.86","8.42","6.5000","3.5100","0","0","6.6800",""
"4004111","Magic","War of the Spark","Living Twister","","203","R","Near Mint","0.24","0.24","1.3800","0.0600","0","0","0.1500",""
"3997970","Magic","War of the Spark","Massacre Girl","","99","R","Near Mint","0.33","0.36","1.4700","0.1600","0","0","0.1900",""
"3998118","Magic","War of the Spark","Mizzium Tank","","138","R","Near Mint","0.13","0.11","1.3400","0.0300","2","0","0.1500",""
"3990304","Magic","War of the Spark","Mowu, Loyal Companion","","167","U","Near Mint","0.10","","1.3400","0.0300","1","0","0.1500",""
"4005810","Magic","War of the Spark","Narset, Parter of Veils","","61","U","Near Mint","0.68","0.79","1.5800","0.2700","0","0","0.3400",""
"4005373","Magic","War of the Spark","Nicol Bolas, Dragon-God","","207","M","Near Mint","3.62","4.76","3.9100","2.6000","0","0","3.0600",""
"4004101","Magic","War of the Spark","Nissa, Who Shakes the World","","169","R","Near Mint","2.33","2.63","2.7400","1.4300","0","0","1.6100",""
"4003990","Magic","War of the Spark","Nissa's Triumph","","170","U","Near Mint","0.14","","1.3500","0.0400","1","0","0.1500",""
"4005495","Magic","War of the Spark","Oath of Kaya","","209","R","Near Mint","0.22","0.26","1.3700","0.0600","0","0","0.1500",""
"3989922","Magic","War of the Spark","Paradise Druid","","171","U","Near Mint","0.15","0.19","1.3800","0.0700","3","0","0.1500",""
"4001355","Magic","War of the Spark","Parhelion II","","24","R","Near Mint Foil","3.55","3.17","4.0500","2.7400","0","0","3.1500",""
"3989526","Magic","War of the Spark","Ravnica at War","","28","R","Near Mint","0.43","0.50","1.6500","0.3400","0","0","0.3600",""
"4006838","Magic","War of the Spark","Return to Nature","","175","C","Near Mint","0.11","0.10","1.3800","0.0700","2","0","0.1500",""
"3997757","Magic","War of the Spark","Role Reversal","","214","R","Near Mint","0.31","0.25","1.4600","0.1500","0","0","0.1800",""
"4001405","Magic","War of the Spark","Saheeli, Sublime Artificer","","234","U","Near Mint","0.21","0.22","1.4100","0.1000","0","0","0.1500",""
"4004520","Magic","War of the Spark","Silent Submersible","","66","R","Near Mint","0.16","0.14","1.3500","0.0400","0","0","0.1500",""
"3990549","Magic","War of the Spark","Single Combat","","30","R","Near Mint","0.50","","1.6600","0.3500","0","0","0.3800",""
"3990426","Magic","War of the Spark","Sorin, Vengeful Bloodlord","","217","R","Near Mint","0.74","","1.6700","0.3600","0","0","0.4400",""
"4004291","Magic","War of the Spark","Spark Double","","68","R","Near Mint","6.55","8.40","7.0000","6.0100","0","0","6.2800",""
"4004349","Magic","War of the Spark","Tamiyo, Collector of Tales","","220","R","Near Mint","0.37","0.40","1.4900","0.1800","0","0","0.2200",""
"3990017","Magic","War of the Spark","Teferi, Time Raveler","","221","R","Near Mint","5.01","6.23","5.3800","3.3900","0","0","4.5400",""
"4005393","Magic","War of the Spark","The Elderspell","","89","R","Near Mint","0.30","0.34","1.4800","0.1700","0","0","0.2000",""
"3990077","Magic","War of the Spark","The Wanderer","","37","U","Near Mint","0.27","0.30","1.4300","0.1200","0","0","0.1500",""
"3989426","Magic","War of the Spark","Time Wipe","","223","R","Near Mint","0.12","0.12","1.4000","0.0900","0","0","0.1500",""
"3997611","Magic","War of the Spark","Tolsimir, Friend to Wolves","","224","R","Near Mint","0.30","","1.5100","0.2000","0","0","0.2200",""
"3997997","Magic","War of the Spark","Tomik, Distinguished Advokist","","34","R","Near Mint","0.17","0.14","1.3600","0.0500","0","0","0.1500",""
"4006899","Magic","War of the Spark","Wall of Runes","","75","C","Near Mint","0.07","","1.3200","0.0100","1","0","0.1500",""
"3989476","Magic","War of the Spark","Widespread Brutality","","226","R","Near Mint","0.67","0.84","1.6100","0.3000","0","0","0.3700",""
"19479","Magic","Weatherlight","Aura of Silence","","","U","Near Mint","3.61","","4.7400","2.7500","0","0","3.4200",""
"368839","Magic","Weatherlight","Mana Web","","","R","Lightly Played","11.91","","11.1400","11.1400","0","0","11.5300",""
"19564","Magic","Weatherlight","Mischievous Poltergeist","","","U","Near Mint","0.70","0.79","1.5000","0.1900","1","0","0.2900",""
"19576","Magic","Weatherlight","Paradigm Shift","","","R","Near Mint","5.95","6.97","6.5800","6.5800","0","0","6.5800",""
"368857","Magic","Weatherlight","Paradigm Shift","","","R","Lightly Played","5.15","5.45","5.1000","3.1100","0","0","4.1300",""
"353099","Magic","Weatherlight","Paradigm Shift","","","R","Heavily Played","3.76","","5.0200","3.7100","1","0","3.7300",""
"3105096","Magic","Welcome Deck 2016","Soul of the Harvest","","16","R","Near Mint","0.81","","2.1200","0.8100","0","0","0.8100",""
"7364097","Magic","Wilds of Eldraine","Agatha's Soul Cauldron","","242","M","Near Mint","21.91","20.99","21.9800","20.9900","0","0","21.2700",""
"7364102","Magic","Wilds of Eldraine","Agatha's Soul Cauldron","","242","M","Near Mint Foil","32.56","32.93","32.5500","32.5500","0","0","32.5500",""
"7371785","Magic","Wilds of Eldraine","Asinine Antics (Extended Art)","","330","M","Near Mint","1.32","1.30","2.0600","0.7500","0","0","0.8600",""
"7359432","Magic","Wilds of Eldraine","Blossoming Tortoise","","163","M","Near Mint","4.80","5.91","5.3100","4.0000","0","0","4.4600",""
"7359072","Magic","Wilds of Eldraine","Kellan, the Fae-Blooded (Showcase)","","291","M","Near Mint","7.74","7.80","6.9800","6.9800","0","0","7.3800",""
"7363197","Magic","Wilds of Eldraine","Lich-Knights' Conquest (Extended Art)","","338","R","Near Mint","1.32","1.31","2.3900","1.0800","0","0","1.1300",""
"7391342","Magic","Wilds of Eldraine","Quick Study","","65","C","Near Mint","0.17","0.08","1.4100","0.1000","2","0","0.1500",""
"7376676","Magic","Wilds of Eldraine","Raging Battle Mouse","","143","R","Near Mint","0.17","0.14","1.3600","0.0500","0","0","0.1500",""
"7374328","Magic","Wilds of Eldraine","Royal Treatment","","183","U","Near Mint","0.39","0.37","1.5400","0.2300","0","0","0.2600",""
"7383614","Magic","Wilds of Eldraine","Sleep-Cursed Faerie (Extended Art)","","334","R","Near Mint Foil","1.82","1.40","2.2900","0.9800","1","0","1.1500",""
"7359342","Magic","Wilds of Eldraine","Stroke of Midnight","","33","U","Near Mint","0.57","0.50","1.6100","0.3000","0","0","0.3600",""
"7359347","Magic","Wilds of Eldraine","Stroke of Midnight","","33","U","Near Mint Foil","0.60","0.68","1.7000","0.3900","0","0","0.4300",""
"7368837","Magic","Wilds of Eldraine","The Apprentice's Folly","","200","R","Near Mint","0.21","0.10","1.4600","0.1500","1","0","0.1600",""
"7368442","Magic","Wilds of Eldraine","Virtue of Persistence","","115","M","Near Mint Foil","8.02","9.89","7.9100","7.9100","0","0","4.0100",""
"7358302","Magic","Wilds of Eldraine","Will, Scion of Peace","","218","M","Near Mint","0.59","0.55","1.8000","0.4900","0","0","0.5100",""
"7379556","Magic","Wilds of Eldraine","Yenna, Redtooth Regent","","219","R","Near Mint","1.21","1.50","1.8400","0.3500","0","0","0.5100",""
"7333930","Magic","Wilds of Eldraine: Enchanting Tales","Aggravated Assault (Anime Borderless)","","76","R","Near Mint","13.46","15.33","14.0000","14.0000","0","0","14.0000",""
"7378751","Magic","Wilds of Eldraine: Enchanting Tales","Karmic Justice (Anime Borderless)","","65","R","Near Mint","1.48","1.82","2.2100","0.9000","0","0","1.0200",""
"7333191","Magic","Wilds of Eldraine: Enchanting Tales","Necropotence","","31","M","Near Mint","16.65","17.45","17.9900","17.9900","0","0","18.0000",""
"7365964","Magic","Wilds of Eldraine: Enchanting Tales","Oppression","","32","R","Near Mint","1.18","1.93","2.0200","0.7100","0","0","0.8100",""
"7401962","Magic","Wilds of Eldraine: Enchanting Tales","Primal Vigor","","59","R","Near Mint","7.03","7.01","6.8100","5.5000","0","0","6.9400",""
"7401797","Magic","Wilds of Eldraine: Enchanting Tales","Waste Not","","38","R","Near Mint Foil","7.61","7.70","6.5000","5.0000","0","0","6.3500",""
"383594","Magic","Worldwake","Bojuka Bog","","132","C","Lightly Played","0.75","1.35","1.9500","0.6400","0","0","0.6600",""
"382542","Magic","Worldwake","Explore","","99","C","Near Mint","0.28","","1.4600","0.1500","0","0","0.1800",""
"383557","Magic","Worldwake","Explore","","99","C","Lightly Played","0.25","0.21","1.4800","0.1700","1","0","0.1700",""
"382613","Magic","Worldwake","Kor Firewalker","","11","U","Near Mint","0.20","","1.3600","0.0500","1","0","0.1500",""
"382586","Magic","Worldwake","Nature's Claim","","108","C","Near Mint","0.80","0.89","1.9600","0.6500","0","0","0.6800",""
"383601","Magic","Worldwake","Nature's Claim","","108","C","Lightly Played","0.70","0.70","1.9500","0.6400","0","0","0.6500",""
"382572","Magic","Worldwake","Rest for the Weary","","18","C","Near Mint","0.18","","1.4100","0.1000","0","0","0.1500",""
"382626","Magic","Worldwake","Ricochet Trap","","87","U","Near Mint","0.49","0.48","1.6600","0.3500","1","0","0.3800",""
"5136342","Magic","WPN & Gateway Promos","Bolas's Citadel (Retro Frame)","","3","R","Near Mint Foil","5.94","6.00","5.8100","4.5000","0","0","6.0300",""
"5459893","Magic","WPN & Gateway Promos","Conjurer's Closet","","1","R","Near Mint Foil","7.07","","7.0600","7.0600","0","0","7.0600",""
"7029687","Magic","WPN & Gateway Promos","Norn's Annex (Phyrexian)","","1","P","Near Mint Foil","2.64","2.69","3.9800","2.6700","0","0","2.6700",""
"8585344","Magic","WPN & Gateway Promos","Rishkar's Expertise (Retro Frame)","","1","P","Near Mint Foil","3.51","","4.7000","3.3900","0","0","3.4500",""
"8014058","Magic","WPN & Gateway Promos","Sakura-Tribe Elder","","1","P","Near Mint Foil","3.50","4.25","3.8000","2.4900","0","0","2.9800",""
"5136352","Magic","WPN & Gateway Promos","Scavenging Ooze (Retro Frame)","","5","P","Near Mint Foil","0.39","0.43","1.5200","0.2100","1","0","0.2500",""
"5721738","Magic","WPN & Gateway Promos","Sol Ring (Retro Frame)","","1","P","Near Mint Foil","6.74","7.00","6.6500","5.3400","0","0","6.0400",""
"5586212","Magic","WPN & Gateway Promos","Swiftfoot Boots","","1","P","Near Mint Foil","1.68","","2.7100","1.4000","0","0","1.4600",""
"378875","Magic","Zendikar","Archive Trap","","41","R","Lightly Played","2.00","2.99","2.3100","1.0000","0","0","1.2000",""
"315223","Magic","Zendikar","Archmage Ascension","","42","R","Near Mint","3.30","","4.0100","2.7000","0","0","3.0000",""
"315240","Magic","Zendikar","Cosi's Trickster","","45","R","Near Mint","0.43","","1.7000","0.3900","0","0","0.4000",""
"315366","Magic","Zendikar","Greenweaver Druid","","164","U","Near Mint","0.27","0.30","1.4300","0.1200","1","0","0.1500",""
"315214","Magic","Zendikar","Harrow","","165","C","Near Mint","0.33","","1.5400","0.2300","1","0","0.2500",""
"315163","Magic","Zendikar","Hedron Crab","","47","U","Near Mint","3.15","3.12","3.8100","1.8200","0","0","2.4800",""
"315140","Magic","Zendikar","Kor Duelist","","19","U","Near Mint","0.16","","1.3600","0.0500","1","0","0.1500",""
"315362","Magic","Zendikar","Lotus Cobra","","168","M","Near Mint","10.89","","10.7100","9.4000","0","0","10.3000",""
"315213","Magic","Zendikar","Lullmage Mentor","","54","R","Near Mint","1.98","","3.1600","1.8500","0","0","1.8800",""
"315207","Magic","Zendikar","Sea Gate Loremaster","","63","R","Near Mint","4.82","","5.0000","5.0000","1","0","5.0000",""
"315174","Magic","Zendikar","Trailblazer's Boots","","208","U","Near Mint","2.29","2.89","2.6800","1.3700","2","0","1.5600",""
"4573897","Magic","Zendikar Rising","Ancient Greenwarden","","178","M","Near Mint","9.83","12.18","11.2900","11.2900","0","0","11.3000",""
"4557172","Magic","Zendikar Rising","Archon of Emeria (Extended Art)","","315","R","Near Mint Foil","2.59","","3.5400","2.2300","0","0","2.3000",""
"4550243","Magic","Zendikar Rising","Bala Ged Recovery","","180","U","Near Mint","4.89","4.19","5.2100","5.2100","0","0","5.2100",""
"4576067","Magic","Zendikar Rising","Charix, the Raging Isle","","49","R","Near Mint","0.33","0.34","1.5100","0.2000","0","0","0.2300",""
"4581435","Magic","Zendikar Rising","Cliffhaven Kitesail","","243","C","Near Mint","0.07","","1.3600","0.0500","1","0","0.1500",""
"4563790","Magic","Zendikar Rising","Disenchant","","10","C","Near Mint","0.08","","1.3700","0.0600","3","0","0.1500",""
"4555547","Magic","Zendikar Rising","Emeria's Call","","12","M","Near Mint","2.23","2.25","2.9000","1.5900","0","0","1.7200",""
"4571907","Magic","Zendikar Rising","Felidar Retreat (Showcase)","","292","R","Near Mint","1.37","1.34","2.3100","1.0000","0","0","1.0500",""
"4567667","Magic","Zendikar Rising","Forsaken Monument","","244","M","Near Mint","3.47","3.56","3.9900","2.6800","0","0","3.0800",""
"4573187","Magic","Zendikar Rising","Forsaken Monument (Extended Art)","","374","M","Near Mint","6.43","8.97","6.4300","6.4300","0","0","6.4800",""
"4573377","Magic","Zendikar Rising","Glasspool Mimic","","60","R","Near Mint","4.65","4.90","5.0400","3.7300","0","0","5.0300",""
"4569107","Magic","Zendikar Rising","Lithoform Engine","","245","M","Near Mint","6.47","6.65","6.2600","4.9500","0","0","5.7300",""
"4569517","Magic","Zendikar Rising","Maddening Cacophony","","67","R","Near Mint","6.77","6.88","6.7500","5.5000","0","0","6.8800",""
"4569522","Magic","Zendikar Rising","Maddening Cacophony","","67","R","Near Mint Foil","6.95","","7.1400","7.1400","0","0","7.1100",""
"4561420","Magic","Zendikar Rising","Makindi Stampede","","26","U","Near Mint","0.16","0.08","1.3700","0.0600","2","0","0.1500",""
"4549863","Magic","Zendikar Rising","Nighthawk Scavenger (Extended Art)","","341","R","Near Mint","1.23","","2.3100","1.0000","0","0","0.9000",""
"4543138","Magic","Zendikar Rising","Riverglide Pathway (Borderless)","","289","R","Near Mint","3.29","3.22","3.9000","2.5900","0","0","2.9200",""
"4556577","Magic","Zendikar Rising","Roiling Regrowth","","201","U","Near Mint","0.26","0.26","1.5100","0.2000","0","0","0.2100",""
"4545338","Magic","Zendikar Rising","Ruin Crab","","75","U","Near Mint","1.28","1.24","2.4000","1.0900","0","0","1.1400",""
"4571097","Magic","Zendikar Rising","Scute Swarm (Showcase)","","308","R","Near Mint","5.34","5.43","5.3800","5.3800","0","0","5.3800",""
"4569222","Magic","Zendikar Rising","Skyclave Relic","","252","R","Near Mint Foil","1.07","0.99","2.3000","0.9900","0","0","1.0100",""
"4539307","Magic","Zendikar Rising","Valakut Awakening","","174","R","Near Mint","11.33","11.32","10.9900","9.0100","0","0","10.1500",""
"4559304","Magic","Zendikar Rising Expeditions","Sea of Clouds","","16","M","Near Mint","17.25","34.81","18.1800","17.1900","0","0","17.2200",""
"4559229","Magic","Zendikar Rising Expeditions","Seachrome Coast","","11","M","Near Mint","5.05","3.99","4.2000","2.8900","0","0","3.9700",""
"462723","Pokemon","Base Set","Revive","","089/102","Uncommon","Near Mint","2.20","2.49","2.8900","1.5800","0","0","1.7000",""
"450728","Pokemon","Jungle","Mankey","","55/64","Common","Lightly Played Unlimited","0.24","0.21","1.4500","0.1300","0","0","0.1500",""
